<InformatieObjectVersieMetadata schemaversie="1.3.0" xmlns="https://standaarden.overheid.nl/stop/imop/data/">
    <heeftBestanden>
        <heeftBestand>
            <Bestand>
                <bestandsnaam>GIO-0b2a644a.gml</bestandsnaam>
                <hash>d0545da083b29d1da0f3672a3303f2ccfb42628a788fae498a24ca731268857fe24e546d3ec30083530287e8d0cf248a386c9444fe4f225fcb2b4766e03fade8</hash>
            </Bestand>
        </heeftBestand>
    </heeftBestanden>
    <heeftGeboorteregeling>/akn/nl/act/pv28/2024/ZHOV</heeftGeboorteregeling>
</InformatieObjectVersieMetadata>