<InformatieObjectVersieMetadata schemaversie="1.3.0" xmlns="https://standaarden.overheid.nl/stop/imop/data/">
    <heeftBestanden>
        <heeftBestand>
            <Bestand>
                <bestandsnaam>GIO-928e64bf.gml</bestandsnaam>
                <hash>6c3a00b97be7b069d00619cfe23b9bfd92db1b14ed74e0470b0ca8cc086020cbe5d96c38c2cf791100d4fd67fc60a565c8884056866c3100d0db4beba089ceee</hash>
            </Bestand>
        </heeftBestand>
    </heeftBestanden>
    <heeftGeboorteregeling>/akn/nl/act/pv28/2024/ZHOV</heeftGeboorteregeling>
</InformatieObjectVersieMetadata>