<InformatieObjectVersieMetadata schemaversie="1.3.0" xmlns="https://standaarden.overheid.nl/stop/imop/data/">
    <heeftBestanden>
        <heeftBestand>
            <Bestand>
                <bestandsnaam>GIO-dcc03683.gml</bestandsnaam>
                <hash>d0b8a33c2a8fcf79a87d36ee4d2287580a18652d53635bd35c7d02980c9037500a80dfaebe7da98417748d23d5c61ab745a0630ab2bc7fe8f4ccb12ca8fa6b87</hash>
            </Bestand>
        </heeftBestand>
    </heeftBestanden>
    <heeftGeboorteregeling>/akn/nl/act/pv28/2024/ZHOV</heeftGeboorteregeling>
</InformatieObjectVersieMetadata>