<InformatieObjectVersieMetadata schemaversie="1.3.0" xmlns="https://standaarden.overheid.nl/stop/imop/data/">
    <heeftBestanden>
        <heeftBestand>
            <Bestand>
                <bestandsnaam>GIO-bba7f2b6.gml</bestandsnaam>
                <hash>fd4312fd467054c1bf944cd65e7a0161bb46181e3db45076b357a7b53a800c94ea9e634cc3dbe1d1d5c473a7ca8e2e815aaebfa8df71d5470325fbd3f2828a6a</hash>
            </Bestand>
        </heeftBestand>
    </heeftBestanden>
    <heeftGeboorteregeling>/akn/nl/act/pv28/2024/ZHOV</heeftGeboorteregeling>
</InformatieObjectVersieMetadata>