<InformatieObjectVersieMetadata schemaversie="1.3.0" xmlns="https://standaarden.overheid.nl/stop/imop/data/">
    <heeftBestanden>
        <heeftBestand>
            <Bestand>
                <bestandsnaam>GIO-16d082e8.gml</bestandsnaam>
                <hash>b2ebc6ccc52c96b91a34ba305917b83ada57df73f739a3984e9643fc932a2695b43a7cb77ba3e56b1d7522b2c60b33a6a5efcd92b320bd2e10587d494617a3e7</hash>
            </Bestand>
        </heeftBestand>
    </heeftBestanden>
    <heeftGeboorteregeling>/akn/nl/act/pv28/2024/ZHOV</heeftGeboorteregeling>
</InformatieObjectVersieMetadata>