<InformatieObjectVersieMetadata schemaversie="1.3.0" xmlns="https://standaarden.overheid.nl/stop/imop/data/">
    <heeftBestanden>
        <heeftBestand>
            <Bestand>
                <bestandsnaam>GIO-36f8d546.gml</bestandsnaam>
                <hash>db2639224f96d5283cdac0c80776fd0b358b40428540b4365c5505cd3fb0f8d63f8f8d814862c1051df8a1f6c29cb6f64d2608a85c0d8fc0e79570f653f3f2e4</hash>
            </Bestand>
        </heeftBestand>
    </heeftBestanden>
    <heeftGeboorteregeling>/akn/nl/act/pv28/2024/ZHOV</heeftGeboorteregeling>
</InformatieObjectVersieMetadata>