<InformatieObjectVersieMetadata schemaversie="1.3.0" xmlns="https://standaarden.overheid.nl/stop/imop/data/">
    <heeftBestanden>
        <heeftBestand>
            <Bestand>
                <bestandsnaam>GIO-1bbec406.gml</bestandsnaam>
                <hash>f3a4947add19a38f95fb885f6a3e4f2fd0a8dc8ef6f027a3285a3069b8bd83d6a26668baf4ab64f9fb3274de5336b5a179b265cf76ca89683120ed13f0dde7ff</hash>
            </Bestand>
        </heeftBestand>
    </heeftBestanden>
    <heeftGeboorteregeling>/akn/nl/act/pv28/2024/ZHOV</heeftGeboorteregeling>
</InformatieObjectVersieMetadata>