<InformatieObjectVersieMetadata schemaversie="1.3.0" xmlns="https://standaarden.overheid.nl/stop/imop/data/">
    <heeftBestanden>
        <heeftBestand>
            <Bestand>
                <bestandsnaam>GIO-45d43fa4.gml</bestandsnaam>
                <hash>efd6f4044b26fc9759fc66f8758b46fe1afccfe5a914a598087f0a8c906aadfec828bd4259030e0ccabe97e072349176898aa4497b4b3610392470b40114b3cb</hash>
            </Bestand>
        </heeftBestand>
    </heeftBestanden>
    <heeftGeboorteregeling>/akn/nl/act/pv28/2024/ZHOV</heeftGeboorteregeling>
</InformatieObjectVersieMetadata>