<InformatieObjectVersieMetadata schemaversie="1.3.0" xmlns="https://standaarden.overheid.nl/stop/imop/data/">
    <heeftBestanden>
        <heeftBestand>
            <Bestand>
                <bestandsnaam>GIO-33a53919.gml</bestandsnaam>
                <hash>5c9ef60b1d498de256df1adbc9d32c0863c9ba0cf89b11180117a337a2b962444bed55d037ecf9b34a17867b658ab5df35415dc422480ca48e8c931d1c6653be</hash>
            </Bestand>
        </heeftBestand>
    </heeftBestanden>
    <heeftGeboorteregeling>/akn/nl/act/pv28/2024/ZHOV</heeftGeboorteregeling>
</InformatieObjectVersieMetadata>