<InformatieObjectVersieMetadata schemaversie="1.3.0" xmlns="https://standaarden.overheid.nl/stop/imop/data/">
    <heeftBestanden>
        <heeftBestand>
            <Bestand>
                <bestandsnaam>GIO-01419dc4.gml</bestandsnaam>
                <hash>e91a353b13c07a08045a594e57bddc53d6cf53cd10ad5d0a2226d72edcd729e53e0e79c533aa2eb9163317566f14092436d04e5c7d06a094e9ab25749fd877e6</hash>
            </Bestand>
        </heeftBestand>
    </heeftBestanden>
    <heeftGeboorteregeling>/akn/nl/act/pv28/2024/ZHOV</heeftGeboorteregeling>
</InformatieObjectVersieMetadata>