<InformatieObjectVersieMetadata schemaversie="1.3.0" xmlns="https://standaarden.overheid.nl/stop/imop/data/">
    <heeftBestanden>
        <heeftBestand>
            <Bestand>
                <bestandsnaam>GIO-6d18277e.gml</bestandsnaam>
                <hash>1546bfc8682d25da5d9c589e2975ac765cddb5ad32b28c78262e475755deffead4e833db23e4eccc847ec2f02400c17f852e95a2d071891119ba006227269851</hash>
            </Bestand>
        </heeftBestand>
    </heeftBestanden>
    <heeftGeboorteregeling>/akn/nl/act/pv28/2024/ZHOV</heeftGeboorteregeling>
</InformatieObjectVersieMetadata>