<data:RegelingMetadata xmlns:data="https://standaarden.overheid.nl/stop/imop/data/"
                       xmlns:lvbbu="https://standaarden.overheid.nl/lvbb/stop/uitlevering/">
   <data:eindverantwoordelijke>/tooi/id/gemeente/gm9920</data:eindverantwoordelijke>
   <data:maker>/tooi/id/gemeente/gm9920</data:maker>
   <data:officieleTitel>Officiele titel van de regeling</data:officieleTitel>
   <data:onderwerpen>
      <data:onderwerp>/tooi/def/concept/c_9d1917e9</data:onderwerp>
   </data:onderwerpen>
   <data:soortRegeling>/join/id/stop/regelingtype_003</data:soortRegeling>
   <data:soortBestuursorgaan>/tooi/def/thes/kern/c_2a7d8663</data:soortBestuursorgaan>
</data:RegelingMetadata>
