<tekst:RegelingCompact xmlns:lvbbu="https://standaarden.overheid.nl/lvbb/stop/uitlevering/"
                       xmlns:tekst="https://standaarden.overheid.nl/stop/imop/tekst/">
   <tekst:RegelingOpschrift eId="longTitle" wId="longTitle">
      <tekst:Al>Officiele titel van de regeling</tekst:Al>
   </tekst:RegelingOpschrift>
   <tekst:Lichaam eId="body" wId="body">
      <tekst:Hoofdstuk eId="chp_1" wId="gm9920_1__chp_1">
         <tekst:Kop>
            <tekst:Label>Hoofdstuk</tekst:Label>
            <tekst:Nummer>1</tekst:Nummer>
            <tekst:Opschrift>Hoofdstuk 1</tekst:Opschrift>
         </tekst:Kop>
         <tekst:Artikel eId="chp_1__art_1" wId="gm9920_1__chp_1__art_1">
            <tekst:Kop>
               <tekst:Label>Artikel</tekst:Label>
               <tekst:Nummer>1</tekst:Nummer>
               <tekst:Opschrift>Artikel 1</tekst:Opschrift>
            </tekst:Kop>
            <tekst:Inhoud>
               <tekst:Al>Inhoud van artikel 1 binnen hoofdstuk 1 binnen lichaam</tekst:Al>
            </tekst:Inhoud>
         </tekst:Artikel>
      </tekst:Hoofdstuk>
   </tekst:Lichaam>
   <tekst:Bijlage eId="cmp_ebc1" wId="gm9920_1__cmp_ebc1">
      <tekst:Kop>
         <tekst:Label>Bijlage</tekst:Label>
         <tekst:Nummer>I</tekst:Nummer>
         <tekst:Opschrift>Overzicht Informatieobjecten en/of Plaatjes</tekst:Opschrift>
      </tekst:Kop>
      <tekst:Divisietekst eId="cmp_ebc1__content_1" wId="gm9920_1__cmp_ebc1__content_1">
         <tekst:Inhoud>
            <tekst:Al>Het volgende informatie-object wordt vastgesteld:</tekst:Al>
            <tekst:Al>Informatie-object <tekst:ExtIoRef eId="cmp_ebc1__content_1__ref_1"
                               ref="/join/id/regdata/gm9920/2025/IO_2025031919_4952649_1-gio-1/nld@2025-03-19;1"
                               wId="gm9920_1__cmp_ebc1__content_1__ref_1">/join/id/regdata/gm9920/2025/IO_2025031919_4952649_1-gio-1/nld@2025-03-19;1</tekst:ExtIoRef>
            </tekst:Al>
         </tekst:Inhoud>
      </tekst:Divisietekst>
      <tekst:Divisietekst eId="cmp_ebc1__content_2" wId="gm9920_1__cmp_ebc1__content_2">
         <tekst:Inhoud>
            <tekst:Al>Het volgende informatie-object wordt vastgesteld:</tekst:Al>
            <tekst:Al>Informatie-object <tekst:ExtIoRef eId="cmp_ebc1__content_2__ref_1"
                               ref="/join/id/regdata/gm9920/2025/IO_2025031919_4952649_1-consolideren-1/nld@2025-03-19;1"
                               wId="gm9920_1__cmp_ebc1__content_2__ref_1">/join/id/regdata/gm9920/2025/IO_2025031919_4952649_1-consolideren-1/nld@2025-03-19;1</tekst:ExtIoRef>
            </tekst:Al>
         </tekst:Inhoud>
      </tekst:Divisietekst>
      <tekst:Divisietekst eId="cmp_ebc1__content_jpg_plaatjes"
                          wId="gm9920_1__cmp_ebc1__content_jpg_plaatjes">
         <tekst:Inhoud>
            <tekst:Al>De volgende plaatjes (jpg) worden gebruikt:</tekst:Al>
            <tekst:Figuur eId="cmp_ebc1__content_jpg_plaatjes__img_1"
                          wId="gm9920_1__cmp_ebc1__content_jpg_plaatjes__img_1">
               <tekst:Illustratie breedte="70"
                                  dpi="90"
                                  formaat="image/jpeg"
                                  hoogte="21"
                                  naam="jpg-plaatje-1.jpg"
                                  uitlijning="center"/>
            </tekst:Figuur>
         </tekst:Inhoud>
      </tekst:Divisietekst>
   </tekst:Bijlage>
</tekst:RegelingCompact>
