<InformatieObjectVersieMetadata schemaversie="1.3.0" xmlns="https://standaarden.overheid.nl/stop/imop/data/">
    <heeftBestanden>
        <heeftBestand>
            <Bestand>
                <bestandsnaam>GIO-308f15b7.gml</bestandsnaam>
                <hash>308adee6367695e57f7fa7cc9cb76b763d46194aec93b3941e91b19f898bd9c2644c765fbaecd4a2581d2d308b60ff92e90896ff2e9acd74a673573f124e7afc</hash>
            </Bestand>
        </heeftBestand>
    </heeftBestanden>
    <heeftGeboorteregeling>/akn/nl/act/pv28/2024/ZHOV</heeftGeboorteregeling>
</InformatieObjectVersieMetadata>