<InformatieObjectVersieMetadata schemaversie="1.3.0" xmlns="https://standaarden.overheid.nl/stop/imop/data/">
    <heeftBestanden>
        <heeftBestand>
            <Bestand>
                <bestandsnaam>GIO-f3887e3c.gml</bestandsnaam>
                <hash>d9dfd630569148b5f3efc007fd507d2183e838f4b15461e6716131131bd619d3b4b1c8c0abb7befd50e3bed57b0d0621a9da4a46c213745574d542a5eef7a689</hash>
            </Bestand>
        </heeftBestand>
    </heeftBestanden>
    <heeftGeboorteregeling>/akn/nl/act/pv28/2024/ZHOV</heeftGeboorteregeling>
</InformatieObjectVersieMetadata>