<InformatieObjectVersieMetadata schemaversie="1.3.0" xmlns="https://standaarden.overheid.nl/stop/imop/data/">
    <heeftBestanden>
        <heeftBestand>
            <Bestand>
                <bestandsnaam>GIO-78988d0e.gml</bestandsnaam>
                <hash>f03c58b7f3a677c762e1a4cad448fe83e64b4c6dffb42bb39a297a0b764a2e5f49c0f17819b53e82c77a445e5c1429ba4d06bc0f264f0ecff1b699f2d512b308</hash>
            </Bestand>
        </heeftBestand>
    </heeftBestanden>
    <heeftGeboorteregeling>/akn/nl/act/pv28/2024/ZHOV</heeftGeboorteregeling>
</InformatieObjectVersieMetadata>