<?xml version="1.0" encoding="UTF-8" standalone="yes"?>
<Pakbon schemaversie="1.3.0" xmlns="https://standaarden.overheid.nl/stop/imop/uitwisseling/" xmlns:rol="http://www.geostandaarden.nl/imow/regelsoplocatie" xmlns:xsi="http://www.w3.org/2001/XMLSchema-instance">
    <Component>
        <FRBRWork>/akn/nl/act/gm9920/2025/R_2025031919_4952649</FRBRWork>
        <FRBRExpression>/akn/nl/act/gm9920/2025/R_2025031919_4952649/nld@1</FRBRExpression>
        <soortWork>/join/id/stop/work_019</soortWork>
        <heeftModule>
            <Module>
                <localName>ExpressionIdentificatie</localName>
                <namespace>https://standaarden.overheid.nl/stop/imop/data/</namespace>
                <bestandsnaam>Regeling/Identificatie.xml</bestandsnaam>
                <mediatype>application/xml</mediatype>
                <schemaversie>1.3.0</schemaversie>
            </Module>
            <Module>
                <localName>RegelingVersieMetadata</localName>
                <namespace>https://standaarden.overheid.nl/stop/imop/data/</namespace>
                <bestandsnaam>Regeling/VersieMetadata.xml</bestandsnaam>
                <mediatype>application/xml</mediatype>
                <schemaversie>1.3.0</schemaversie>
            </Module>
            <Module>
                <localName>RegelingCompact</localName>
                <namespace>https://standaarden.overheid.nl/stop/imop/tekst/</namespace>
                <bestandsnaam>Regeling/Tekst.xml</bestandsnaam>
                <mediatype>application/xml</mediatype>
                <schemaversie>1.3.0</schemaversie>
            </Module>
            <Module>
                <localName>RegelingMetadata</localName>
                <namespace>https://standaarden.overheid.nl/stop/imop/data/</namespace>
                <bestandsnaam>Regeling/Metadata.xml</bestandsnaam>
                <mediatype>application/xml</mediatype>
                <schemaversie>1.3.0</schemaversie>
            </Module>
            <Module>
                <localName>Momentopname</localName>
                <namespace>https://standaarden.overheid.nl/stop/imop/data/</namespace>
                <bestandsnaam>Regeling/Momentopname.xml</bestandsnaam>
                <mediatype>application/xml</mediatype>
                <schemaversie>1.3.0</schemaversie>
            </Module>
            <Module>
                <localName>Aanleveringen</localName>
                <namespace>http://www.geostandaarden.nl/bestanden-ow/manifest-ow</namespace>
                <bestandsnaam>OW-bestanden/manifest-ow.xml</bestandsnaam>
                <mediatype>application/xml</mediatype>
                <schemaversie>1.3.0</schemaversie>
            </Module>
        </heeftModule>
        <heeftBestand>
            <Bestand>
                <bestandsnaam>Regeling/jpg-plaatje-1.jpg</bestandsnaam>
                <mediatype>image/jpeg</mediatype>
            </Bestand>
        </heeftBestand>
    </Component>
    <Component>
        <FRBRWork>/join/id/regdata/gm9920/2025/IO_2025031919_4952649_1-gio-1</FRBRWork>
        <FRBRExpression>/join/id/regdata/gm9920/2025/IO_2025031919_4952649_1-gio-1/nld@2025-03-19;1</FRBRExpression>
        <soortWork>/join/id/stop/work_010</soortWork>
        <heeftModule>
            <Module>
                <localName>GeoInformatieObjectVersie</localName>
                <namespace>https://standaarden.overheid.nl/stop/imop/data/</namespace>
                <bestandsnaam>IO-8a639521-a2b1-3c9d-9dd2-ddfe4c7d5b4e/gio-1.gml</bestandsnaam>
                <mediatype>application/gml+xml</mediatype>
                <schemaversie>1.3.0</schemaversie>
            </Module>
            <Module>
                <localName>ExpressionIdentificatie</localName>
                <namespace>https://standaarden.overheid.nl/stop/imop/data/</namespace>
                <bestandsnaam>IO-8a639521-a2b1-3c9d-9dd2-ddfe4c7d5b4e/Identificatie.xml</bestandsnaam>
                <mediatype>application/xml</mediatype>
                <schemaversie>1.3.0</schemaversie>
            </Module>
            <Module>
                <localName>InformatieObjectVersieMetadata</localName>
                <namespace>https://standaarden.overheid.nl/stop/imop/data/</namespace>
                <bestandsnaam>IO-8a639521-a2b1-3c9d-9dd2-ddfe4c7d5b4e/VersieMetadata.xml</bestandsnaam>
                <mediatype>application/xml</mediatype>
                <schemaversie>1.3.0</schemaversie>
            </Module>
            <Module>
                <localName>InformatieObjectMetadata</localName>
                <namespace>https://standaarden.overheid.nl/stop/imop/data/</namespace>
                <bestandsnaam>IO-8a639521-a2b1-3c9d-9dd2-ddfe4c7d5b4e/Metadata.xml</bestandsnaam>
                <mediatype>application/xml</mediatype>
                <schemaversie>1.3.0</schemaversie>
            </Module>
            <Module>
                <localName>Momentopname</localName>
                <namespace>https://standaarden.overheid.nl/stop/imop/data/</namespace>
                <bestandsnaam>IO-8a639521-a2b1-3c9d-9dd2-ddfe4c7d5b4e/Momentopname.xml</bestandsnaam>
                <mediatype>application/xml</mediatype>
                <schemaversie>1.3.0</schemaversie>
            </Module>
        </heeftModule>
    </Component>
    <Component>
        <FRBRWork>/join/id/regdata/gm9920/2025/IO_2025031919_4952649_1-consolideren-1</FRBRWork>
        <FRBRExpression>/join/id/regdata/gm9920/2025/IO_2025031919_4952649_1-consolideren-1/nld@2025-03-19;1</FRBRExpression>
        <soortWork>/join/id/stop/work_010</soortWork>
        <heeftModule>
            <Module>
                <localName>ExpressionIdentificatie</localName>
                <namespace>https://standaarden.overheid.nl/stop/imop/data/</namespace>
                <bestandsnaam>IO-9cb89b53-b554-3b6b-b1f1-c165b48e4363/Identificatie.xml</bestandsnaam>
                <mediatype>application/xml</mediatype>
                <schemaversie>1.3.0</schemaversie>
            </Module>
            <Module>
                <localName>InformatieObjectVersieMetadata</localName>
                <namespace>https://standaarden.overheid.nl/stop/imop/data/</namespace>
                <bestandsnaam>IO-9cb89b53-b554-3b6b-b1f1-c165b48e4363/VersieMetadata.xml</bestandsnaam>
                <mediatype>application/xml</mediatype>
                <schemaversie>1.3.0</schemaversie>
            </Module>
            <Module>
                <localName>InformatieObjectMetadata</localName>
                <namespace>https://standaarden.overheid.nl/stop/imop/data/</namespace>
                <bestandsnaam>IO-9cb89b53-b554-3b6b-b1f1-c165b48e4363/Metadata.xml</bestandsnaam>
                <mediatype>application/xml</mediatype>
                <schemaversie>1.3.0</schemaversie>
            </Module>
            <Module>
                <localName>Momentopname</localName>
                <namespace>https://standaarden.overheid.nl/stop/imop/data/</namespace>
                <bestandsnaam>IO-9cb89b53-b554-3b6b-b1f1-c165b48e4363/Momentopname.xml</bestandsnaam>
                <mediatype>application/xml</mediatype>
                <schemaversie>1.3.0</schemaversie>
            </Module>
        </heeftModule>
        <heeftBestand>
            <Bestand>
                <bestandsnaam>IO-9cb89b53-b554-3b6b-b1f1-c165b48e4363/consolideren-1.pdf</bestandsnaam>
                <mediatype>application/pdf</mediatype>
            </Bestand>
        </heeftBestand>
    </Component>
</Pakbon>
