﻿<?xml version="1.0" encoding="utf-8"?>
<geo:GeoInformatieObjectVaststelling xmlns:gml="http://www.opengis.net/gml/3.2" xmlns:ogc="http://www.opengis.net/ogc" xmlns:xlink="http://www.w3.org/1999/xlink" xmlns:xsi="http://www.w3.org/2001/XMLSchema-instance" xmlns:se="http://www.opengis.net/se" xmlns:xs="http://www.w3.org/2001/XMLSchema" schemaversie="1.3.0" xmlns:geo="https://standaarden.overheid.nl/stop/imop/geo/">
   <geo:context>
      <GeografischeContext schemaversie="1.3.0" xmlns="https://standaarden.overheid.nl/stop/imop/gio/">
         <achtergrondVerwijzing>BGT</achtergrondVerwijzing>
         <achtergrondActualiteit>2025-02-12</achtergrondActualiteit>
      </GeografischeContext>
   </geo:context>
   <geo:vastgesteldeVersie>
      <geo:GeoInformatieObjectVersie>
         <geo:FRBRWork>/join/id/regdata/pv28/2024/gebiedsaanwijzing_831ec87be3dc46cd9196d3523cc0c324</geo:FRBRWork>
         <geo:FRBRExpression>/join/id/regdata/pv28/2024/gebiedsaanwijzing_831ec87be3dc46cd9196d3523cc0c324/nld@2025-02-17;2</geo:FRBRExpression>
         <geo:groepen>
            <geo:Groep>
               <geo:groepID>048557bf</geo:groepID>
               <geo:label>glastuinbouwgebied Glasparel en Knibbelweg Oost</geo:label>
            </geo:Groep>
         </geo:groepen>
         <geo:locaties>
            <geo:Locatie>
               <geo:naam>Glastuinbouwgebied Glasparel en Knibbelweg-oost</geo:naam>
               <geo:geometrie>
                  <owgeo:Geometrie gml:id="id-8128402cde3c403d8e55c173a06ceeb5" xmlns:owgeo="http://www.geostandaarden.nl/basisgeometrie/1.0">
                     <owgeo:id>8128402cde3c403d8e55c173a06ceeb5</owgeo:id>
                     <owgeo:geometrie>
                        <gml:MultiSurface srsName="urn:ogc:def:crs:EPSG::28992" gml:id="id-8128402cde3c403d8e55c173a06ceeb5-1">
                           <gml:surfaceMember>
                              <gml:Polygon srsName="urn:ogc:def:crs:EPSG::28992" gml:id="id-8128402cde3c403d8e55c173a06ceeb5-2">
                                 <gml:exterior>
                                    <gml:LinearRing>
                                       <gml:posList>100408.029 447625.518 100452.981 447667.343 100979.503 448191.219 101083.834 448084.431 101076.457 448077.055 101098.947 448058.534 101109.53 448041.336 101202.135 447950.055 101347.656 447804.534 101502.437 447647.106 101617.531 447530.689 101617.531 447476.449 101542.125 447399.72 101442.906 447299.178 101184.937 447042.532 101090.163 446946.558 101089.854 446946.785 100607.778 447426.512 100499.299 447536.579 100408.029 447625.518</gml:posList>
                                    </gml:LinearRing>
                                 </gml:exterior>
                              </gml:Polygon>
                           </gml:surfaceMember>
                           <gml:surfaceMember>
                              <gml:Polygon srsName="urn:ogc:def:crs:EPSG::28992" gml:id="id-8128402cde3c403d8e55c173a06ceeb5-3">
                                 <gml:exterior>
                                    <gml:LinearRing>
                                       <gml:posList>100908.065 449471.805 101953.172 450522.203 102491.738 449995.24 102530.271 449955.157 101946.84 449359.194 101522.844 448927.26 101481.073 448897.343 101439.879 448942.637 101070.772 449309.908 100908.065 449471.805</gml:posList>
                                    </gml:LinearRing>
                                 </gml:exterior>
                              </gml:Polygon>
                           </gml:surfaceMember>
                        </gml:MultiSurface>
                     </owgeo:geometrie>
                  </owgeo:Geometrie>
               </geo:geometrie>
               <geo:groepID>048557bf</geo:groepID>
            </geo:Locatie>
         </geo:locaties>
      </geo:GeoInformatieObjectVersie>
   </geo:vastgesteldeVersie>
</geo:GeoInformatieObjectVaststelling>