<InformatieObjectVersieMetadata schemaversie="1.3.0" xmlns="https://standaarden.overheid.nl/stop/imop/data/">
    <heeftBestanden>
        <heeftBestand>
            <Bestand>
                <bestandsnaam>GIO-048557bf.gml</bestandsnaam>
                <hash>db0e0b0bb5194d0b3298b4aee2c0d80f9bc40c1d40f6c15671e1358a0a7fdb45be20fe4ecb928d2fb2baf169c34cc20a64e13672e738cbc994dc3938aa905a97</hash>
            </Bestand>
        </heeftBestand>
    </heeftBestanden>
    <heeftGeboorteregeling>/akn/nl/act/pv28/2024/ZHOV</heeftGeboorteregeling>
</InformatieObjectVersieMetadata>