<InformatieObjectVersieMetadata schemaversie="1.3.0" xmlns="https://standaarden.overheid.nl/stop/imop/data/">
    <heeftBestanden>
        <heeftBestand>
            <Bestand>
                <bestandsnaam>GIO-037ddbf5.gml</bestandsnaam>
                <hash>0901320e3446fdf2f1804e0247aea2bb9948a8922e7db251a0c14ee3a502941fdf1cc392eede6482236085ca2ced64aa3710c7408f63f3c105fcac9584fbbc80</hash>
            </Bestand>
        </heeftBestand>
    </heeftBestanden>
    <heeftGeboorteregeling>/akn/nl/act/pv28/2024/ZHOV</heeftGeboorteregeling>
</InformatieObjectVersieMetadata>