<InformatieObjectVersieMetadata schemaversie="1.3.0" xmlns="https://standaarden.overheid.nl/stop/imop/data/">
    <heeftBestanden>
        <heeftBestand>
            <Bestand>
                <bestandsnaam>GIO-ff0b834a.gml</bestandsnaam>
                <hash>017208b45103a77ed212e353966b4e8c45a2974031ed2df2d91d7686823ef20f34bb1703978165277f689820afb728e306cc40b41f4e4b3d68ef3a751ae0bb9d</hash>
            </Bestand>
        </heeftBestand>
    </heeftBestanden>
    <heeftGeboorteregeling>/akn/nl/act/pv28/2024/ZHOV</heeftGeboorteregeling>
</InformatieObjectVersieMetadata>