<?xml version="1.0" encoding="UTF-8" standalone="yes"?>
<ow-dc:owBestand xmlns:rol="http://www.geostandaarden.nl/imow/regelsoplocatie" xmlns:schemaLocation="http://www.geostandaarden.nl/imow/bestanden/deelbestand https://register.geostandaarden.nl/xmlschema/tpod/v2.0.0/bestanden-ow/deelbestand-ow/IMOW_Deelbestand.xsd" xmlns:rg="http://www.geostandaarden.nl/imow/regelingsgebied" xmlns:da="http://www.geostandaarden.nl/imow/datatypenalgemeen" xmlns:l="http://www.geostandaarden.nl/imow/locatie" xmlns:sym="http://www.geostandaarden.nl/imow/symbolisatie" xmlns:xsi="http://www.w3.org/2001/XMLSchema-instance" xmlns:kaart="http://www.geostandaarden.nl/imow/kaart" xmlns="http://www.geostandaarden.nl/bestanden-ow/manifest-ow" xmlns:xlink="http://www.w3.org/1999/xlink" xmlns:ow-dc="http://www.geostandaarden.nl/imow/bestanden/deelbestand" xmlns:ga="http://www.geostandaarden.nl/imow/gebiedsaanwijzing" xmlns:sl="http://www.geostandaarden.nl/bestanden-ow/standlevering-generiek" xmlns:p="http://www.geostandaarden.nl/imow/pons" xmlns:regels="http://www.geostandaarden.nl/imow/regels" xmlns:ow="http://www.geostandaarden.nl/imow/owobject" xmlns:vt="http://www.geostandaarden.nl/imow/vrijetekst" xmlns:op="http://www.geostandaarden.nl/imow/opobject">
    <sl:standBestand>
        <sl:dataset>Onbekend</sl:dataset>
        <sl:inhoud>
            <sl:gebied>Onbekend</sl:gebied>
            <sl:leveringsId>Onbekend</sl:leveringsId>
            <sl:objectTypen>
                <sl:objectType>Gebiedsaanwijzing</sl:objectType>
            </sl:objectTypen>
        </sl:inhoud>
        <sl:stand>
            <ow-dc:owObject>
                <ga:Gebiedsaanwijzing>
                    <ga:identificatie>nl.imow-pv30.gebiedsaanwijzing.00300136T000000000001108</ga:identificatie>
                    <ga:type>http://standaarden.omgevingswet.overheid.nl/typegebiedsaanwijzing/id/concept/Beperkingengebied</ga:type>
                    <ga:naam>Bedrijf - Nutsvoorziening</ga:naam>
                    <ga:groep>http://standaarden.omgevingswet.overheid.nl/beperkingengebied/id/concept/Molen</ga:groep>
                    <ga:locatieaanduiding>
                        <l:LocatieRef xlink:href="nl.imow-pv30.gebiedengroep.00300136T000000000000126"/>
                    </ga:locatieaanduiding>
                </ga:Gebiedsaanwijzing>
            </ow-dc:owObject>
        </sl:stand>
        <sl:stand>
            <ow-dc:owObject>
                <ga:Gebiedsaanwijzing>
                    <ga:identificatie>nl.imow-pv30.gebiedsaanwijzing.00300136T000000000001109</ga:identificatie>
                    <ga:type>http://standaarden.omgevingswet.overheid.nl/typegebiedsaanwijzing/id/concept/Verkeer</ga:type>
                    <ga:naam>Verkeer - Erftoegangsweg</ga:naam>
                    <ga:groep>http://standaarden.omgevingswet.overheid.nl/verkeer/id/concept/Maatregelengebied</ga:groep>
                    <ga:locatieaanduiding>
                        <l:LocatieRef xlink:href="nl.imow-pv30.gebiedengroep.00300136T000000000000144"/>
                    </ga:locatieaanduiding>
                </ga:Gebiedsaanwijzing>
            </ow-dc:owObject>
        </sl:stand>
    </sl:standBestand>
</ow-dc:owBestand>
