<?xml version="1.0" encoding="UTF-8" standalone="yes"?>
<ow-dc:owBestand xmlns:rol="http://www.geostandaarden.nl/imow/regelsoplocatie" xmlns:schemaLocation="http://www.geostandaarden.nl/imow/bestanden/deelbestand https://register.geostandaarden.nl/xmlschema/tpod/v2.0.0/bestanden-ow/deelbestand-ow/IMOW_Deelbestand.xsd" xmlns:rg="http://www.geostandaarden.nl/imow/regelingsgebied" xmlns:da="http://www.geostandaarden.nl/imow/datatypenalgemeen" xmlns:l="http://www.geostandaarden.nl/imow/locatie" xmlns:sym="http://www.geostandaarden.nl/imow/symbolisatie" xmlns:xsi="http://www.w3.org/2001/XMLSchema-instance" xmlns:kaart="http://www.geostandaarden.nl/imow/kaart" xmlns="http://www.geostandaarden.nl/bestanden-ow/manifest-ow" xmlns:xlink="http://www.w3.org/1999/xlink" xmlns:ow-dc="http://www.geostandaarden.nl/imow/bestanden/deelbestand" xmlns:ga="http://www.geostandaarden.nl/imow/gebiedsaanwijzing" xmlns:sl="http://www.geostandaarden.nl/bestanden-ow/standlevering-generiek" xmlns:p="http://www.geostandaarden.nl/imow/pons" xmlns:regels="http://www.geostandaarden.nl/imow/regels" xmlns:ow="http://www.geostandaarden.nl/imow/owobject" xmlns:vt="http://www.geostandaarden.nl/imow/vrijetekst" xmlns:op="http://www.geostandaarden.nl/imow/opobject">
    <sl:standBestand>
        <sl:dataset>Onbekend</sl:dataset>
        <sl:inhoud>
            <sl:gebied>Onbekend</sl:gebied>
            <sl:leveringsId>Onbekend</sl:leveringsId>
            <sl:objectTypen>
                <sl:objectType>Omgevingsnorm</sl:objectType>
            </sl:objectTypen>
        </sl:inhoud>
        <sl:stand>
            <ow-dc:owObject>
                <rol:Omgevingsnorm>
                    <rol:identificatie>nl.imow-pv30.omgevingsnorm.00300136T000000000000018</rol:identificatie>
                    <rol:naam>Verkeer - Erftoegangsweg</rol:naam>
                    <rol:type>http://standaarden.omgevingswet.overheid.nl/typenorm/id/concept/Volume</rol:type>
                    <rol:normwaarde>
                        <rol:Normwaarde>
                            <rol:identificatie>nl.imow-pv30.normwaarde.00300136T000000000000983</rol:identificatie>
                            <rol:kwalitatieveWaarde>12</rol:kwalitatieveWaarde>
                            <rol:locatieaanduiding>
<l:LocatieRef xlink:href="nl.imow-pv30.gebied.00300136T023641800000000e480"/>
                            </rol:locatieaanduiding>
                        </rol:Normwaarde>
                    </rol:normwaarde>
                    <rol:groep>http://standaarden.omgevingswet.overheid.nl/omgevingsnorm/id/concept/Overig</rol:groep>
                </rol:Omgevingsnorm>
            </ow-dc:owObject>
        </sl:stand>
        <sl:stand>
            <ow-dc:owObject>
                <rol:Omgevingsnorm>
                    <rol:identificatie>nl.imow-pv30.omgevingsnorm.00300136T000000000000020</rol:identificatie>
                    <rol:naam>Leiding - Riool</rol:naam>
                    <rol:type>http://standaarden.omgevingswet.overheid.nl/typenorm/id/concept/Oppervlakte</rol:type>
                    <rol:normwaarde>
                        <rol:Normwaarde>
                            <rol:identificatie>nl.imow-pv30.normwaarde.00300136T000000000000988</rol:identificatie>
                            <rol:kwantitatieveWaarde>12</rol:kwantitatieveWaarde>
                            <rol:locatieaanduiding>
<l:LocatieRef xlink:href="nl.imow-pv30.gebied.00300136T023642000000000e482"/>
                            </rol:locatieaanduiding>
                        </rol:Normwaarde>
                    </rol:normwaarde>
                    <rol:groep>http://standaarden.omgevingswet.overheid.nl/omgevingsnorm/id/concept/MaatvoeringBouwen</rol:groep>
                </rol:Omgevingsnorm>
            </ow-dc:owObject>
        </sl:stand>
        <sl:stand>
            <ow-dc:owObject>
                <rol:Omgevingsnorm>
                    <rol:identificatie>nl.imow-pv30.omgevingsnorm.00300136T000000000000022</rol:identificatie>
                    <rol:naam>bouwaanduiding</rol:naam>
                    <rol:type>http://standaarden.omgevingswet.overheid.nl/typenorm/id/concept/Volume</rol:type>
                    <rol:normwaarde>
                        <rol:Normwaarde>
                            <rol:identificatie>nl.imow-pv30.normwaarde.00300136T000000000000999</rol:identificatie>
                            <rol:kwalitatieveWaarde>1</rol:kwalitatieveWaarde>
                            <rol:locatieaanduiding>
<l:LocatieRef xlink:href="nl.imow-pv30.gebied.00300136T023642200000000e488"/>
                            </rol:locatieaanduiding>
                        </rol:Normwaarde>
                        <rol:Normwaarde>
                            <rol:identificatie>nl.imow-pv30.normwaarde.00300136T000000000001005</rol:identificatie>
                            <rol:kwalitatieveWaarde>karakteristiek</rol:kwalitatieveWaarde>
                            <rol:locatieaanduiding>
<l:LocatieRef xlink:href="nl.imow-pv30.gebied.00300136T023642200000000e487"/>
                            </rol:locatieaanduiding>
                        </rol:Normwaarde>
                    </rol:normwaarde>
                    <rol:groep>http://standaarden.omgevingswet.overheid.nl/omgevingsnorm/id/concept/Bouwaanduiding</rol:groep>
                </rol:Omgevingsnorm>
            </ow-dc:owObject>
        </sl:stand>
        <sl:stand>
            <ow-dc:owObject>
                <rol:Omgevingsnorm>
                    <rol:identificatie>nl.imow-pv30.omgevingsnorm.00300136T000000000000036</rol:identificatie>
                    <rol:naam>aantal bedrijven</rol:naam>
                    <rol:type>http://standaarden.omgevingswet.overheid.nl/typenorm/id/concept/AantalBedrijven</rol:type>
                    <rol:normwaarde>
                        <rol:Normwaarde>
                            <rol:identificatie>nl.imow-pv30.normwaarde.00300136T000000000003819</rol:identificatie>
                            <rol:kwantitatieveWaarde>13</rol:kwantitatieveWaarde>
                            <rol:locatieaanduiding>
<l:LocatieRef xlink:href="nl.imow-pv30.gebied.00300136T023643600000000e1688"/>
                            </rol:locatieaanduiding>
                        </rol:Normwaarde>
                    </rol:normwaarde>
                    <rol:groep>http://standaarden.omgevingswet.overheid.nl/omgevingsnorm/id/concept/MaatvoeringBouwen</rol:groep>
                </rol:Omgevingsnorm>
            </ow-dc:owObject>
        </sl:stand>
    </sl:standBestand>
</ow-dc:owBestand>
