<?xml version="1.0" encoding="UTF-8" standalone="yes"?>
<ow-dc:owBestand xmlns:rol="http://www.geostandaarden.nl/imow/regelsoplocatie" xmlns:schemaLocation="http://www.geostandaarden.nl/imow/bestanden/deelbestand https://register.geostandaarden.nl/xmlschema/tpod/v2.0.0/bestanden-ow/deelbestand-ow/IMOW_Deelbestand.xsd" xmlns:rg="http://www.geostandaarden.nl/imow/regelingsgebied" xmlns:da="http://www.geostandaarden.nl/imow/datatypenalgemeen" xmlns:l="http://www.geostandaarden.nl/imow/locatie" xmlns:sym="http://www.geostandaarden.nl/imow/symbolisatie" xmlns:xsi="http://www.w3.org/2001/XMLSchema-instance" xmlns:kaart="http://www.geostandaarden.nl/imow/kaart" xmlns="http://www.geostandaarden.nl/bestanden-ow/manifest-ow" xmlns:xlink="http://www.w3.org/1999/xlink" xmlns:ow-dc="http://www.geostandaarden.nl/imow/bestanden/deelbestand" xmlns:ga="http://www.geostandaarden.nl/imow/gebiedsaanwijzing" xmlns:sl="http://www.geostandaarden.nl/bestanden-ow/standlevering-generiek" xmlns:p="http://www.geostandaarden.nl/imow/pons" xmlns:regels="http://www.geostandaarden.nl/imow/regels" xmlns:ow="http://www.geostandaarden.nl/imow/owobject" xmlns:vt="http://www.geostandaarden.nl/imow/vrijetekst" xmlns:op="http://www.geostandaarden.nl/imow/opobject">
    <sl:standBestand>
        <sl:dataset>Onbekend</sl:dataset>
        <sl:inhoud>
            <sl:gebied>Onbekend</sl:gebied>
            <sl:leveringsId>Onbekend</sl:leveringsId>
            <sl:objectTypen>
                <sl:objectType>RegelVoorIedereen</sl:objectType>
            </sl:objectTypen>
        </sl:inhoud>
        <sl:stand>
            <ow-dc:owObject>
                <regels:RegelVoorIedereen>
                    <regels:identificatie>nl.imow-pv30.juridischeregel.00300136T000000000000004</regels:identificatie>
                    <regels:idealisatie>http://standaarden.omgevingswet.overheid.nl/idealisatie/id/concept/Exact</regels:idealisatie>
                    <regels:artikelOfLid>
                        <regels:RegeltekstRef xlink:href="nl.imow-pv30.regeltekst.00300136T000000000000004"/>
                    </regels:artikelOfLid>
                    <regels:locatieaanduiding>
                        <l:LocatieRef xlink:href="nl.imow-pv30.ambtsgebied.00300136T000000000009930"/>
                    </regels:locatieaanduiding>
                </regels:RegelVoorIedereen>
            </ow-dc:owObject>
        </sl:stand>
        <sl:stand>
            <ow-dc:owObject>
                <regels:RegelVoorIedereen>
                    <regels:identificatie>nl.imow-pv30.juridischeregel.00300136T000000000026972</regels:identificatie>
                    <regels:idealisatie>http://standaarden.omgevingswet.overheid.nl/idealisatie/id/concept/Exact</regels:idealisatie>
                    <regels:artikelOfLid>
                        <regels:RegeltekstRef xlink:href="nl.imow-pv30.regeltekst.00300136T000000000026972"/>
                    </regels:artikelOfLid>
                    <regels:locatieaanduiding>
                        <l:LocatieRef xlink:href="nl.imow-pv30.ambtsgebied.00300136T000000000009930"/>
                    </regels:locatieaanduiding>
                </regels:RegelVoorIedereen>
            </ow-dc:owObject>
        </sl:stand>
        <sl:stand>
            <ow-dc:owObject>
                <regels:RegelVoorIedereen>
                    <regels:identificatie>nl.imow-pv30.juridischeregel.00300136T000000000026973</regels:identificatie>
                    <regels:idealisatie>http://standaarden.omgevingswet.overheid.nl/idealisatie/id/concept/Exact</regels:idealisatie>
                    <regels:artikelOfLid>
                        <regels:RegeltekstRef xlink:href="nl.imow-pv30.regeltekst.00300136T000000000026973"/>
                    </regels:artikelOfLid>
                    <regels:locatieaanduiding>
                        <l:LocatieRef xlink:href="nl.imow-pv30.ambtsgebied.00300136T000000000009930"/>
                    </regels:locatieaanduiding>
                </regels:RegelVoorIedereen>
            </ow-dc:owObject>
        </sl:stand>
        <sl:stand>
            <ow-dc:owObject>
                <regels:RegelVoorIedereen>
                    <regels:identificatie>nl.imow-pv30.juridischeregel.00300136T000000000026974</regels:identificatie>
                    <regels:idealisatie>http://standaarden.omgevingswet.overheid.nl/idealisatie/id/concept/Exact</regels:idealisatie>
                    <regels:artikelOfLid>
                        <regels:RegeltekstRef xlink:href="nl.imow-pv30.regeltekst.00300136T000000000026974"/>
                    </regels:artikelOfLid>
                    <regels:locatieaanduiding>
                        <l:LocatieRef xlink:href="nl.imow-pv30.ambtsgebied.00300136T000000000009930"/>
                    </regels:locatieaanduiding>
                </regels:RegelVoorIedereen>
            </ow-dc:owObject>
        </sl:stand>
        <sl:stand>
            <ow-dc:owObject>
                <regels:RegelVoorIedereen>
                    <regels:identificatie>nl.imow-pv30.juridischeregel.00300136T000000000026981</regels:identificatie>
                    <regels:idealisatie>http://standaarden.omgevingswet.overheid.nl/idealisatie/id/concept/Exact</regels:idealisatie>
                    <regels:artikelOfLid>
                        <regels:RegeltekstRef xlink:href="nl.imow-pv30.regeltekst.00300136T000000000026981"/>
                    </regels:artikelOfLid>
                    <regels:locatieaanduiding>
                        <l:LocatieRef xlink:href="nl.imow-pv30.gebied.00300136T023643600000000e1688"/>
                    </regels:locatieaanduiding>
                    <regels:omgevingsnormaanduiding>
                        <rol:OmgevingsnormRef xlink:href="nl.imow-pv30.omgevingsnorm.00300136T000000000000036"/>
                    </regels:omgevingsnormaanduiding>
                </regels:RegelVoorIedereen>
            </ow-dc:owObject>
        </sl:stand>
        <sl:stand>
            <ow-dc:owObject>
                <regels:RegelVoorIedereen>
                    <regels:identificatie>nl.imow-pv30.juridischeregel.00300136T000000000026986</regels:identificatie>
                    <regels:idealisatie>http://standaarden.omgevingswet.overheid.nl/idealisatie/id/concept/Exact</regels:idealisatie>
                    <regels:artikelOfLid>
                        <regels:RegeltekstRef xlink:href="nl.imow-pv30.regeltekst.00300136T000000000026986"/>
                    </regels:artikelOfLid>
                    <regels:locatieaanduiding>
                        <l:LocatieRef xlink:href="nl.imow-pv30.gebiedengroep.00300136T000000000000162"/>
                    </regels:locatieaanduiding>
                    <regels:activiteitaanduiding>
                        <rol:ActiviteitRef xlink:href="nl.imow-pv30.activiteit.00300136T0000000000000034"/>
                        <regels:ActiviteitLocatieaanduiding>
                            <regels:identificatie>nl.imow-pv30.activiteitlocatieaanduiding.00300136T000000003426986</regels:identificatie>
                            <regels:activiteitregelkwalificatie>http://standaarden.omgevingswet.overheid.nl/activiteitregelkwalificatie/id/concept/Verbod</regels:activiteitregelkwalificatie>
                            <regels:locatieaanduiding>
<l:LocatieRef xlink:href="nl.imow-pv30.gebiedengroep.00300136T000000000000162"/>
                            </regels:locatieaanduiding>
                        </regels:ActiviteitLocatieaanduiding>
                    </regels:activiteitaanduiding>
                    <regels:activiteitaanduiding>
                        <rol:ActiviteitRef xlink:href="nl.imow-pv30.activiteit.00300136T0000000000000052"/>
                        <regels:ActiviteitLocatieaanduiding>
                            <regels:identificatie>nl.imow-pv30.activiteitlocatieaanduiding.00300136T000000005226986</regels:identificatie>
                            <regels:activiteitregelkwalificatie>http://standaarden.omgevingswet.overheid.nl/activiteitregelkwalificatie/id/concept/AndersGeduid</regels:activiteitregelkwalificatie>
                            <regels:locatieaanduiding>
<l:LocatieRef xlink:href="nl.imow-pv30.gebiedengroep.00300136T000000000000162"/>
                            </regels:locatieaanduiding>
                        </regels:ActiviteitLocatieaanduiding>
                    </regels:activiteitaanduiding>
                </regels:RegelVoorIedereen>
            </ow-dc:owObject>
        </sl:stand>
        <sl:stand>
            <ow-dc:owObject>
                <regels:RegelVoorIedereen>
                    <regels:identificatie>nl.imow-pv30.juridischeregel.00300136T000000000026987</regels:identificatie>
                    <regels:idealisatie>http://standaarden.omgevingswet.overheid.nl/idealisatie/id/concept/Exact</regels:idealisatie>
                    <regels:artikelOfLid>
                        <regels:RegeltekstRef xlink:href="nl.imow-pv30.regeltekst.00300136T000000000026987"/>
                    </regels:artikelOfLid>
                    <regels:locatieaanduiding>
                        <l:LocatieRef xlink:href="nl.imow-pv30.gebiedengroep.00300136T000000000000094"/>
                    </regels:locatieaanduiding>
                    <regels:activiteitaanduiding>
                        <rol:ActiviteitRef xlink:href="nl.imow-pv30.activiteit.00300136T0000000000000034"/>
                        <regels:ActiviteitLocatieaanduiding>
                            <regels:identificatie>nl.imow-pv30.activiteitlocatieaanduiding.00300136T000000003426987</regels:identificatie>
                            <regels:activiteitregelkwalificatie>http://standaarden.omgevingswet.overheid.nl/activiteitregelkwalificatie/id/concept/Toegestaan</regels:activiteitregelkwalificatie>
                            <regels:locatieaanduiding>
<l:LocatieRef xlink:href="nl.imow-pv30.gebiedengroep.00300136T000000000000094"/>
                            </regels:locatieaanduiding>
                        </regels:ActiviteitLocatieaanduiding>
                    </regels:activiteitaanduiding>
                </regels:RegelVoorIedereen>
            </ow-dc:owObject>
        </sl:stand>
        <sl:stand>
            <ow-dc:owObject>
                <regels:RegelVoorIedereen>
                    <regels:identificatie>nl.imow-pv30.juridischeregel.00300136T000000000026988</regels:identificatie>
                    <regels:idealisatie>http://standaarden.omgevingswet.overheid.nl/idealisatie/id/concept/Exact</regels:idealisatie>
                    <regels:artikelOfLid>
                        <regels:RegeltekstRef xlink:href="nl.imow-pv30.regeltekst.00300136T000000000026988"/>
                    </regels:artikelOfLid>
                    <regels:locatieaanduiding>
                        <l:LocatieRef xlink:href="nl.imow-pv30.ambtsgebied.00300136T000000000009930"/>
                    </regels:locatieaanduiding>
                </regels:RegelVoorIedereen>
            </ow-dc:owObject>
        </sl:stand>
        <sl:stand>
            <ow-dc:owObject>
                <regels:RegelVoorIedereen>
                    <regels:identificatie>nl.imow-pv30.juridischeregel.00300136T000000000026991</regels:identificatie>
                    <regels:idealisatie>http://standaarden.omgevingswet.overheid.nl/idealisatie/id/concept/Exact</regels:idealisatie>
                    <regels:artikelOfLid>
                        <regels:RegeltekstRef xlink:href="nl.imow-pv30.regeltekst.00300136T000000000026991"/>
                    </regels:artikelOfLid>
                    <regels:locatieaanduiding>
                        <l:LocatieRef xlink:href="nl.imow-pv30.ambtsgebied.00300136T000000000009930"/>
                    </regels:locatieaanduiding>
                </regels:RegelVoorIedereen>
            </ow-dc:owObject>
        </sl:stand>
        <sl:stand>
            <ow-dc:owObject>
                <regels:RegelVoorIedereen>
                    <regels:identificatie>nl.imow-pv30.juridischeregel.00300136T000000000026992</regels:identificatie>
                    <regels:idealisatie>http://standaarden.omgevingswet.overheid.nl/idealisatie/id/concept/Exact</regels:idealisatie>
                    <regels:artikelOfLid>
                        <regels:RegeltekstRef xlink:href="nl.imow-pv30.regeltekst.00300136T000000000026992"/>
                    </regels:artikelOfLid>
                    <regels:locatieaanduiding>
                        <l:LocatieRef xlink:href="nl.imow-pv30.ambtsgebied.00300136T000000000009930"/>
                    </regels:locatieaanduiding>
                </regels:RegelVoorIedereen>
            </ow-dc:owObject>
        </sl:stand>
        <sl:stand>
            <ow-dc:owObject>
                <regels:RegelVoorIedereen>
                    <regels:identificatie>nl.imow-pv30.juridischeregel.00300136T000000000026993</regels:identificatie>
                    <regels:idealisatie>http://standaarden.omgevingswet.overheid.nl/idealisatie/id/concept/Exact</regels:idealisatie>
                    <regels:artikelOfLid>
                        <regels:RegeltekstRef xlink:href="nl.imow-pv30.regeltekst.00300136T000000000026993"/>
                    </regels:artikelOfLid>
                    <regels:locatieaanduiding>
                        <l:LocatieRef xlink:href="nl.imow-pv30.ambtsgebied.00300136T000000000009930"/>
                    </regels:locatieaanduiding>
                </regels:RegelVoorIedereen>
            </ow-dc:owObject>
        </sl:stand>
        <sl:stand>
            <ow-dc:owObject>
                <regels:RegelVoorIedereen>
                    <regels:identificatie>nl.imow-pv30.juridischeregel.00300136T000000000026994</regels:identificatie>
                    <regels:idealisatie>http://standaarden.omgevingswet.overheid.nl/idealisatie/id/concept/Exact</regels:idealisatie>
                    <regels:artikelOfLid>
                        <regels:RegeltekstRef xlink:href="nl.imow-pv30.regeltekst.00300136T000000000026994"/>
                    </regels:artikelOfLid>
                    <regels:locatieaanduiding>
                        <l:LocatieRef xlink:href="nl.imow-pv30.ambtsgebied.00300136T000000000009930"/>
                    </regels:locatieaanduiding>
                </regels:RegelVoorIedereen>
            </ow-dc:owObject>
        </sl:stand>
        <sl:stand>
            <ow-dc:owObject>
                <regels:RegelVoorIedereen>
                    <regels:identificatie>nl.imow-pv30.juridischeregel.00300136T000000000026996</regels:identificatie>
                    <regels:idealisatie>http://standaarden.omgevingswet.overheid.nl/idealisatie/id/concept/Exact</regels:idealisatie>
                    <regels:artikelOfLid>
                        <regels:RegeltekstRef xlink:href="nl.imow-pv30.regeltekst.00300136T000000000026996"/>
                    </regels:artikelOfLid>
                    <regels:locatieaanduiding>
                        <l:LocatieRef xlink:href="nl.imow-pv30.ambtsgebied.00300136T000000000009930"/>
                    </regels:locatieaanduiding>
                </regels:RegelVoorIedereen>
            </ow-dc:owObject>
        </sl:stand>
        <sl:stand>
            <ow-dc:owObject>
                <regels:RegelVoorIedereen>
                    <regels:identificatie>nl.imow-pv30.juridischeregel.00300136T000000000026997</regels:identificatie>
                    <regels:idealisatie>http://standaarden.omgevingswet.overheid.nl/idealisatie/id/concept/Exact</regels:idealisatie>
                    <regels:artikelOfLid>
                        <regels:RegeltekstRef xlink:href="nl.imow-pv30.regeltekst.00300136T000000000026997"/>
                    </regels:artikelOfLid>
                    <regels:locatieaanduiding>
                        <l:LocatieRef xlink:href="nl.imow-pv30.ambtsgebied.00300136T000000000009930"/>
                    </regels:locatieaanduiding>
                </regels:RegelVoorIedereen>
            </ow-dc:owObject>
        </sl:stand>
        <sl:stand>
            <ow-dc:owObject>
                <regels:RegelVoorIedereen>
                    <regels:identificatie>nl.imow-pv30.juridischeregel.00300136T000000000026998</regels:identificatie>
                    <regels:idealisatie>http://standaarden.omgevingswet.overheid.nl/idealisatie/id/concept/Exact</regels:idealisatie>
                    <regels:artikelOfLid>
                        <regels:RegeltekstRef xlink:href="nl.imow-pv30.regeltekst.00300136T000000000026998"/>
                    </regels:artikelOfLid>
                    <regels:locatieaanduiding>
                        <l:LocatieRef xlink:href="nl.imow-pv30.gebied.00300136T023641800000000e480"/>
                        <l:LocatieRef xlink:href="nl.imow-pv30.gebiedengroep.00300136T000000000000144"/>
                    </regels:locatieaanduiding>
                    <regels:gebiedsaanwijzing>
                        <ga:GebiedsaanwijzingRef xlink:href="nl.imow-pv30.gebiedsaanwijzing.00300136T000000000001109"/>
                    </regels:gebiedsaanwijzing>
                    <regels:activiteitaanduiding>
                        <rol:ActiviteitRef xlink:href="nl.imow-pv30.activiteit.00300136T0000000000000051"/>
                        <regels:ActiviteitLocatieaanduiding>
                            <regels:identificatie>nl.imow-pv30.activiteitlocatieaanduiding.00300136T000000005126998</regels:identificatie>
                            <regels:activiteitregelkwalificatie>http://standaarden.omgevingswet.overheid.nl/activiteitregelkwalificatie/id/concept/AndersGeduid</regels:activiteitregelkwalificatie>
                            <regels:locatieaanduiding>
<l:LocatieRef xlink:href="nl.imow-pv30.gebiedengroep.00300136T000000000000144"/>
                            </regels:locatieaanduiding>
                        </regels:ActiviteitLocatieaanduiding>
                    </regels:activiteitaanduiding>
                    <regels:omgevingsnormaanduiding>
                        <rol:OmgevingsnormRef xlink:href="nl.imow-pv30.omgevingsnorm.00300136T000000000000018"/>
                    </regels:omgevingsnormaanduiding>
                </regels:RegelVoorIedereen>
            </ow-dc:owObject>
        </sl:stand>
        <sl:stand>
            <ow-dc:owObject>
                <regels:RegelVoorIedereen>
                    <regels:identificatie>nl.imow-pv30.juridischeregel.00300136T000000000027000</regels:identificatie>
                    <regels:idealisatie>http://standaarden.omgevingswet.overheid.nl/idealisatie/id/concept/Exact</regels:idealisatie>
                    <regels:artikelOfLid>
                        <regels:RegeltekstRef xlink:href="nl.imow-pv30.regeltekst.00300136T000000000027000"/>
                    </regels:artikelOfLid>
                    <regels:locatieaanduiding>
                        <l:LocatieRef xlink:href="nl.imow-pv30.ambtsgebied.00300136T000000000009930"/>
                    </regels:locatieaanduiding>
                </regels:RegelVoorIedereen>
            </ow-dc:owObject>
        </sl:stand>
        <sl:stand>
            <ow-dc:owObject>
                <regels:RegelVoorIedereen>
                    <regels:identificatie>nl.imow-pv30.juridischeregel.00300136T000000000027001</regels:identificatie>
                    <regels:idealisatie>http://standaarden.omgevingswet.overheid.nl/idealisatie/id/concept/Exact</regels:idealisatie>
                    <regels:artikelOfLid>
                        <regels:RegeltekstRef xlink:href="nl.imow-pv30.regeltekst.00300136T000000000027001"/>
                    </regels:artikelOfLid>
                    <regels:locatieaanduiding>
                        <l:LocatieRef xlink:href="nl.imow-pv30.ambtsgebied.00300136T000000000009930"/>
                    </regels:locatieaanduiding>
                </regels:RegelVoorIedereen>
            </ow-dc:owObject>
        </sl:stand>
        <sl:stand>
            <ow-dc:owObject>
                <regels:RegelVoorIedereen>
                    <regels:identificatie>nl.imow-pv30.juridischeregel.00300136T000000000027002</regels:identificatie>
                    <regels:idealisatie>http://standaarden.omgevingswet.overheid.nl/idealisatie/id/concept/Exact</regels:idealisatie>
                    <regels:artikelOfLid>
                        <regels:RegeltekstRef xlink:href="nl.imow-pv30.regeltekst.00300136T000000000027002"/>
                    </regels:artikelOfLid>
                    <regels:locatieaanduiding>
                        <l:LocatieRef xlink:href="nl.imow-pv30.ambtsgebied.00300136T000000000009930"/>
                    </regels:locatieaanduiding>
                </regels:RegelVoorIedereen>
            </ow-dc:owObject>
        </sl:stand>
        <sl:stand>
            <ow-dc:owObject>
                <regels:RegelVoorIedereen>
                    <regels:identificatie>nl.imow-pv30.juridischeregel.00300136T000000000027003</regels:identificatie>
                    <regels:idealisatie>http://standaarden.omgevingswet.overheid.nl/idealisatie/id/concept/Exact</regels:idealisatie>
                    <regels:artikelOfLid>
                        <regels:RegeltekstRef xlink:href="nl.imow-pv30.regeltekst.00300136T000000000027003"/>
                    </regels:artikelOfLid>
                    <regels:locatieaanduiding>
                        <l:LocatieRef xlink:href="nl.imow-pv30.ambtsgebied.00300136T000000000009930"/>
                    </regels:locatieaanduiding>
                </regels:RegelVoorIedereen>
            </ow-dc:owObject>
        </sl:stand>
        <sl:stand>
            <ow-dc:owObject>
                <regels:RegelVoorIedereen>
                    <regels:identificatie>nl.imow-pv30.juridischeregel.00300136T000000000027004</regels:identificatie>
                    <regels:idealisatie>http://standaarden.omgevingswet.overheid.nl/idealisatie/id/concept/Exact</regels:idealisatie>
                    <regels:artikelOfLid>
                        <regels:RegeltekstRef xlink:href="nl.imow-pv30.regeltekst.00300136T000000000027004"/>
                    </regels:artikelOfLid>
                    <regels:locatieaanduiding>
                        <l:LocatieRef xlink:href="nl.imow-pv30.ambtsgebied.00300136T000000000009930"/>
                    </regels:locatieaanduiding>
                </regels:RegelVoorIedereen>
            </ow-dc:owObject>
        </sl:stand>
        <sl:stand>
            <ow-dc:owObject>
                <regels:RegelVoorIedereen>
                    <regels:identificatie>nl.imow-pv30.juridischeregel.00300136T000000000027005</regels:identificatie>
                    <regels:idealisatie>http://standaarden.omgevingswet.overheid.nl/idealisatie/id/concept/Exact</regels:idealisatie>
                    <regels:artikelOfLid>
                        <regels:RegeltekstRef xlink:href="nl.imow-pv30.regeltekst.00300136T000000000027005"/>
                    </regels:artikelOfLid>
                    <regels:locatieaanduiding>
                        <l:LocatieRef xlink:href="nl.imow-pv30.ambtsgebied.00300136T000000000009930"/>
                    </regels:locatieaanduiding>
                </regels:RegelVoorIedereen>
            </ow-dc:owObject>
        </sl:stand>
        <sl:stand>
            <ow-dc:owObject>
                <regels:RegelVoorIedereen>
                    <regels:identificatie>nl.imow-pv30.juridischeregel.00300136T000000000027006</regels:identificatie>
                    <regels:idealisatie>http://standaarden.omgevingswet.overheid.nl/idealisatie/id/concept/Exact</regels:idealisatie>
                    <regels:artikelOfLid>
                        <regels:RegeltekstRef xlink:href="nl.imow-pv30.regeltekst.00300136T000000000027006"/>
                    </regels:artikelOfLid>
                    <regels:locatieaanduiding>
                        <l:LocatieRef xlink:href="nl.imow-pv30.ambtsgebied.00300136T000000000009930"/>
                    </regels:locatieaanduiding>
                </regels:RegelVoorIedereen>
            </ow-dc:owObject>
        </sl:stand>
        <sl:stand>
            <ow-dc:owObject>
                <regels:RegelVoorIedereen>
                    <regels:identificatie>nl.imow-pv30.juridischeregel.00300136T000000000027007</regels:identificatie>
                    <regels:idealisatie>http://standaarden.omgevingswet.overheid.nl/idealisatie/id/concept/Exact</regels:idealisatie>
                    <regels:artikelOfLid>
                        <regels:RegeltekstRef xlink:href="nl.imow-pv30.regeltekst.00300136T000000000027007"/>
                    </regels:artikelOfLid>
                    <regels:locatieaanduiding>
                        <l:LocatieRef xlink:href="nl.imow-pv30.ambtsgebied.00300136T000000000009930"/>
                    </regels:locatieaanduiding>
                </regels:RegelVoorIedereen>
            </ow-dc:owObject>
        </sl:stand>
        <sl:stand>
            <ow-dc:owObject>
                <regels:RegelVoorIedereen>
                    <regels:identificatie>nl.imow-pv30.juridischeregel.00300136T000000000027008</regels:identificatie>
                    <regels:idealisatie>http://standaarden.omgevingswet.overheid.nl/idealisatie/id/concept/Exact</regels:idealisatie>
                    <regels:artikelOfLid>
                        <regels:RegeltekstRef xlink:href="nl.imow-pv30.regeltekst.00300136T000000000027008"/>
                    </regels:artikelOfLid>
                    <regels:locatieaanduiding>
                        <l:LocatieRef xlink:href="nl.imow-pv30.ambtsgebied.00300136T000000000009930"/>
                    </regels:locatieaanduiding>
                </regels:RegelVoorIedereen>
            </ow-dc:owObject>
        </sl:stand>
        <sl:stand>
            <ow-dc:owObject>
                <regels:RegelVoorIedereen>
                    <regels:identificatie>nl.imow-pv30.juridischeregel.00300136T000000000027009</regels:identificatie>
                    <regels:idealisatie>http://standaarden.omgevingswet.overheid.nl/idealisatie/id/concept/Exact</regels:idealisatie>
                    <regels:artikelOfLid>
                        <regels:RegeltekstRef xlink:href="nl.imow-pv30.regeltekst.00300136T000000000027009"/>
                    </regels:artikelOfLid>
                    <regels:locatieaanduiding>
                        <l:LocatieRef xlink:href="nl.imow-pv30.ambtsgebied.00300136T000000000009930"/>
                    </regels:locatieaanduiding>
                </regels:RegelVoorIedereen>
            </ow-dc:owObject>
        </sl:stand>
        <sl:stand>
            <ow-dc:owObject>
                <regels:RegelVoorIedereen>
                    <regels:identificatie>nl.imow-pv30.juridischeregel.00300136T000000000027010</regels:identificatie>
                    <regels:idealisatie>http://standaarden.omgevingswet.overheid.nl/idealisatie/id/concept/Exact</regels:idealisatie>
                    <regels:artikelOfLid>
                        <regels:RegeltekstRef xlink:href="nl.imow-pv30.regeltekst.00300136T000000000027010"/>
                    </regels:artikelOfLid>
                    <regels:locatieaanduiding>
                        <l:LocatieRef xlink:href="nl.imow-pv30.ambtsgebied.00300136T000000000009930"/>
                    </regels:locatieaanduiding>
                </regels:RegelVoorIedereen>
            </ow-dc:owObject>
        </sl:stand>
        <sl:stand>
            <ow-dc:owObject>
                <regels:RegelVoorIedereen>
                    <regels:identificatie>nl.imow-pv30.juridischeregel.00300136T000000000027011</regels:identificatie>
                    <regels:idealisatie>http://standaarden.omgevingswet.overheid.nl/idealisatie/id/concept/Exact</regels:idealisatie>
                    <regels:artikelOfLid>
                        <regels:RegeltekstRef xlink:href="nl.imow-pv30.regeltekst.00300136T000000000027011"/>
                    </regels:artikelOfLid>
                    <regels:locatieaanduiding>
                        <l:LocatieRef xlink:href="nl.imow-pv30.gebiedengroep.00300136T000000000000126"/>
                    </regels:locatieaanduiding>
                    <regels:gebiedsaanwijzing>
                        <ga:GebiedsaanwijzingRef xlink:href="nl.imow-pv30.gebiedsaanwijzing.00300136T000000000001108"/>
                    </regels:gebiedsaanwijzing>
                    <regels:activiteitaanduiding>
                        <rol:ActiviteitRef xlink:href="nl.imow-pv30.activiteit.00300136T0000000000000050"/>
                        <regels:ActiviteitLocatieaanduiding>
                            <regels:identificatie>nl.imow-pv30.activiteitlocatieaanduiding.00300136T000000005027011</regels:identificatie>
                            <regels:activiteitregelkwalificatie>http://standaarden.omgevingswet.overheid.nl/activiteitregelkwalificatie/id/concept/AndersGeduid</regels:activiteitregelkwalificatie>
                            <regels:locatieaanduiding>
<l:LocatieRef xlink:href="nl.imow-pv30.gebiedengroep.00300136T000000000000126"/>
                            </regels:locatieaanduiding>
                        </regels:ActiviteitLocatieaanduiding>
                    </regels:activiteitaanduiding>
                </regels:RegelVoorIedereen>
            </ow-dc:owObject>
        </sl:stand>
        <sl:stand>
            <ow-dc:owObject>
                <regels:RegelVoorIedereen>
                    <regels:identificatie>nl.imow-pv30.juridischeregel.00300136T000000000027012</regels:identificatie>
                    <regels:idealisatie>http://standaarden.omgevingswet.overheid.nl/idealisatie/id/concept/Exact</regels:idealisatie>
                    <regels:artikelOfLid>
                        <regels:RegeltekstRef xlink:href="nl.imow-pv30.regeltekst.00300136T000000000027012"/>
                    </regels:artikelOfLid>
                    <regels:locatieaanduiding>
                        <l:LocatieRef xlink:href="nl.imow-pv30.ambtsgebied.00300136T000000000009930"/>
                    </regels:locatieaanduiding>
                </regels:RegelVoorIedereen>
            </ow-dc:owObject>
        </sl:stand>
        <sl:stand>
            <ow-dc:owObject>
                <regels:RegelVoorIedereen>
                    <regels:identificatie>nl.imow-pv30.juridischeregel.00300136T000000000027014</regels:identificatie>
                    <regels:idealisatie>http://standaarden.omgevingswet.overheid.nl/idealisatie/id/concept/Exact</regels:idealisatie>
                    <regels:artikelOfLid>
                        <regels:RegeltekstRef xlink:href="nl.imow-pv30.regeltekst.00300136T000000000027014"/>
                    </regels:artikelOfLid>
                    <regels:locatieaanduiding>
                        <l:LocatieRef xlink:href="nl.imow-pv30.ambtsgebied.00300136T000000000009930"/>
                    </regels:locatieaanduiding>
                </regels:RegelVoorIedereen>
            </ow-dc:owObject>
        </sl:stand>
        <sl:stand>
            <ow-dc:owObject>
                <regels:RegelVoorIedereen>
                    <regels:identificatie>nl.imow-pv30.juridischeregel.00300136T000000000027015</regels:identificatie>
                    <regels:idealisatie>http://standaarden.omgevingswet.overheid.nl/idealisatie/id/concept/Exact</regels:idealisatie>
                    <regels:artikelOfLid>
                        <regels:RegeltekstRef xlink:href="nl.imow-pv30.regeltekst.00300136T000000000027015"/>
                    </regels:artikelOfLid>
                    <regels:locatieaanduiding>
                        <l:LocatieRef xlink:href="nl.imow-pv30.gebied.00300136T023642000000000e482"/>
                    </regels:locatieaanduiding>
                    <regels:omgevingsnormaanduiding>
                        <rol:OmgevingsnormRef xlink:href="nl.imow-pv30.omgevingsnorm.00300136T000000000000020"/>
                    </regels:omgevingsnormaanduiding>
                </regels:RegelVoorIedereen>
            </ow-dc:owObject>
        </sl:stand>
        <sl:stand>
            <ow-dc:owObject>
                <regels:RegelVoorIedereen>
                    <regels:identificatie>nl.imow-pv30.juridischeregel.00300136T000000000027016</regels:identificatie>
                    <regels:idealisatie>http://standaarden.omgevingswet.overheid.nl/idealisatie/id/concept/Exact</regels:idealisatie>
                    <regels:artikelOfLid>
                        <regels:RegeltekstRef xlink:href="nl.imow-pv30.regeltekst.00300136T000000000027016"/>
                    </regels:artikelOfLid>
                    <regels:locatieaanduiding>
                        <l:LocatieRef xlink:href="nl.imow-pv30.ambtsgebied.00300136T000000000009930"/>
                    </regels:locatieaanduiding>
                </regels:RegelVoorIedereen>
            </ow-dc:owObject>
        </sl:stand>
        <sl:stand>
            <ow-dc:owObject>
                <regels:RegelVoorIedereen>
                    <regels:identificatie>nl.imow-pv30.juridischeregel.00300136T000000000027017</regels:identificatie>
                    <regels:idealisatie>http://standaarden.omgevingswet.overheid.nl/idealisatie/id/concept/Exact</regels:idealisatie>
                    <regels:artikelOfLid>
                        <regels:RegeltekstRef xlink:href="nl.imow-pv30.regeltekst.00300136T000000000027017"/>
                    </regels:artikelOfLid>
                    <regels:locatieaanduiding>
                        <l:LocatieRef xlink:href="nl.imow-pv30.ambtsgebied.00300136T000000000009930"/>
                    </regels:locatieaanduiding>
                </regels:RegelVoorIedereen>
            </ow-dc:owObject>
        </sl:stand>
        <sl:stand>
            <ow-dc:owObject>
                <regels:RegelVoorIedereen>
                    <regels:identificatie>nl.imow-pv30.juridischeregel.00300136T000000000027018</regels:identificatie>
                    <regels:idealisatie>http://standaarden.omgevingswet.overheid.nl/idealisatie/id/concept/Exact</regels:idealisatie>
                    <regels:artikelOfLid>
                        <regels:RegeltekstRef xlink:href="nl.imow-pv30.regeltekst.00300136T000000000027018"/>
                    </regels:artikelOfLid>
                    <regels:locatieaanduiding>
                        <l:LocatieRef xlink:href="nl.imow-pv30.ambtsgebied.00300136T000000000009930"/>
                    </regels:locatieaanduiding>
                </regels:RegelVoorIedereen>
            </ow-dc:owObject>
        </sl:stand>
        <sl:stand>
            <ow-dc:owObject>
                <regels:RegelVoorIedereen>
                    <regels:identificatie>nl.imow-pv30.juridischeregel.00300136T000000000027021</regels:identificatie>
                    <regels:idealisatie>http://standaarden.omgevingswet.overheid.nl/idealisatie/id/concept/Exact</regels:idealisatie>
                    <regels:artikelOfLid>
                        <regels:RegeltekstRef xlink:href="nl.imow-pv30.regeltekst.00300136T000000000027021"/>
                    </regels:artikelOfLid>
                    <regels:locatieaanduiding>
                        <l:LocatieRef xlink:href="nl.imow-pv30.ambtsgebied.00300136T000000000009930"/>
                    </regels:locatieaanduiding>
                </regels:RegelVoorIedereen>
            </ow-dc:owObject>
        </sl:stand>
        <sl:stand>
            <ow-dc:owObject>
                <regels:RegelVoorIedereen>
                    <regels:identificatie>nl.imow-pv30.juridischeregel.00300136T000000000027022</regels:identificatie>
                    <regels:idealisatie>http://standaarden.omgevingswet.overheid.nl/idealisatie/id/concept/Exact</regels:idealisatie>
                    <regels:artikelOfLid>
                        <regels:RegeltekstRef xlink:href="nl.imow-pv30.regeltekst.00300136T000000000027022"/>
                    </regels:artikelOfLid>
                    <regels:locatieaanduiding>
                        <l:LocatieRef xlink:href="nl.imow-pv30.ambtsgebied.00300136T000000000009930"/>
                    </regels:locatieaanduiding>
                </regels:RegelVoorIedereen>
            </ow-dc:owObject>
        </sl:stand>
        <sl:stand>
            <ow-dc:owObject>
                <regels:RegelVoorIedereen>
                    <regels:identificatie>nl.imow-pv30.juridischeregel.00300136T000000000027023</regels:identificatie>
                    <regels:idealisatie>http://standaarden.omgevingswet.overheid.nl/idealisatie/id/concept/Exact</regels:idealisatie>
                    <regels:artikelOfLid>
                        <regels:RegeltekstRef xlink:href="nl.imow-pv30.regeltekst.00300136T000000000027023"/>
                    </regels:artikelOfLid>
                    <regels:locatieaanduiding>
                        <l:LocatieRef xlink:href="nl.imow-pv30.ambtsgebied.00300136T000000000009930"/>
                    </regels:locatieaanduiding>
                </regels:RegelVoorIedereen>
            </ow-dc:owObject>
        </sl:stand>
        <sl:stand>
            <ow-dc:owObject>
                <regels:RegelVoorIedereen>
                    <regels:identificatie>nl.imow-pv30.juridischeregel.00300136T000000000027024</regels:identificatie>
                    <regels:idealisatie>http://standaarden.omgevingswet.overheid.nl/idealisatie/id/concept/Exact</regels:idealisatie>
                    <regels:artikelOfLid>
                        <regels:RegeltekstRef xlink:href="nl.imow-pv30.regeltekst.00300136T000000000027024"/>
                    </regels:artikelOfLid>
                    <regels:locatieaanduiding>
                        <l:LocatieRef xlink:href="nl.imow-pv30.ambtsgebied.00300136T000000000009930"/>
                    </regels:locatieaanduiding>
                </regels:RegelVoorIedereen>
            </ow-dc:owObject>
        </sl:stand>
        <sl:stand>
            <ow-dc:owObject>
                <regels:RegelVoorIedereen>
                    <regels:identificatie>nl.imow-pv30.juridischeregel.00300136T000000000027025</regels:identificatie>
                    <regels:idealisatie>http://standaarden.omgevingswet.overheid.nl/idealisatie/id/concept/Exact</regels:idealisatie>
                    <regels:artikelOfLid>
                        <regels:RegeltekstRef xlink:href="nl.imow-pv30.regeltekst.00300136T000000000027025"/>
                    </regels:artikelOfLid>
                    <regels:locatieaanduiding>
                        <l:LocatieRef xlink:href="nl.imow-pv30.gebied.00300136T023642000000000e482"/>
                    </regels:locatieaanduiding>
                    <regels:omgevingsnormaanduiding>
                        <rol:OmgevingsnormRef xlink:href="nl.imow-pv30.omgevingsnorm.00300136T000000000000020"/>
                    </regels:omgevingsnormaanduiding>
                </regels:RegelVoorIedereen>
            </ow-dc:owObject>
        </sl:stand>
        <sl:stand>
            <ow-dc:owObject>
                <regels:RegelVoorIedereen>
                    <regels:identificatie>nl.imow-pv30.juridischeregel.00300136T000000000027026</regels:identificatie>
                    <regels:idealisatie>http://standaarden.omgevingswet.overheid.nl/idealisatie/id/concept/Exact</regels:idealisatie>
                    <regels:artikelOfLid>
                        <regels:RegeltekstRef xlink:href="nl.imow-pv30.regeltekst.00300136T000000000027026"/>
                    </regels:artikelOfLid>
                    <regels:locatieaanduiding>
                        <l:LocatieRef xlink:href="nl.imow-pv30.ambtsgebied.00300136T000000000009930"/>
                    </regels:locatieaanduiding>
                </regels:RegelVoorIedereen>
            </ow-dc:owObject>
        </sl:stand>
        <sl:stand>
            <ow-dc:owObject>
                <regels:RegelVoorIedereen>
                    <regels:identificatie>nl.imow-pv30.juridischeregel.00300136T000000000027027</regels:identificatie>
                    <regels:idealisatie>http://standaarden.omgevingswet.overheid.nl/idealisatie/id/concept/Exact</regels:idealisatie>
                    <regels:artikelOfLid>
                        <regels:RegeltekstRef xlink:href="nl.imow-pv30.regeltekst.00300136T000000000027027"/>
                    </regels:artikelOfLid>
                    <regels:locatieaanduiding>
                        <l:LocatieRef xlink:href="nl.imow-pv30.ambtsgebied.00300136T000000000009930"/>
                    </regels:locatieaanduiding>
                </regels:RegelVoorIedereen>
            </ow-dc:owObject>
        </sl:stand>
        <sl:stand>
            <ow-dc:owObject>
                <regels:RegelVoorIedereen>
                    <regels:identificatie>nl.imow-pv30.juridischeregel.00300136T000000000027028</regels:identificatie>
                    <regels:idealisatie>http://standaarden.omgevingswet.overheid.nl/idealisatie/id/concept/Exact</regels:idealisatie>
                    <regels:artikelOfLid>
                        <regels:RegeltekstRef xlink:href="nl.imow-pv30.regeltekst.00300136T000000000027028"/>
                    </regels:artikelOfLid>
                    <regels:locatieaanduiding>
                        <l:LocatieRef xlink:href="nl.imow-pv30.ambtsgebied.00300136T000000000009930"/>
                    </regels:locatieaanduiding>
                </regels:RegelVoorIedereen>
            </ow-dc:owObject>
        </sl:stand>
        <sl:stand>
            <ow-dc:owObject>
                <regels:RegelVoorIedereen>
                    <regels:identificatie>nl.imow-pv30.juridischeregel.00300136T000000000027030</regels:identificatie>
                    <regels:idealisatie>http://standaarden.omgevingswet.overheid.nl/idealisatie/id/concept/Exact</regels:idealisatie>
                    <regels:artikelOfLid>
                        <regels:RegeltekstRef xlink:href="nl.imow-pv30.regeltekst.00300136T000000000027030"/>
                    </regels:artikelOfLid>
                    <regels:locatieaanduiding>
                        <l:LocatieRef xlink:href="nl.imow-pv30.gebied.00300136T023641800000000e480"/>
                    </regels:locatieaanduiding>
                    <regels:omgevingsnormaanduiding>
                        <rol:OmgevingsnormRef xlink:href="nl.imow-pv30.omgevingsnorm.00300136T000000000000018"/>
                    </regels:omgevingsnormaanduiding>
                </regels:RegelVoorIedereen>
            </ow-dc:owObject>
        </sl:stand>
        <sl:stand>
            <ow-dc:owObject>
                <regels:RegelVoorIedereen>
                    <regels:identificatie>nl.imow-pv30.juridischeregel.00300136T000000000027032</regels:identificatie>
                    <regels:idealisatie>http://standaarden.omgevingswet.overheid.nl/idealisatie/id/concept/Exact</regels:idealisatie>
                    <regels:artikelOfLid>
                        <regels:RegeltekstRef xlink:href="nl.imow-pv30.regeltekst.00300136T000000000027032"/>
                    </regels:artikelOfLid>
                    <regels:locatieaanduiding>
                        <l:LocatieRef xlink:href="nl.imow-pv30.ambtsgebied.00300136T000000000009930"/>
                    </regels:locatieaanduiding>
                </regels:RegelVoorIedereen>
            </ow-dc:owObject>
        </sl:stand>
        <sl:stand>
            <ow-dc:owObject>
                <regels:RegelVoorIedereen>
                    <regels:identificatie>nl.imow-pv30.juridischeregel.00300136T000000000027033</regels:identificatie>
                    <regels:idealisatie>http://standaarden.omgevingswet.overheid.nl/idealisatie/id/concept/Exact</regels:idealisatie>
                    <regels:artikelOfLid>
                        <regels:RegeltekstRef xlink:href="nl.imow-pv30.regeltekst.00300136T000000000027033"/>
                    </regels:artikelOfLid>
                    <regels:locatieaanduiding>
                        <l:LocatieRef xlink:href="nl.imow-pv30.ambtsgebied.00300136T000000000009930"/>
                    </regels:locatieaanduiding>
                </regels:RegelVoorIedereen>
            </ow-dc:owObject>
        </sl:stand>
        <sl:stand>
            <ow-dc:owObject>
                <regels:RegelVoorIedereen>
                    <regels:identificatie>nl.imow-pv30.juridischeregel.00300136T000000000027034</regels:identificatie>
                    <regels:idealisatie>http://standaarden.omgevingswet.overheid.nl/idealisatie/id/concept/Exact</regels:idealisatie>
                    <regels:artikelOfLid>
                        <regels:RegeltekstRef xlink:href="nl.imow-pv30.regeltekst.00300136T000000000027034"/>
                    </regels:artikelOfLid>
                    <regels:locatieaanduiding>
                        <l:LocatieRef xlink:href="nl.imow-pv30.ambtsgebied.00300136T000000000009930"/>
                    </regels:locatieaanduiding>
                </regels:RegelVoorIedereen>
            </ow-dc:owObject>
        </sl:stand>
        <sl:stand>
            <ow-dc:owObject>
                <regels:RegelVoorIedereen>
                    <regels:identificatie>nl.imow-pv30.juridischeregel.00300136T000000000027036</regels:identificatie>
                    <regels:idealisatie>http://standaarden.omgevingswet.overheid.nl/idealisatie/id/concept/Exact</regels:idealisatie>
                    <regels:artikelOfLid>
                        <regels:RegeltekstRef xlink:href="nl.imow-pv30.regeltekst.00300136T000000000027036"/>
                    </regels:artikelOfLid>
                    <regels:locatieaanduiding>
                        <l:LocatieRef xlink:href="nl.imow-pv30.gebied.00300136T023641800000000e480"/>
                    </regels:locatieaanduiding>
                    <regels:omgevingsnormaanduiding>
                        <rol:OmgevingsnormRef xlink:href="nl.imow-pv30.omgevingsnorm.00300136T000000000000018"/>
                    </regels:omgevingsnormaanduiding>
                </regels:RegelVoorIedereen>
            </ow-dc:owObject>
        </sl:stand>
        <sl:stand>
            <ow-dc:owObject>
                <regels:RegelVoorIedereen>
                    <regels:identificatie>nl.imow-pv30.juridischeregel.00300136T000000000027037</regels:identificatie>
                    <regels:idealisatie>http://standaarden.omgevingswet.overheid.nl/idealisatie/id/concept/Exact</regels:idealisatie>
                    <regels:artikelOfLid>
                        <regels:RegeltekstRef xlink:href="nl.imow-pv30.regeltekst.00300136T000000000027037"/>
                    </regels:artikelOfLid>
                    <regels:locatieaanduiding>
                        <l:LocatieRef xlink:href="nl.imow-pv30.gebiedengroep.00300136T000000000000126"/>
                    </regels:locatieaanduiding>
                    <regels:gebiedsaanwijzing>
                        <ga:GebiedsaanwijzingRef xlink:href="nl.imow-pv30.gebiedsaanwijzing.00300136T000000000001108"/>
                    </regels:gebiedsaanwijzing>
                    <regels:activiteitaanduiding>
                        <rol:ActiviteitRef xlink:href="nl.imow-pv30.activiteit.00300136T0000000000000051"/>
                        <regels:ActiviteitLocatieaanduiding>
                            <regels:identificatie>nl.imow-pv30.activiteitlocatieaanduiding.00300136T000000005127037</regels:identificatie>
                            <regels:activiteitregelkwalificatie>http://standaarden.omgevingswet.overheid.nl/activiteitregelkwalificatie/id/concept/AndersGeduid</regels:activiteitregelkwalificatie>
                            <regels:locatieaanduiding>
<l:LocatieRef xlink:href="nl.imow-pv30.gebiedengroep.00300136T000000000000126"/>
                            </regels:locatieaanduiding>
                        </regels:ActiviteitLocatieaanduiding>
                    </regels:activiteitaanduiding>
                </regels:RegelVoorIedereen>
            </ow-dc:owObject>
        </sl:stand>
        <sl:stand>
            <ow-dc:owObject>
                <regels:RegelVoorIedereen>
                    <regels:identificatie>nl.imow-pv30.juridischeregel.00300136T000000000027038</regels:identificatie>
                    <regels:idealisatie>http://standaarden.omgevingswet.overheid.nl/idealisatie/id/concept/Exact</regels:idealisatie>
                    <regels:artikelOfLid>
                        <regels:RegeltekstRef xlink:href="nl.imow-pv30.regeltekst.00300136T000000000027038"/>
                    </regels:artikelOfLid>
                    <regels:locatieaanduiding>
                        <l:LocatieRef xlink:href="nl.imow-pv30.ambtsgebied.00300136T000000000009930"/>
                    </regels:locatieaanduiding>
                </regels:RegelVoorIedereen>
            </ow-dc:owObject>
        </sl:stand>
        <sl:stand>
            <ow-dc:owObject>
                <regels:RegelVoorIedereen>
                    <regels:identificatie>nl.imow-pv30.juridischeregel.00300136T000000000027039</regels:identificatie>
                    <regels:idealisatie>http://standaarden.omgevingswet.overheid.nl/idealisatie/id/concept/Exact</regels:idealisatie>
                    <regels:artikelOfLid>
                        <regels:RegeltekstRef xlink:href="nl.imow-pv30.regeltekst.00300136T000000000027039"/>
                    </regels:artikelOfLid>
                    <regels:locatieaanduiding>
                        <l:LocatieRef xlink:href="nl.imow-pv30.ambtsgebied.00300136T000000000009930"/>
                    </regels:locatieaanduiding>
                </regels:RegelVoorIedereen>
            </ow-dc:owObject>
        </sl:stand>
        <sl:stand>
            <ow-dc:owObject>
                <regels:RegelVoorIedereen>
                    <regels:identificatie>nl.imow-pv30.juridischeregel.00300136T000000000027040</regels:identificatie>
                    <regels:idealisatie>http://standaarden.omgevingswet.overheid.nl/idealisatie/id/concept/Exact</regels:idealisatie>
                    <regels:artikelOfLid>
                        <regels:RegeltekstRef xlink:href="nl.imow-pv30.regeltekst.00300136T000000000027040"/>
                    </regels:artikelOfLid>
                    <regels:locatieaanduiding>
                        <l:LocatieRef xlink:href="nl.imow-pv30.ambtsgebied.00300136T000000000009930"/>
                    </regels:locatieaanduiding>
                </regels:RegelVoorIedereen>
            </ow-dc:owObject>
        </sl:stand>
        <sl:stand>
            <ow-dc:owObject>
                <regels:RegelVoorIedereen>
                    <regels:identificatie>nl.imow-pv30.juridischeregel.00300136T000000000027041</regels:identificatie>
                    <regels:idealisatie>http://standaarden.omgevingswet.overheid.nl/idealisatie/id/concept/Exact</regels:idealisatie>
                    <regels:artikelOfLid>
                        <regels:RegeltekstRef xlink:href="nl.imow-pv30.regeltekst.00300136T000000000027041"/>
                    </regels:artikelOfLid>
                    <regels:locatieaanduiding>
                        <l:LocatieRef xlink:href="nl.imow-pv30.gebied.00300136T023642200000000e488"/>
                        <l:LocatieRef xlink:href="nl.imow-pv30.gebied.00300136T023642200000000e487"/>
                    </regels:locatieaanduiding>
                    <regels:omgevingsnormaanduiding>
                        <rol:OmgevingsnormRef xlink:href="nl.imow-pv30.omgevingsnorm.00300136T000000000000022"/>
                    </regels:omgevingsnormaanduiding>
                </regels:RegelVoorIedereen>
            </ow-dc:owObject>
        </sl:stand>
        <sl:stand>
            <ow-dc:owObject>
                <regels:RegelVoorIedereen>
                    <regels:identificatie>nl.imow-pv30.juridischeregel.00300136T000000000027042</regels:identificatie>
                    <regels:idealisatie>http://standaarden.omgevingswet.overheid.nl/idealisatie/id/concept/Exact</regels:idealisatie>
                    <regels:artikelOfLid>
                        <regels:RegeltekstRef xlink:href="nl.imow-pv30.regeltekst.00300136T000000000027042"/>
                    </regels:artikelOfLid>
                    <regels:locatieaanduiding>
                        <l:LocatieRef xlink:href="nl.imow-pv30.ambtsgebied.00300136T000000000009930"/>
                    </regels:locatieaanduiding>
                </regels:RegelVoorIedereen>
            </ow-dc:owObject>
        </sl:stand>
        <sl:stand>
            <ow-dc:owObject>
                <regels:RegelVoorIedereen>
                    <regels:identificatie>nl.imow-pv30.juridischeregel.00300136T000000000027043</regels:identificatie>
                    <regels:idealisatie>http://standaarden.omgevingswet.overheid.nl/idealisatie/id/concept/Exact</regels:idealisatie>
                    <regels:artikelOfLid>
                        <regels:RegeltekstRef xlink:href="nl.imow-pv30.regeltekst.00300136T000000000027043"/>
                    </regels:artikelOfLid>
                    <regels:locatieaanduiding>
                        <l:LocatieRef xlink:href="nl.imow-pv30.ambtsgebied.00300136T000000000009930"/>
                    </regels:locatieaanduiding>
                </regels:RegelVoorIedereen>
            </ow-dc:owObject>
        </sl:stand>
        <sl:stand>
            <ow-dc:owObject>
                <regels:RegelVoorIedereen>
                    <regels:identificatie>nl.imow-pv30.juridischeregel.00300136T000000000027044</regels:identificatie>
                    <regels:idealisatie>http://standaarden.omgevingswet.overheid.nl/idealisatie/id/concept/Exact</regels:idealisatie>
                    <regels:artikelOfLid>
                        <regels:RegeltekstRef xlink:href="nl.imow-pv30.regeltekst.00300136T000000000027044"/>
                    </regels:artikelOfLid>
                    <regels:locatieaanduiding>
                        <l:LocatieRef xlink:href="nl.imow-pv30.ambtsgebied.00300136T000000000009930"/>
                    </regels:locatieaanduiding>
                </regels:RegelVoorIedereen>
            </ow-dc:owObject>
        </sl:stand>
        <sl:stand>
            <ow-dc:owObject>
                <regels:RegelVoorIedereen>
                    <regels:identificatie>nl.imow-pv30.juridischeregel.00300136T000000000027045</regels:identificatie>
                    <regels:idealisatie>http://standaarden.omgevingswet.overheid.nl/idealisatie/id/concept/Exact</regels:idealisatie>
                    <regels:artikelOfLid>
                        <regels:RegeltekstRef xlink:href="nl.imow-pv30.regeltekst.00300136T000000000027045"/>
                    </regels:artikelOfLid>
                    <regels:locatieaanduiding>
                        <l:LocatieRef xlink:href="nl.imow-pv30.ambtsgebied.00300136T000000000009930"/>
                    </regels:locatieaanduiding>
                </regels:RegelVoorIedereen>
            </ow-dc:owObject>
        </sl:stand>
        <sl:stand>
            <ow-dc:owObject>
                <regels:RegelVoorIedereen>
                    <regels:identificatie>nl.imow-pv30.juridischeregel.00300136T000000000027046</regels:identificatie>
                    <regels:idealisatie>http://standaarden.omgevingswet.overheid.nl/idealisatie/id/concept/Exact</regels:idealisatie>
                    <regels:artikelOfLid>
                        <regels:RegeltekstRef xlink:href="nl.imow-pv30.regeltekst.00300136T000000000027046"/>
                    </regels:artikelOfLid>
                    <regels:locatieaanduiding>
                        <l:LocatieRef xlink:href="nl.imow-pv30.ambtsgebied.00300136T000000000009930"/>
                    </regels:locatieaanduiding>
                </regels:RegelVoorIedereen>
            </ow-dc:owObject>
        </sl:stand>
        <sl:stand>
            <ow-dc:owObject>
                <regels:RegelVoorIedereen>
                    <regels:identificatie>nl.imow-pv30.juridischeregel.00300136T000000000027047</regels:identificatie>
                    <regels:idealisatie>http://standaarden.omgevingswet.overheid.nl/idealisatie/id/concept/Exact</regels:idealisatie>
                    <regels:artikelOfLid>
                        <regels:RegeltekstRef xlink:href="nl.imow-pv30.regeltekst.00300136T000000000027047"/>
                    </regels:artikelOfLid>
                    <regels:locatieaanduiding>
                        <l:LocatieRef xlink:href="nl.imow-pv30.ambtsgebied.00300136T000000000009930"/>
                    </regels:locatieaanduiding>
                </regels:RegelVoorIedereen>
            </ow-dc:owObject>
        </sl:stand>
        <sl:stand>
            <ow-dc:owObject>
                <regels:RegelVoorIedereen>
                    <regels:identificatie>nl.imow-pv30.juridischeregel.00300136T000000000027048</regels:identificatie>
                    <regels:idealisatie>http://standaarden.omgevingswet.overheid.nl/idealisatie/id/concept/Exact</regels:idealisatie>
                    <regels:artikelOfLid>
                        <regels:RegeltekstRef xlink:href="nl.imow-pv30.regeltekst.00300136T000000000027048"/>
                    </regels:artikelOfLid>
                    <regels:locatieaanduiding>
                        <l:LocatieRef xlink:href="nl.imow-pv30.ambtsgebied.00300136T000000000009930"/>
                    </regels:locatieaanduiding>
                </regels:RegelVoorIedereen>
            </ow-dc:owObject>
        </sl:stand>
        <sl:stand>
            <ow-dc:owObject>
                <regels:RegelVoorIedereen>
                    <regels:identificatie>nl.imow-pv30.juridischeregel.00300136T000000000027049</regels:identificatie>
                    <regels:idealisatie>http://standaarden.omgevingswet.overheid.nl/idealisatie/id/concept/Exact</regels:idealisatie>
                    <regels:artikelOfLid>
                        <regels:RegeltekstRef xlink:href="nl.imow-pv30.regeltekst.00300136T000000000027049"/>
                    </regels:artikelOfLid>
                    <regels:locatieaanduiding>
                        <l:LocatieRef xlink:href="nl.imow-pv30.ambtsgebied.00300136T000000000009930"/>
                    </regels:locatieaanduiding>
                </regels:RegelVoorIedereen>
            </ow-dc:owObject>
        </sl:stand>
        <sl:stand>
            <ow-dc:owObject>
                <regels:RegelVoorIedereen>
                    <regels:identificatie>nl.imow-pv30.juridischeregel.00300136T000000000027059</regels:identificatie>
                    <regels:idealisatie>http://standaarden.omgevingswet.overheid.nl/idealisatie/id/concept/Indicatief</regels:idealisatie>
                    <regels:artikelOfLid>
                        <regels:RegeltekstRef xlink:href="nl.imow-pv30.regeltekst.00300136T000000000027059"/>
                    </regels:artikelOfLid>
                    <regels:locatieaanduiding>
                        <l:LocatieRef xlink:href="nl.imow-pv30.gebiedengroep.00300136T000000000000093"/>
                    </regels:locatieaanduiding>
                </regels:RegelVoorIedereen>
            </ow-dc:owObject>
        </sl:stand>
        <sl:stand>
            <ow-dc:owObject>
                <regels:RegelVoorIedereen>
                    <regels:identificatie>nl.imow-pv30.juridischeregel.00300136T000000000027061</regels:identificatie>
                    <regels:idealisatie>http://standaarden.omgevingswet.overheid.nl/idealisatie/id/concept/Indicatief</regels:idealisatie>
                    <regels:artikelOfLid>
                        <regels:RegeltekstRef xlink:href="nl.imow-pv30.regeltekst.00300136T000000000027061"/>
                    </regels:artikelOfLid>
                    <regels:locatieaanduiding>
                        <l:LocatieRef xlink:href="nl.imow-pv30.gebiedengroep.00300136T000000000000093"/>
                    </regels:locatieaanduiding>
                </regels:RegelVoorIedereen>
            </ow-dc:owObject>
        </sl:stand>
        <sl:stand>
            <ow-dc:owObject>
                <regels:RegelVoorIedereen>
                    <regels:identificatie>nl.imow-pv30.juridischeregel.00300136T000000000027062</regels:identificatie>
                    <regels:idealisatie>http://standaarden.omgevingswet.overheid.nl/idealisatie/id/concept/Indicatief</regels:idealisatie>
                    <regels:artikelOfLid>
                        <regels:RegeltekstRef xlink:href="nl.imow-pv30.regeltekst.00300136T000000000027062"/>
                    </regels:artikelOfLid>
                    <regels:locatieaanduiding>
                        <l:LocatieRef xlink:href="nl.imow-pv30.gebiedengroep.00300136T000000000000184"/>
                    </regels:locatieaanduiding>
                    <regels:activiteitaanduiding>
                        <rol:ActiviteitRef xlink:href="nl.imow-pv30.activiteit.00300136T0000000000000051"/>
                        <regels:ActiviteitLocatieaanduiding>
                            <regels:identificatie>nl.imow-pv30.activiteitlocatieaanduiding.00300136T000000005127062</regels:identificatie>
                            <regels:activiteitregelkwalificatie>http://standaarden.omgevingswet.overheid.nl/activiteitregelkwalificatie/id/concept/AndersGeduid</regels:activiteitregelkwalificatie>
                            <regels:locatieaanduiding>
<l:LocatieRef xlink:href="nl.imow-pv30.gebiedengroep.00300136T000000000000184"/>
                            </regels:locatieaanduiding>
                        </regels:ActiviteitLocatieaanduiding>
                    </regels:activiteitaanduiding>
                    <regels:activiteitaanduiding>
                        <rol:ActiviteitRef xlink:href="nl.imow-pv30.activiteit.00300136T0000000000000057"/>
                        <regels:ActiviteitLocatieaanduiding>
                            <regels:identificatie>nl.imow-pv30.activiteitlocatieaanduiding.00300136T000000005727062</regels:identificatie>
                            <regels:activiteitregelkwalificatie>http://standaarden.omgevingswet.overheid.nl/activiteitregelkwalificatie/id/concept/AndersGeduid</regels:activiteitregelkwalificatie>
                            <regels:locatieaanduiding>
<l:LocatieRef xlink:href="nl.imow-pv30.gebiedengroep.00300136T000000000000184"/>
                            </regels:locatieaanduiding>
                        </regels:ActiviteitLocatieaanduiding>
                    </regels:activiteitaanduiding>
                </regels:RegelVoorIedereen>
            </ow-dc:owObject>
        </sl:stand>
        <sl:stand>
            <ow-dc:owObject>
                <regels:RegelVoorIedereen>
                    <regels:identificatie>nl.imow-pv30.juridischeregel.00300136T000000000029519</regels:identificatie>
                    <regels:idealisatie>http://standaarden.omgevingswet.overheid.nl/idealisatie/id/concept/Exact</regels:idealisatie>
                    <regels:artikelOfLid>
                        <regels:RegeltekstRef xlink:href="nl.imow-pv30.regeltekst.00300136T000000000029519"/>
                    </regels:artikelOfLid>
                    <regels:locatieaanduiding>
                        <l:LocatieRef xlink:href="nl.imow-pv30.gebiedengroep.00300136T000000000000127"/>
                    </regels:locatieaanduiding>
                </regels:RegelVoorIedereen>
            </ow-dc:owObject>
        </sl:stand>
        <sl:stand>
            <ow-dc:owObject>
                <regels:RegelVoorIedereen>
                    <regels:identificatie>nl.imow-pv30.juridischeregel.00300136T000000000029520</regels:identificatie>
                    <regels:idealisatie>http://standaarden.omgevingswet.overheid.nl/idealisatie/id/concept/Exact</regels:idealisatie>
                    <regels:artikelOfLid>
                        <regels:RegeltekstRef xlink:href="nl.imow-pv30.regeltekst.00300136T000000000029520"/>
                    </regels:artikelOfLid>
                    <regels:locatieaanduiding>
                        <l:LocatieRef xlink:href="nl.imow-pv30.ambtsgebied.00300136T000000000009930"/>
                    </regels:locatieaanduiding>
                </regels:RegelVoorIedereen>
            </ow-dc:owObject>
        </sl:stand>
        <sl:stand>
            <ow-dc:owObject>
                <regels:RegelVoorIedereen>
                    <regels:identificatie>nl.imow-pv30.juridischeregel.00300136T000000000029533</regels:identificatie>
                    <regels:idealisatie>http://standaarden.omgevingswet.overheid.nl/idealisatie/id/concept/Exact</regels:idealisatie>
                    <regels:artikelOfLid>
                        <regels:RegeltekstRef xlink:href="nl.imow-pv30.regeltekst.00300136T000000000029533"/>
                    </regels:artikelOfLid>
                    <regels:locatieaanduiding>
                        <l:LocatieRef xlink:href="nl.imow-pv30.ambtsgebied.00300136T000000000009930"/>
                    </regels:locatieaanduiding>
                </regels:RegelVoorIedereen>
            </ow-dc:owObject>
        </sl:stand>
        <sl:stand>
            <ow-dc:owObject>
                <regels:RegelVoorIedereen>
                    <regels:identificatie>nl.imow-pv30.juridischeregel.00300136T000000000029534</regels:identificatie>
                    <regels:idealisatie>http://standaarden.omgevingswet.overheid.nl/idealisatie/id/concept/Exact</regels:idealisatie>
                    <regels:artikelOfLid>
                        <regels:RegeltekstRef xlink:href="nl.imow-pv30.regeltekst.00300136T000000000029534"/>
                    </regels:artikelOfLid>
                    <regels:locatieaanduiding>
                        <l:LocatieRef xlink:href="nl.imow-pv30.ambtsgebied.00300136T000000000009930"/>
                    </regels:locatieaanduiding>
                </regels:RegelVoorIedereen>
            </ow-dc:owObject>
        </sl:stand>
        <sl:stand>
            <ow-dc:owObject>
                <regels:RegelVoorIedereen>
                    <regels:identificatie>nl.imow-pv30.juridischeregel.00300136T000000000029535</regels:identificatie>
                    <regels:idealisatie>http://standaarden.omgevingswet.overheid.nl/idealisatie/id/concept/Exact</regels:idealisatie>
                    <regels:artikelOfLid>
                        <regels:RegeltekstRef xlink:href="nl.imow-pv30.regeltekst.00300136T000000000029535"/>
                    </regels:artikelOfLid>
                    <regels:locatieaanduiding>
                        <l:LocatieRef xlink:href="nl.imow-pv30.ambtsgebied.00300136T000000000009930"/>
                    </regels:locatieaanduiding>
                </regels:RegelVoorIedereen>
            </ow-dc:owObject>
        </sl:stand>
        <sl:stand>
            <ow-dc:owObject>
                <regels:RegelVoorIedereen>
                    <regels:identificatie>nl.imow-pv30.juridischeregel.00300136T000000000029536</regels:identificatie>
                    <regels:idealisatie>http://standaarden.omgevingswet.overheid.nl/idealisatie/id/concept/Exact</regels:idealisatie>
                    <regels:artikelOfLid>
                        <regels:RegeltekstRef xlink:href="nl.imow-pv30.regeltekst.00300136T000000000029536"/>
                    </regels:artikelOfLid>
                    <regels:locatieaanduiding>
                        <l:LocatieRef xlink:href="nl.imow-pv30.ambtsgebied.00300136T000000000009930"/>
                    </regels:locatieaanduiding>
                </regels:RegelVoorIedereen>
            </ow-dc:owObject>
        </sl:stand>
    </sl:standBestand>
</ow-dc:owBestand>
