<InformatieObjectVersieMetadata schemaversie="1.3.0" xmlns="https://standaarden.overheid.nl/stop/imop/data/">
    <heeftBestanden>
        <heeftBestand>
            <Bestand>
                <bestandsnaam>GIO-2bb61f1a.gml</bestandsnaam>
                <hash>115c87bfdc26c5cc23334f58eddee5f391c3685ca7c57ff24fadadb1751708926c4873f5141d11354bfa5205a790a485b8bec39924672c7955bcb5ee1b56e0bb</hash>
            </Bestand>
        </heeftBestand>
    </heeftBestanden>
    <heeftGeboorteregeling>/akn/nl/act/pv28/2024/ZHOV</heeftGeboorteregeling>
</InformatieObjectVersieMetadata>