<?xml version="1.0" encoding="UTF-8" standalone="yes"?>
<ow-dc:owBestand xmlns:rol="http://www.geostandaarden.nl/imow/regelsoplocatie" xmlns:schemaLocation="http://www.geostandaarden.nl/imow/bestanden/deelbestand https://register.geostandaarden.nl/xmlschema/tpod/v2.0.0/bestanden-ow/deelbestand-ow/IMOW_Deelbestand.xsd" xmlns:rg="http://www.geostandaarden.nl/imow/regelingsgebied" xmlns:da="http://www.geostandaarden.nl/imow/datatypenalgemeen" xmlns:l="http://www.geostandaarden.nl/imow/locatie" xmlns:sym="http://www.geostandaarden.nl/imow/symbolisatie" xmlns:xsi="http://www.w3.org/2001/XMLSchema-instance" xmlns:kaart="http://www.geostandaarden.nl/imow/kaart" xmlns="http://www.geostandaarden.nl/bestanden-ow/manifest-ow" xmlns:xlink="http://www.w3.org/1999/xlink" xmlns:ow-dc="http://www.geostandaarden.nl/imow/bestanden/deelbestand" xmlns:ga="http://www.geostandaarden.nl/imow/gebiedsaanwijzing" xmlns:sl="http://www.geostandaarden.nl/bestanden-ow/standlevering-generiek" xmlns:p="http://www.geostandaarden.nl/imow/pons" xmlns:regels="http://www.geostandaarden.nl/imow/regels" xmlns:ow="http://www.geostandaarden.nl/imow/owobject" xmlns:vt="http://www.geostandaarden.nl/imow/vrijetekst" xmlns:op="http://www.geostandaarden.nl/imow/opobject">
    <sl:standBestand>
        <sl:dataset>Onbekend</sl:dataset>
        <sl:inhoud>
            <sl:gebied>Onbekend</sl:gebied>
            <sl:leveringsId>Onbekend</sl:leveringsId>
            <sl:objectTypen>
                <sl:objectType>Activiteit</sl:objectType>
            </sl:objectTypen>
        </sl:inhoud>
        <sl:stand>
            <ow-dc:owObject>
                <rol:Activiteit>
                    <rol:identificatie>nl.imow-pv28.activiteit.01f9fc66d65b47abafeb32eb8ee5e31b</rol:identificatie>
                    <rol:naam>Stookinstallatie in een grondwaterbeschermingsgebied</rol:naam>
                    <rol:groep>http://standaarden.omgevingswet.overheid.nl/activiteit/id/concept/MilieubelastendeActiviteitOverig</rol:groep>
                    <rol:bovenliggendeActiviteit>
                        <rol:ActiviteitRef xlink:href="nl.imow-pv28.activiteit.530d0a5c560b4826a8b33cdd3778a7e5"/>
                    </rol:bovenliggendeActiviteit>
                </rol:Activiteit>
            </ow-dc:owObject>
        </sl:stand>
        <sl:stand>
            <ow-dc:owObject>
                <rol:Activiteit>
                    <rol:identificatie>nl.imow-pv28.activiteit.089644bdac954a41bd6671af89d4f47a</rol:identificatie>
                    <rol:naam>Drainwater of spoelwater van filters bij substraatteelt in een kas</rol:naam>
                    <rol:groep>http://standaarden.omgevingswet.overheid.nl/activiteit/id/concept/MilieubelastendeActiviteit</rol:groep>
                    <rol:bovenliggendeActiviteit>
                        <rol:ActiviteitRef xlink:href="nl.imow-pv28.activiteit.6b80b8d1b7a94793a8ab050c62ab2700"/>
                    </rol:bovenliggendeActiviteit>
                </rol:Activiteit>
            </ow-dc:owObject>
        </sl:stand>
        <sl:stand>
            <ow-dc:owObject>
                <rol:Activiteit>
                    <rol:identificatie>nl.imow-pv28.activiteit.093254a18b5a424caff67fd7bba14092</rol:identificatie>
                    <rol:naam>Kabels en leidingen aanleggen, in stand houden of verwijderen in het beperkingengebied van een provinciale weg</rol:naam>
                    <rol:groep>http://standaarden.omgevingswet.overheid.nl/activiteit/id/concept/Beperkingengebiedactiviteit</rol:groep>
                    <rol:bovenliggendeActiviteit>
                        <rol:ActiviteitRef xlink:href="nl.imow-pv28.activiteit.50904d4445ae4e47b7df3149f6f21175"/>
                    </rol:bovenliggendeActiviteit>
                </rol:Activiteit>
            </ow-dc:owObject>
        </sl:stand>
        <sl:stand>
            <ow-dc:owObject>
                <rol:Activiteit>
                    <rol:identificatie>nl.imow-pv28.activiteit.0ad4bcfac42b4b218d0c21d1bcb0a684</rol:identificatie>
                    <rol:naam>Grondwatersanering</rol:naam>
                    <rol:groep>http://standaarden.omgevingswet.overheid.nl/activiteit/id/concept/Grondwateractiviteit</rol:groep>
                    <rol:bovenliggendeActiviteit>
                        <rol:ActiviteitRef xlink:href="nl.imow-pv28.activiteit.236c47396b1a4a689ed20862fda1a6dc"/>
                    </rol:bovenliggendeActiviteit>
                </rol:Activiteit>
            </ow-dc:owObject>
        </sl:stand>
        <sl:stand>
            <ow-dc:owObject>
                <rol:Activiteit>
                    <rol:identificatie>nl.imow-pv28.activiteit.0b80dac18fb042f8bc3707e8bf26b4c2</rol:identificatie>
                    <rol:naam>Ippc-installatie in een grondwaterbeschermingsgebied</rol:naam>
                    <rol:groep>http://standaarden.omgevingswet.overheid.nl/activiteit/id/concept/MilieubelastendeActiviteitOverig</rol:groep>
                    <rol:bovenliggendeActiviteit>
                        <rol:ActiviteitRef xlink:href="nl.imow-pv28.activiteit.530d0a5c560b4826a8b33cdd3778a7e5"/>
                    </rol:bovenliggendeActiviteit>
                </rol:Activiteit>
            </ow-dc:owObject>
        </sl:stand>
        <sl:stand>
            <ow-dc:owObject>
                <rol:Activiteit>
                    <rol:identificatie>nl.imow-pv28.activiteit.0e2a72f7863b47408b3e894a09af0f70</rol:identificatie>
                    <rol:naam>Ontvangen van afvalstoffen in een grondwaterbeschermingsgebied</rol:naam>
                    <rol:groep>http://standaarden.omgevingswet.overheid.nl/activiteit/id/concept/MilieubelastendeActiviteitOverig</rol:groep>
                    <rol:bovenliggendeActiviteit>
                        <rol:ActiviteitRef xlink:href="nl.imow-pv28.activiteit.a3c75aafc0274d8cb261302c22cbd9d3"/>
                    </rol:bovenliggendeActiviteit>
                </rol:Activiteit>
            </ow-dc:owObject>
        </sl:stand>
        <sl:stand>
            <ow-dc:owObject>
                <rol:Activiteit>
                    <rol:identificatie>nl.imow-pv28.activiteit.0f0f59844c6544359760d9f6f0e46c2c</rol:identificatie>
                    <rol:naam>Milieubelastende activiteit gereguleerd in de Zuid-Hollandse Omgevingsverordening</rol:naam>
                    <rol:groep>http://standaarden.omgevingswet.overheid.nl/activiteit/id/concept/MilieubelastendeActiviteit</rol:groep>
                    <rol:bovenliggendeActiviteit>
                        <rol:ActiviteitRef xlink:href="nl.imow-pv28.activiteit.6b1bf22b0f1241778d798dc05b36d4af"/>
                    </rol:bovenliggendeActiviteit>
                </rol:Activiteit>
            </ow-dc:owObject>
        </sl:stand>
        <sl:stand>
            <ow-dc:owObject>
                <rol:Activiteit>
                    <rol:identificatie>nl.imow-pv28.activiteit.136af466a68649848ffcf31a9fb5e426</rol:identificatie>
                    <rol:naam>Schietbaan in een grondwaterbeschermingsgebied</rol:naam>
                    <rol:groep>http://standaarden.omgevingswet.overheid.nl/activiteit/id/concept/MilieubelastendeActiviteitOverig</rol:groep>
                    <rol:bovenliggendeActiviteit>
                        <rol:ActiviteitRef xlink:href="nl.imow-pv28.activiteit.530d0a5c560b4826a8b33cdd3778a7e5"/>
                    </rol:bovenliggendeActiviteit>
                </rol:Activiteit>
            </ow-dc:owObject>
        </sl:stand>
        <sl:stand>
            <ow-dc:owObject>
                <rol:Activiteit>
                    <rol:identificatie>nl.imow-pv28.activiteit.166ae7cf0808479c900d54e5d840f38e</rol:identificatie>
                    <rol:naam>Activiteit met geitenhouderij</rol:naam>
                    <rol:groep>http://standaarden.omgevingswet.overheid.nl/activiteit/id/concept/AgrarischeActiviteit</rol:groep>
                    <rol:bovenliggendeActiviteit>
                        <rol:ActiviteitRef xlink:href="nl.imow-pv28.activiteit.efecf58874014475a3e7d31be28ab24a"/>
                    </rol:bovenliggendeActiviteit>
                </rol:Activiteit>
            </ow-dc:owObject>
        </sl:stand>
        <sl:stand>
            <ow-dc:owObject>
                <rol:Activiteit>
                    <rol:identificatie>nl.imow-pv28.activiteit.183fac06e3224dc09e4fee290c8c4ab9</rol:identificatie>
                    <rol:naam>Flora- en fauna-activiteit gereguleerd in de Zuid-Hollandse Omgevingsverordening</rol:naam>
                    <rol:groep>http://standaarden.omgevingswet.overheid.nl/activiteit/id/concept/Natuuractiviteit</rol:groep>
                    <rol:bovenliggendeActiviteit>
                        <rol:ActiviteitRef xlink:href="nl.imow-pv28.activiteit.6b1bf22b0f1241778d798dc05b36d4af"/>
                    </rol:bovenliggendeActiviteit>
                </rol:Activiteit>
            </ow-dc:owObject>
        </sl:stand>
        <sl:stand>
            <ow-dc:owObject>
                <rol:Activiteit>
                    <rol:identificatie>nl.imow-pv28.activiteit.186119765bb24299bb8d28ccf52a6c47</rol:identificatie>
                    <rol:naam>Verbranden van afvalstoffen anders dan in een IPPC-installatie in een grondwaterbeschermingsgebied</rol:naam>
                    <rol:groep>http://standaarden.omgevingswet.overheid.nl/activiteit/id/concept/MilieubelastendeActiviteitOverig</rol:groep>
                    <rol:bovenliggendeActiviteit>
                        <rol:ActiviteitRef xlink:href="nl.imow-pv28.activiteit.a3c75aafc0274d8cb261302c22cbd9d3"/>
                    </rol:bovenliggendeActiviteit>
                </rol:Activiteit>
            </ow-dc:owObject>
        </sl:stand>
        <sl:stand>
            <ow-dc:owObject>
                <rol:Activiteit>
                    <rol:identificatie>nl.imow-pv28.activiteit.1d630dd6512d444bb07afee80ef7b789</rol:identificatie>
                    <rol:naam>Reinigen van opslagtanks, verpakkingen, voertuigen of containers voor schadelijke stoffen in een grondwaterbeschermingsgebied</rol:naam>
                    <rol:groep>http://standaarden.omgevingswet.overheid.nl/activiteit/id/concept/MilieubelastendeActiviteitOverig</rol:groep>
                    <rol:bovenliggendeActiviteit>
                        <rol:ActiviteitRef xlink:href="nl.imow-pv28.activiteit.530d0a5c560b4826a8b33cdd3778a7e5"/>
                    </rol:bovenliggendeActiviteit>
                </rol:Activiteit>
            </ow-dc:owObject>
        </sl:stand>
        <sl:stand>
            <ow-dc:owObject>
                <rol:Activiteit>
                    <rol:identificatie>nl.imow-pv28.activiteit.1e1c0090177b43ccb5102410fbbc5792</rol:identificatie>
                    <rol:naam>Gelegenheid bieden tot zwemmen of baden in een badwaterbassin waarin het water wordt gedesinfecteerd</rol:naam>
                    <rol:groep>http://standaarden.omgevingswet.overheid.nl/activiteit/id/concept/GelegenheidTotZwemmenEnBadenBiedenactiviteit</rol:groep>
                    <rol:bovenliggendeActiviteit>
                        <rol:ActiviteitRef xlink:href="nl.imow-pv28.activiteit.904897cb4ae34d518b99eb0ffe28c4bb"/>
                    </rol:bovenliggendeActiviteit>
                </rol:Activiteit>
            </ow-dc:owObject>
        </sl:stand>
        <sl:stand>
            <ow-dc:owObject>
                <rol:Activiteit>
                    <rol:identificatie>nl.imow-pv28.activiteit.21487750398345bc92dc8b3cdddcf38d</rol:identificatie>
                    <rol:naam>Opslaan van autowrakken in een grondwaterbeschermingsgebied</rol:naam>
                    <rol:groep>http://standaarden.omgevingswet.overheid.nl/activiteit/id/concept/MilieubelastendeActiviteitOverig</rol:groep>
                    <rol:bovenliggendeActiviteit>
                        <rol:ActiviteitRef xlink:href="nl.imow-pv28.activiteit.a3c75aafc0274d8cb261302c22cbd9d3"/>
                    </rol:bovenliggendeActiviteit>
                </rol:Activiteit>
            </ow-dc:owObject>
        </sl:stand>
        <sl:stand>
            <ow-dc:owObject>
                <rol:Activiteit>
                    <rol:identificatie>nl.imow-pv28.activiteit.2154a48ce152412ba97d889da621f002</rol:identificatie>
                    <rol:naam>Minerale producten industrie in een grondwaterbeschermingsgebied</rol:naam>
                    <rol:groep>http://standaarden.omgevingswet.overheid.nl/activiteit/id/concept/MilieubelastendeActiviteitOverig</rol:groep>
                    <rol:bovenliggendeActiviteit>
                        <rol:ActiviteitRef xlink:href="nl.imow-pv28.activiteit.530d0a5c560b4826a8b33cdd3778a7e5"/>
                    </rol:bovenliggendeActiviteit>
                </rol:Activiteit>
            </ow-dc:owObject>
        </sl:stand>
        <sl:stand>
            <ow-dc:owObject>
                <rol:Activiteit>
                    <rol:identificatie>nl.imow-pv28.activiteit.23462efae5244270b80886c1942687cc</rol:identificatie>
                    <rol:naam>Ontgrondingsactiviteit gereguleerd in de Zuid-Hollandse Omgevingsverordening</rol:naam>
                    <rol:groep>http://standaarden.omgevingswet.overheid.nl/activiteit/id/concept/Ontgrondingsactiviteit</rol:groep>
                    <rol:bovenliggendeActiviteit>
                        <rol:ActiviteitRef xlink:href="nl.imow-pv28.activiteit.6b1bf22b0f1241778d798dc05b36d4af"/>
                    </rol:bovenliggendeActiviteit>
                </rol:Activiteit>
            </ow-dc:owObject>
        </sl:stand>
        <sl:stand>
            <ow-dc:owObject>
                <rol:Activiteit>
                    <rol:identificatie>nl.imow-pv28.activiteit.236c47396b1a4a689ed20862fda1a6dc</rol:identificatie>
                    <rol:naam>Activiteiten in verband met verontreiniging van het grondwater gereguleerd in de Zuid-Hollandse Omgevingsverordening</rol:naam>
                    <rol:groep>http://standaarden.omgevingswet.overheid.nl/activiteit/id/concept/Grondwateractiviteit</rol:groep>
                    <rol:bovenliggendeActiviteit>
                        <rol:ActiviteitRef xlink:href="nl.imow-pv28.activiteit.6b1bf22b0f1241778d798dc05b36d4af"/>
                    </rol:bovenliggendeActiviteit>
                </rol:Activiteit>
            </ow-dc:owObject>
        </sl:stand>
        <sl:stand>
            <ow-dc:owObject>
                <rol:Activiteit>
                    <rol:identificatie>nl.imow-pv28.activiteit.260d244ccf5140e99acaf4fd7f1b73ba</rol:identificatie>
                    <rol:naam>Exploiteren van een camping in een grondwaterbeschermingsgebied</rol:naam>
                    <rol:groep>http://standaarden.omgevingswet.overheid.nl/activiteit/id/concept/MilieubelastendeActiviteitOverig</rol:groep>
                    <rol:bovenliggendeActiviteit>
                        <rol:ActiviteitRef xlink:href="nl.imow-pv28.activiteit.530d0a5c560b4826a8b33cdd3778a7e5"/>
                    </rol:bovenliggendeActiviteit>
                </rol:Activiteit>
            </ow-dc:owObject>
        </sl:stand>
        <sl:stand>
            <ow-dc:owObject>
                <rol:Activiteit>
                    <rol:identificatie>nl.imow-pv28.activiteit.2ed1ea2d06b8460da79b3fb5bf1ae18d</rol:identificatie>
                    <rol:naam>Spoorweg in gebruik nemen of gebruiken in een grondwaterbeschermingsgebied</rol:naam>
                    <rol:groep>http://standaarden.omgevingswet.overheid.nl/activiteit/id/concept/MilieubelastendeActiviteitOverig</rol:groep>
                    <rol:bovenliggendeActiviteit>
                        <rol:ActiviteitRef xlink:href="nl.imow-pv28.activiteit.f74602d6a2ca4983928601b16250540f"/>
                    </rol:bovenliggendeActiviteit>
                </rol:Activiteit>
            </ow-dc:owObject>
        </sl:stand>
        <sl:stand>
            <ow-dc:owObject>
                <rol:Activiteit>
                    <rol:identificatie>nl.imow-pv28.activiteit.2fb06d14bf85430a8d6e7e753f370956</rol:identificatie>
                    <rol:naam>Beperkingengebiedactiviteit met betrekking tot een vaarweg in beheer bij de provincie Zuid-Holland</rol:naam>
                    <rol:groep>http://standaarden.omgevingswet.overheid.nl/activiteit/id/concept/Beperkingengebiedactiviteit</rol:groep>
                    <rol:bovenliggendeActiviteit>
                        <rol:ActiviteitRef xlink:href="nl.imow-pv28.activiteit.6b1bf22b0f1241778d798dc05b36d4af"/>
                    </rol:bovenliggendeActiviteit>
                </rol:Activiteit>
            </ow-dc:owObject>
        </sl:stand>
        <sl:stand>
            <ow-dc:owObject>
                <rol:Activiteit>
                    <rol:identificatie>nl.imow-pv28.activiteit.374fc977f2a042caa4296b7b45b97fb0</rol:identificatie>
                    <rol:naam>Gelegenheid bieden tot zwemmen of baden in een zwemvijver</rol:naam>
                    <rol:groep>http://standaarden.omgevingswet.overheid.nl/activiteit/id/concept/GelegenheidTotZwemmenEnBadenBiedenactiviteit</rol:groep>
                    <rol:bovenliggendeActiviteit>
                        <rol:ActiviteitRef xlink:href="nl.imow-pv28.activiteit.904897cb4ae34d518b99eb0ffe28c4bb"/>
                    </rol:bovenliggendeActiviteit>
                </rol:Activiteit>
            </ow-dc:owObject>
        </sl:stand>
        <sl:stand>
            <ow-dc:owObject>
                <rol:Activiteit>
                    <rol:identificatie>nl.imow-pv28.activiteit.38c461dc2d434de1a6adebca946a857c</rol:identificatie>
                    <rol:naam>Schadelijke handeling met beschermde soorten ten behoeve van ruimtelijke ontwikkeling of inrichting</rol:naam>
                    <rol:groep>http://standaarden.omgevingswet.overheid.nl/activiteit/id/concept/Natuuractiviteit</rol:groep>
                    <rol:bovenliggendeActiviteit>
                        <rol:ActiviteitRef xlink:href="nl.imow-pv28.activiteit.183fac06e3224dc09e4fee290c8c4ab9"/>
                    </rol:bovenliggendeActiviteit>
                </rol:Activiteit>
            </ow-dc:owObject>
        </sl:stand>
        <sl:stand>
            <ow-dc:owObject>
                <rol:Activiteit>
                    <rol:identificatie>nl.imow-pv28.activiteit.3e79369a79e24c3aa868168f260317fe</rol:identificatie>
                    <rol:naam>Deelnemen aan een toertocht voor motorrijtuigen in een stiltegebied</rol:naam>
                    <rol:groep>http://standaarden.omgevingswet.overheid.nl/activiteit/id/concept/Overig</rol:groep>
                    <rol:bovenliggendeActiviteit>
                        <rol:ActiviteitRef xlink:href="nl.imow-pv28.activiteit.9d483f40e320454fb45c1bac4cba1a79"/>
                    </rol:bovenliggendeActiviteit>
                </rol:Activiteit>
            </ow-dc:owObject>
        </sl:stand>
        <sl:stand>
            <ow-dc:owObject>
                <rol:Activiteit>
                    <rol:identificatie>nl.imow-pv28.activiteit.3f48ed8487e84efb9dc6551cf768a370</rol:identificatie>
                    <rol:naam>Stoffen plaatsen of in stand houden in het beperkingengebied van een provinciale weg</rol:naam>
                    <rol:groep>http://standaarden.omgevingswet.overheid.nl/activiteit/id/concept/Beperkingengebiedactiviteit</rol:groep>
                    <rol:bovenliggendeActiviteit>
                        <rol:ActiviteitRef xlink:href="nl.imow-pv28.activiteit.50904d4445ae4e47b7df3149f6f21175"/>
                    </rol:bovenliggendeActiviteit>
                </rol:Activiteit>
            </ow-dc:owObject>
        </sl:stand>
        <sl:stand>
            <ow-dc:owObject>
                <rol:Activiteit>
                    <rol:identificatie>nl.imow-pv28.activiteit.414067414c554b4f87472b8a8b0a0bd8</rol:identificatie>
                    <rol:naam>Werken en objecten anders dan kabels en leidingen plaatsen, in stand houden of verwijderen in het beperkingengebied van een provinciale weg</rol:naam>
                    <rol:groep>http://standaarden.omgevingswet.overheid.nl/activiteit/id/concept/Beperkingengebiedactiviteit</rol:groep>
                    <rol:bovenliggendeActiviteit>
                        <rol:ActiviteitRef xlink:href="nl.imow-pv28.activiteit.50904d4445ae4e47b7df3149f6f21175"/>
                    </rol:bovenliggendeActiviteit>
                </rol:Activiteit>
            </ow-dc:owObject>
        </sl:stand>
        <sl:stand>
            <ow-dc:owObject>
                <rol:Activiteit>
                    <rol:identificatie>nl.imow-pv28.activiteit.42299cad78ab4e2a9f464f35afa5577d</rol:identificatie>
                    <rol:naam>Metaalproductenindustrie in een grondwaterbeschermingsgebied</rol:naam>
                    <rol:groep>http://standaarden.omgevingswet.overheid.nl/activiteit/id/concept/MilieubelastendeActiviteitOverig</rol:groep>
                    <rol:bovenliggendeActiviteit>
                        <rol:ActiviteitRef xlink:href="nl.imow-pv28.activiteit.530d0a5c560b4826a8b33cdd3778a7e5"/>
                    </rol:bovenliggendeActiviteit>
                </rol:Activiteit>
            </ow-dc:owObject>
        </sl:stand>
        <sl:stand>
            <ow-dc:owObject>
                <rol:Activiteit>
                    <rol:identificatie>nl.imow-pv28.activiteit.428488a7cc954153a5073667153249cd</rol:identificatie>
                    <rol:naam>Gesloten bodemenergiesysteem in een grondwaterbeschermingsgebied</rol:naam>
                    <rol:groep>http://standaarden.omgevingswet.overheid.nl/activiteit/id/concept/MilieubelastendeActiviteitOverig</rol:groep>
                    <rol:bovenliggendeActiviteit>
                        <rol:ActiviteitRef xlink:href="nl.imow-pv28.activiteit.530d0a5c560b4826a8b33cdd3778a7e5"/>
                    </rol:bovenliggendeActiviteit>
                </rol:Activiteit>
            </ow-dc:owObject>
        </sl:stand>
        <sl:stand>
            <ow-dc:owObject>
                <rol:Activiteit>
                    <rol:identificatie>nl.imow-pv28.activiteit.4a8840e85ab1496cb1f5bb72ca345779</rol:identificatie>
                    <rol:naam>Stremmen of belemmeren van scheepvaart op een provinciale vaarweg</rol:naam>
                    <rol:groep>http://standaarden.omgevingswet.overheid.nl/activiteit/id/concept/Beperkingengebiedactiviteit</rol:groep>
                    <rol:bovenliggendeActiviteit>
                        <rol:ActiviteitRef xlink:href="nl.imow-pv28.activiteit.2fb06d14bf85430a8d6e7e753f370956"/>
                    </rol:bovenliggendeActiviteit>
                </rol:Activiteit>
            </ow-dc:owObject>
        </sl:stand>
        <sl:stand>
            <ow-dc:owObject>
                <rol:Activiteit>
                    <rol:identificatie>nl.imow-pv28.activiteit.4fff951103db4d85a2940385090644fe</rol:identificatie>
                    <rol:naam>Drainagewater of spoelwater van filters bij grondgebonden teelt in een kas</rol:naam>
                    <rol:groep>http://standaarden.omgevingswet.overheid.nl/activiteit/id/concept/MilieubelastendeActiviteit</rol:groep>
                    <rol:bovenliggendeActiviteit>
                        <rol:ActiviteitRef xlink:href="nl.imow-pv28.activiteit.6b80b8d1b7a94793a8ab050c62ab2700"/>
                    </rol:bovenliggendeActiviteit>
                </rol:Activiteit>
            </ow-dc:owObject>
        </sl:stand>
        <sl:stand>
            <ow-dc:owObject>
                <rol:Activiteit>
                    <rol:identificatie>nl.imow-pv28.activiteit.50904d4445ae4e47b7df3149f6f21175</rol:identificatie>
                    <rol:naam>Beperkingengebiedactiviteit met betrekking tot een weg in beheer bij de provincie Zuid-Holland</rol:naam>
                    <rol:groep>http://standaarden.omgevingswet.overheid.nl/activiteit/id/concept/Beperkingengebiedactiviteit</rol:groep>
                    <rol:bovenliggendeActiviteit>
                        <rol:ActiviteitRef xlink:href="nl.imow-pv28.activiteit.6b1bf22b0f1241778d798dc05b36d4af"/>
                    </rol:bovenliggendeActiviteit>
                </rol:Activiteit>
            </ow-dc:owObject>
        </sl:stand>
        <sl:stand>
            <ow-dc:owObject>
                <rol:Activiteit>
                    <rol:identificatie>nl.imow-pv28.activiteit.530d0a5c560b4826a8b33cdd3778a7e5</rol:identificatie>
                    <rol:naam>Activiteiten in Grondwaterbeschermingsgebieden gereguleerd in de Zuid-Hollandse Omgevingsverordening</rol:naam>
                    <rol:groep>http://standaarden.omgevingswet.overheid.nl/activiteit/id/concept/MilieubelastendeActiviteitOverig</rol:groep>
                    <rol:bovenliggendeActiviteit>
                        <rol:ActiviteitRef xlink:href="nl.imow-pv28.activiteit.0f0f59844c6544359760d9f6f0e46c2c"/>
                    </rol:bovenliggendeActiviteit>
                </rol:Activiteit>
            </ow-dc:owObject>
        </sl:stand>
        <sl:stand>
            <ow-dc:owObject>
                <rol:Activiteit>
                    <rol:identificatie>nl.imow-pv28.activiteit.5438a0fc742f456283a306e679636276</rol:identificatie>
                    <rol:naam>Meststoffenactiviteit in een grondwaterbeschermingsgebied</rol:naam>
                    <rol:groep>http://standaarden.omgevingswet.overheid.nl/activiteit/id/concept/MilieubelastendeActiviteitOverig</rol:groep>
                    <rol:bovenliggendeActiviteit>
                        <rol:ActiviteitRef xlink:href="nl.imow-pv28.activiteit.530d0a5c560b4826a8b33cdd3778a7e5"/>
                    </rol:bovenliggendeActiviteit>
                </rol:Activiteit>
            </ow-dc:owObject>
        </sl:stand>
        <sl:stand>
            <ow-dc:owObject>
                <rol:Activiteit>
                    <rol:identificatie>nl.imow-pv28.activiteit.559ff746a77a412b83843330eebb7313</rol:identificatie>
                    <rol:naam>Toepassen van grond en baggerspecie in een grondwaterbeschermingsgebied</rol:naam>
                    <rol:groep>http://standaarden.omgevingswet.overheid.nl/activiteit/id/concept/MilieubelastendeActiviteitOverig</rol:groep>
                    <rol:bovenliggendeActiviteit>
                        <rol:ActiviteitRef xlink:href="nl.imow-pv28.activiteit.530d0a5c560b4826a8b33cdd3778a7e5"/>
                    </rol:bovenliggendeActiviteit>
                </rol:Activiteit>
            </ow-dc:owObject>
        </sl:stand>
        <sl:stand>
            <ow-dc:owObject>
                <rol:Activiteit>
                    <rol:identificatie>nl.imow-pv28.activiteit.575ef4a4a0bf4c3a98866018b7e92000</rol:identificatie>
                    <rol:naam>Opslagtank voor schadelijke stoffen in een grondwaterbeschermingsgebied</rol:naam>
                    <rol:groep>http://standaarden.omgevingswet.overheid.nl/activiteit/id/concept/MilieubelastendeActiviteitOverig</rol:groep>
                    <rol:bovenliggendeActiviteit>
                        <rol:ActiviteitRef xlink:href="nl.imow-pv28.activiteit.530d0a5c560b4826a8b33cdd3778a7e5"/>
                    </rol:bovenliggendeActiviteit>
                </rol:Activiteit>
            </ow-dc:owObject>
        </sl:stand>
        <sl:stand>
            <ow-dc:owObject>
                <rol:Activiteit>
                    <rol:identificatie>nl.imow-pv28.activiteit.577b29e6ba174c189c049f15e8a54fce</rol:identificatie>
                    <rol:naam>Bodemenergiesysteem in een grondwaterbeschermingsgebied</rol:naam>
                    <rol:groep>http://standaarden.omgevingswet.overheid.nl/activiteit/id/concept/MilieubelastendeActiviteitOverig</rol:groep>
                    <rol:bovenliggendeActiviteit>
                        <rol:ActiviteitRef xlink:href="nl.imow-pv28.activiteit.530d0a5c560b4826a8b33cdd3778a7e5"/>
                    </rol:bovenliggendeActiviteit>
                </rol:Activiteit>
            </ow-dc:owObject>
        </sl:stand>
        <sl:stand>
            <ow-dc:owObject>
                <rol:Activiteit>
                    <rol:identificatie>nl.imow-pv28.activiteit.591405cded3b4db1873ba38a7aa456fd</rol:identificatie>
                    <rol:naam>Gelegenheid bieden tot zwemmen of baden op een zwemlocatie</rol:naam>
                    <rol:groep>http://standaarden.omgevingswet.overheid.nl/activiteit/id/concept/GelegenheidTotZwemmenEnBadenBiedenactiviteit</rol:groep>
                    <rol:bovenliggendeActiviteit>
                        <rol:ActiviteitRef xlink:href="nl.imow-pv28.activiteit.d7b8639b67414c2890dc7493f5b47ffc"/>
                    </rol:bovenliggendeActiviteit>
                </rol:Activiteit>
            </ow-dc:owObject>
        </sl:stand>
        <sl:stand>
            <ow-dc:owObject>
                <rol:Activiteit>
                    <rol:identificatie>nl.imow-pv28.activiteit.5be715aa0128496b9416060fe72f58df</rol:identificatie>
                    <rol:naam>Seveso-inrichting in een grondwaterbeschermingsgebied</rol:naam>
                    <rol:groep>http://standaarden.omgevingswet.overheid.nl/activiteit/id/concept/MilieubelastendeActiviteitOverig</rol:groep>
                    <rol:bovenliggendeActiviteit>
                        <rol:ActiviteitRef xlink:href="nl.imow-pv28.activiteit.530d0a5c560b4826a8b33cdd3778a7e5"/>
                    </rol:bovenliggendeActiviteit>
                </rol:Activiteit>
            </ow-dc:owObject>
        </sl:stand>
        <sl:stand>
            <ow-dc:owObject>
                <rol:Activiteit>
                    <rol:identificatie>nl.imow-pv28.activiteit.5f560ed0de244e7983edd3c3e2de6dc2</rol:identificatie>
                    <rol:naam>Onderhouden, repareren en schoonmaken van gemotoriseerde voertuigen en werktuigen, autobussen, spoorvoertuigen en vliegtuigen en het reviseren van verbrandingsmotoren en gasturbines in een grondwaterbeschermingsgebied</rol:naam>
                    <rol:groep>http://standaarden.omgevingswet.overheid.nl/activiteit/id/concept/MilieubelastendeActiviteitOverig</rol:groep>
                    <rol:bovenliggendeActiviteit>
                        <rol:ActiviteitRef xlink:href="nl.imow-pv28.activiteit.530d0a5c560b4826a8b33cdd3778a7e5"/>
                    </rol:bovenliggendeActiviteit>
                </rol:Activiteit>
            </ow-dc:owObject>
        </sl:stand>
        <sl:stand>
            <ow-dc:owObject>
                <rol:Activiteit>
                    <rol:identificatie>nl.imow-pv28.activiteit.60c1f2d80d914cdf9b1d4b2b2ec4a921</rol:identificatie>
                    <rol:naam>Werken aanleggen of in stand houden op of rond een gesloten stortplaats</rol:naam>
                    <rol:groep>http://standaarden.omgevingswet.overheid.nl/activiteit/id/concept/MilieubelastendeActiviteitOverig</rol:groep>
                    <rol:bovenliggendeActiviteit>
                        <rol:ActiviteitRef xlink:href="nl.imow-pv28.activiteit.fba0fa3155db47aaa0a3f7f4a46b74f7"/>
                    </rol:bovenliggendeActiviteit>
                </rol:Activiteit>
            </ow-dc:owObject>
        </sl:stand>
        <sl:stand>
            <ow-dc:owObject>
                <rol:Activiteit>
                    <rol:identificatie>nl.imow-pv28.activiteit.66d933cdde5149179fc10555b7456cef</rol:identificatie>
                    <rol:naam>Mijnbouw in een grondwaterbeschermingsgebied</rol:naam>
                    <rol:groep>http://standaarden.omgevingswet.overheid.nl/activiteit/id/concept/MilieubelastendeActiviteitOverig</rol:groep>
                    <rol:bovenliggendeActiviteit>
                        <rol:ActiviteitRef xlink:href="nl.imow-pv28.activiteit.530d0a5c560b4826a8b33cdd3778a7e5"/>
                    </rol:bovenliggendeActiviteit>
                </rol:Activiteit>
            </ow-dc:owObject>
        </sl:stand>
        <sl:stand>
            <ow-dc:owObject>
                <rol:Activiteit>
                    <rol:identificatie>nl.imow-pv28.activiteit.68430ff3b1134b459ba691fa955fb74b</rol:identificatie>
                    <rol:naam>Zuiveringstechnisch werk in een grondwaterbeschermingsgebied</rol:naam>
                    <rol:groep>http://standaarden.omgevingswet.overheid.nl/activiteit/id/concept/MilieubelastendeActiviteitOverig</rol:groep>
                    <rol:bovenliggendeActiviteit>
                        <rol:ActiviteitRef xlink:href="nl.imow-pv28.activiteit.530d0a5c560b4826a8b33cdd3778a7e5"/>
                    </rol:bovenliggendeActiviteit>
                </rol:Activiteit>
            </ow-dc:owObject>
        </sl:stand>
        <sl:stand>
            <ow-dc:owObject>
                <rol:Activiteit>
                    <rol:identificatie>nl.imow-pv28.activiteit.68b45ad92620467e8d634df13771bf92</rol:identificatie>
                    <rol:naam>Bodemstabilisering in een grondwaterbeschermingsgebied</rol:naam>
                    <rol:groep>http://standaarden.omgevingswet.overheid.nl/activiteit/id/concept/MilieubelastendeActiviteitOverig</rol:groep>
                    <rol:bovenliggendeActiviteit>
                        <rol:ActiviteitRef xlink:href="nl.imow-pv28.activiteit.9578100433394f85a59b3d8e412840aa"/>
                    </rol:bovenliggendeActiviteit>
                </rol:Activiteit>
            </ow-dc:owObject>
        </sl:stand>
        <sl:stand>
            <ow-dc:owObject>
                <rol:Activiteit>
                    <rol:identificatie>nl.imow-pv28.activiteit.6b1bf22b0f1241778d798dc05b36d4af</rol:identificatie>
                    <rol:naam>Activiteit gereguleerd in de Zuid-Hollandse Omgevingsverordening</rol:naam>
                    <rol:groep>http://standaarden.omgevingswet.overheid.nl/activiteit/id/concept/Overig</rol:groep>
                    <rol:bovenliggendeActiviteit>
                        <rol:ActiviteitRef xlink:href="nl.imow-mnre1034.activiteit.ActiviteitInOmgevingsver"/>
                    </rol:bovenliggendeActiviteit>
                </rol:Activiteit>
            </ow-dc:owObject>
        </sl:stand>
        <sl:stand>
            <ow-dc:owObject>
                <rol:Activiteit>
                    <rol:identificatie>nl.imow-pv28.activiteit.6b80b8d1b7a94793a8ab050c62ab2700</rol:identificatie>
                    <rol:naam>Lozen van drain-, spoel- of drainagewater bij het telen van gewassen in kassen</rol:naam>
                    <rol:groep>http://standaarden.omgevingswet.overheid.nl/activiteit/id/concept/MilieubelastendeActiviteit</rol:groep>
                    <rol:bovenliggendeActiviteit>
                        <rol:ActiviteitRef xlink:href="nl.imow-pv28.activiteit.0f0f59844c6544359760d9f6f0e46c2c"/>
                    </rol:bovenliggendeActiviteit>
                </rol:Activiteit>
            </ow-dc:owObject>
        </sl:stand>
        <sl:stand>
            <ow-dc:owObject>
                <rol:Activiteit>
                    <rol:identificatie>nl.imow-pv28.activiteit.6bd4e037b0dd48fdb4760213740548f2</rol:identificatie>
                    <rol:naam>Stoffen plaatsten of in stand houden in het beperkingengebied van een provinciale vaarweg</rol:naam>
                    <rol:groep>http://standaarden.omgevingswet.overheid.nl/activiteit/id/concept/Beperkingengebiedactiviteit</rol:groep>
                    <rol:bovenliggendeActiviteit>
                        <rol:ActiviteitRef xlink:href="nl.imow-pv28.activiteit.2fb06d14bf85430a8d6e7e753f370956"/>
                    </rol:bovenliggendeActiviteit>
                </rol:Activiteit>
            </ow-dc:owObject>
        </sl:stand>
        <sl:stand>
            <ow-dc:owObject>
                <rol:Activiteit>
                    <rol:identificatie>nl.imow-pv28.activiteit.6cc21e31094a4fd1a6f745907757c25d</rol:identificatie>
                    <rol:naam>Standplaats innemen in het beperkingengebied van een provinciale weg</rol:naam>
                    <rol:groep>http://standaarden.omgevingswet.overheid.nl/activiteit/id/concept/Beperkingengebiedactiviteit</rol:groep>
                    <rol:bovenliggendeActiviteit>
                        <rol:ActiviteitRef xlink:href="nl.imow-pv28.activiteit.50904d4445ae4e47b7df3149f6f21175"/>
                    </rol:bovenliggendeActiviteit>
                </rol:Activiteit>
            </ow-dc:owObject>
        </sl:stand>
        <sl:stand>
            <ow-dc:owObject>
                <rol:Activiteit>
                    <rol:identificatie>nl.imow-pv28.activiteit.6f27b3d4f9e54a1c8f666f1583aa8b07</rol:identificatie>
                    <rol:naam>Luchthaven in gebruik nemen of gebruiken in een grondwaterbeschermingsgebied</rol:naam>
                    <rol:groep>http://standaarden.omgevingswet.overheid.nl/activiteit/id/concept/MilieubelastendeActiviteitOverig</rol:groep>
                    <rol:bovenliggendeActiviteit>
                        <rol:ActiviteitRef xlink:href="nl.imow-pv28.activiteit.f74602d6a2ca4983928601b16250540f"/>
                    </rol:bovenliggendeActiviteit>
                </rol:Activiteit>
            </ow-dc:owObject>
        </sl:stand>
        <sl:stand>
            <ow-dc:owObject>
                <rol:Activiteit>
                    <rol:identificatie>nl.imow-pv28.activiteit.70c1a8be9ec443e686d9de6248e9b47f</rol:identificatie>
                    <rol:naam>Opslaan van afvalstoffen in een grondwaterbeschermingsgebied</rol:naam>
                    <rol:groep>http://standaarden.omgevingswet.overheid.nl/activiteit/id/concept/MilieubelastendeActiviteitOverig</rol:groep>
                    <rol:bovenliggendeActiviteit>
                        <rol:ActiviteitRef xlink:href="nl.imow-pv28.activiteit.a3c75aafc0274d8cb261302c22cbd9d3"/>
                    </rol:bovenliggendeActiviteit>
                </rol:Activiteit>
            </ow-dc:owObject>
        </sl:stand>
        <sl:stand>
            <ow-dc:owObject>
                <rol:Activiteit>
                    <rol:identificatie>nl.imow-pv28.activiteit.71ef5790f6a6414394f092440d8f7742</rol:identificatie>
                    <rol:naam>Werken en objecten anders dan kabels en leidingen plaatsen, in stand houden of verwijderen in het beperkingengebied van een provinciale vaarweg</rol:naam>
                    <rol:groep>http://standaarden.omgevingswet.overheid.nl/activiteit/id/concept/Beperkingengebiedactiviteit</rol:groep>
                    <rol:bovenliggendeActiviteit>
                        <rol:ActiviteitRef xlink:href="nl.imow-pv28.activiteit.2fb06d14bf85430a8d6e7e753f370956"/>
                    </rol:bovenliggendeActiviteit>
                </rol:Activiteit>
            </ow-dc:owObject>
        </sl:stand>
        <sl:stand>
            <ow-dc:owObject>
                <rol:Activiteit>
                    <rol:identificatie>nl.imow-pv28.activiteit.72b271ca65784af8af1d761f3f9b6eff</rol:identificatie>
                    <rol:naam>Bouwactiviteit bovengronds in een grondwaterbeschermingsgebied</rol:naam>
                    <rol:groep>http://standaarden.omgevingswet.overheid.nl/activiteit/id/concept/MilieubelastendeActiviteitOverig</rol:groep>
                    <rol:bovenliggendeActiviteit>
                        <rol:ActiviteitRef xlink:href="nl.imow-pv28.activiteit.530d0a5c560b4826a8b33cdd3778a7e5"/>
                    </rol:bovenliggendeActiviteit>
                </rol:Activiteit>
            </ow-dc:owObject>
        </sl:stand>
        <sl:stand>
            <ow-dc:owObject>
                <rol:Activiteit>
                    <rol:identificatie>nl.imow-pv28.activiteit.740a3bf1946a412c9638ba18b6ba9200</rol:identificatie>
                    <rol:naam>Rijden met motorrijtuig buiten de weg in een stiltegebied</rol:naam>
                    <rol:groep>http://standaarden.omgevingswet.overheid.nl/activiteit/id/concept/Overig</rol:groep>
                    <rol:bovenliggendeActiviteit>
                        <rol:ActiviteitRef xlink:href="nl.imow-pv28.activiteit.9d483f40e320454fb45c1bac4cba1a79"/>
                    </rol:bovenliggendeActiviteit>
                </rol:Activiteit>
            </ow-dc:owObject>
        </sl:stand>
        <sl:stand>
            <ow-dc:owObject>
                <rol:Activiteit>
                    <rol:identificatie>nl.imow-pv28.activiteit.751e9a89877b4a81bab53e60815a590c</rol:identificatie>
                    <rol:naam>Chemische producten industrie in een grondwaterbeschermingsgebied</rol:naam>
                    <rol:groep>http://standaarden.omgevingswet.overheid.nl/activiteit/id/concept/MilieubelastendeActiviteitOverig</rol:groep>
                    <rol:bovenliggendeActiviteit>
                        <rol:ActiviteitRef xlink:href="nl.imow-pv28.activiteit.530d0a5c560b4826a8b33cdd3778a7e5"/>
                    </rol:bovenliggendeActiviteit>
                </rol:Activiteit>
            </ow-dc:owObject>
        </sl:stand>
        <sl:stand>
            <ow-dc:owObject>
                <rol:Activiteit>
                    <rol:identificatie>nl.imow-pv28.activiteit.79a1b5091365415cbb2bc264fe047296</rol:identificatie>
                    <rol:naam>Spoorwegemplacement in een grondwaterbeschermingsgebied</rol:naam>
                    <rol:groep>http://standaarden.omgevingswet.overheid.nl/activiteit/id/concept/MilieubelastendeActiviteitOverig</rol:groep>
                    <rol:bovenliggendeActiviteit>
                        <rol:ActiviteitRef xlink:href="nl.imow-pv28.activiteit.f74602d6a2ca4983928601b16250540f"/>
                    </rol:bovenliggendeActiviteit>
                </rol:Activiteit>
            </ow-dc:owObject>
        </sl:stand>
        <sl:stand>
            <ow-dc:owObject>
                <rol:Activiteit>
                    <rol:identificatie>nl.imow-pv28.activiteit.7a211d64b7504258a3ca947d9d4b9d74</rol:identificatie>
                    <rol:naam>Risicobeoordeling grondwaterkwaliteit</rol:naam>
                    <rol:groep>http://standaarden.omgevingswet.overheid.nl/activiteit/id/concept/Grondwateractiviteit</rol:groep>
                    <rol:bovenliggendeActiviteit>
                        <rol:ActiviteitRef xlink:href="nl.imow-pv28.activiteit.236c47396b1a4a689ed20862fda1a6dc"/>
                    </rol:bovenliggendeActiviteit>
                </rol:Activiteit>
            </ow-dc:owObject>
        </sl:stand>
        <sl:stand>
            <ow-dc:owObject>
                <rol:Activiteit>
                    <rol:identificatie>nl.imow-pv28.activiteit.7db49fd7b9b34aac93d3edce8266b487</rol:identificatie>
                    <rol:naam>Wateronttrekkingsactiviteit gereguleerd in de Zuid-Hollandse Omgevingsverordening</rol:naam>
                    <rol:groep>http://standaarden.omgevingswet.overheid.nl/activiteit/id/concept/Wateronttrekkingsactiviteit</rol:groep>
                    <rol:bovenliggendeActiviteit>
                        <rol:ActiviteitRef xlink:href="nl.imow-pv28.activiteit.6b1bf22b0f1241778d798dc05b36d4af"/>
                    </rol:bovenliggendeActiviteit>
                </rol:Activiteit>
            </ow-dc:owObject>
        </sl:stand>
        <sl:stand>
            <ow-dc:owObject>
                <rol:Activiteit>
                    <rol:identificatie>nl.imow-pv28.activiteit.806c43cbf42347998e9062066057c01f</rol:identificatie>
                    <rol:naam>Opslaan, herverpakken en het bewerken van vuurwerk of pyrotechnische artikelen voor theatergebruik in een grondwaterbeschermingsgebied</rol:naam>
                    <rol:groep>http://standaarden.omgevingswet.overheid.nl/activiteit/id/concept/MilieubelastendeActiviteitOverig</rol:groep>
                    <rol:bovenliggendeActiviteit>
                        <rol:ActiviteitRef xlink:href="nl.imow-pv28.activiteit.530d0a5c560b4826a8b33cdd3778a7e5"/>
                    </rol:bovenliggendeActiviteit>
                </rol:Activiteit>
            </ow-dc:owObject>
        </sl:stand>
        <sl:stand>
            <ow-dc:owObject>
                <rol:Activiteit>
                    <rol:identificatie>nl.imow-pv28.activiteit.809dda104b594da68da6376661a4b0b8</rol:identificatie>
                    <rol:naam>Saneren van de bodem ter uitvoering van een bronaanpak (voorbeschermingsregels grondwaterkwaliteit)</rol:naam>
                    <rol:groep>http://standaarden.omgevingswet.overheid.nl/activiteit/id/concept/Grondwateractiviteit</rol:groep>
                    <rol:bovenliggendeActiviteit>
                        <rol:ActiviteitRef xlink:href="nl.imow-pv28.activiteit.236c47396b1a4a689ed20862fda1a6dc"/>
                    </rol:bovenliggendeActiviteit>
                </rol:Activiteit>
            </ow-dc:owObject>
        </sl:stand>
        <sl:stand>
            <ow-dc:owObject>
                <rol:Activiteit>
                    <rol:identificatie>nl.imow-pv28.activiteit.8192a3d9bf8b45f68236c4a6ba9bab54</rol:identificatie>
                    <rol:naam>Activiteit op locatie waar na sanering grondwaterverontreiniging is achtergebleven</rol:naam>
                    <rol:groep>http://standaarden.omgevingswet.overheid.nl/activiteit/id/concept/Grondwateractiviteit</rol:groep>
                    <rol:bovenliggendeActiviteit>
                        <rol:ActiviteitRef xlink:href="nl.imow-pv28.activiteit.236c47396b1a4a689ed20862fda1a6dc"/>
                    </rol:bovenliggendeActiviteit>
                </rol:Activiteit>
            </ow-dc:owObject>
        </sl:stand>
        <sl:stand>
            <ow-dc:owObject>
                <rol:Activiteit>
                    <rol:identificatie>nl.imow-pv28.activiteit.82254ef4d38e498ca6cbe64ad0c95f73</rol:identificatie>
                    <rol:naam>Gelegenheid bieden tot zwemmen of baden in overige badwaterbassin</rol:naam>
                    <rol:groep>http://standaarden.omgevingswet.overheid.nl/activiteit/id/concept/GelegenheidTotZwemmenEnBadenBiedenactiviteit</rol:groep>
                    <rol:bovenliggendeActiviteit>
                        <rol:ActiviteitRef xlink:href="nl.imow-pv28.activiteit.904897cb4ae34d518b99eb0ffe28c4bb"/>
                    </rol:bovenliggendeActiviteit>
                </rol:Activiteit>
            </ow-dc:owObject>
        </sl:stand>
        <sl:stand>
            <ow-dc:owObject>
                <rol:Activiteit>
                    <rol:identificatie>nl.imow-pv28.activiteit.83aae2beaaf54098b0be8d2280eaf4bf</rol:identificatie>
                    <rol:naam>Andere milieubelastende activiteit in een grondwaterbeschermingsgebied</rol:naam>
                    <rol:groep>http://standaarden.omgevingswet.overheid.nl/activiteit/id/concept/MilieubelastendeActiviteitOverig</rol:groep>
                    <rol:bovenliggendeActiviteit>
                        <rol:ActiviteitRef xlink:href="nl.imow-pv28.activiteit.530d0a5c560b4826a8b33cdd3778a7e5"/>
                    </rol:bovenliggendeActiviteit>
                </rol:Activiteit>
            </ow-dc:owObject>
        </sl:stand>
        <sl:stand>
            <ow-dc:owObject>
                <rol:Activiteit>
                    <rol:identificatie>nl.imow-pv28.activiteit.8b7b02dc8fdf4d52b919793082cd3484</rol:identificatie>
                    <rol:naam>Houtgewas planten, behouden of vellen in het beperkingengebied van een provinciale weg</rol:naam>
                    <rol:groep>http://standaarden.omgevingswet.overheid.nl/activiteit/id/concept/Beperkingengebiedactiviteit</rol:groep>
                    <rol:bovenliggendeActiviteit>
                        <rol:ActiviteitRef xlink:href="nl.imow-pv28.activiteit.50904d4445ae4e47b7df3149f6f21175"/>
                    </rol:bovenliggendeActiviteit>
                </rol:Activiteit>
            </ow-dc:owObject>
        </sl:stand>
        <sl:stand>
            <ow-dc:owObject>
                <rol:Activiteit>
                    <rol:identificatie>nl.imow-pv28.activiteit.8dc52b93797a43309ce7990ac2495ecf</rol:identificatie>
                    <rol:naam>Weg of terrein voor gemotoriseerd verkeer in gebruik nemen of gebruiken in een grondwaterbeschermingsgebied</rol:naam>
                    <rol:groep>http://standaarden.omgevingswet.overheid.nl/activiteit/id/concept/MilieubelastendeActiviteitOverig</rol:groep>
                    <rol:bovenliggendeActiviteit>
                        <rol:ActiviteitRef xlink:href="nl.imow-pv28.activiteit.f74602d6a2ca4983928601b16250540f"/>
                    </rol:bovenliggendeActiviteit>
                </rol:Activiteit>
            </ow-dc:owObject>
        </sl:stand>
        <sl:stand>
            <ow-dc:owObject>
                <rol:Activiteit>
                    <rol:identificatie>nl.imow-pv28.activiteit.8fa5c5d8875c44c785767ac3181240c2</rol:identificatie>
                    <rol:naam>Opslaan of overslaan van meststoffen in een grondwaterbeschermingsgebied</rol:naam>
                    <rol:groep>http://standaarden.omgevingswet.overheid.nl/activiteit/id/concept/MilieubelastendeActiviteitOverig</rol:groep>
                    <rol:bovenliggendeActiviteit>
                        <rol:ActiviteitRef xlink:href="nl.imow-pv28.activiteit.5438a0fc742f456283a306e679636276"/>
                    </rol:bovenliggendeActiviteit>
                </rol:Activiteit>
            </ow-dc:owObject>
        </sl:stand>
        <sl:stand>
            <ow-dc:owObject>
                <rol:Activiteit>
                    <rol:identificatie>nl.imow-pv28.activiteit.8fe9bca734b24bf6b804cdc24230bc53</rol:identificatie>
                    <rol:naam>Oplosmiddeleninstallatie in een grondwaterbeschermingsgebied</rol:naam>
                    <rol:groep>http://standaarden.omgevingswet.overheid.nl/activiteit/id/concept/MilieubelastendeActiviteitOverig</rol:groep>
                    <rol:bovenliggendeActiviteit>
                        <rol:ActiviteitRef xlink:href="nl.imow-pv28.activiteit.530d0a5c560b4826a8b33cdd3778a7e5"/>
                    </rol:bovenliggendeActiviteit>
                </rol:Activiteit>
            </ow-dc:owObject>
        </sl:stand>
        <sl:stand>
            <ow-dc:owObject>
                <rol:Activiteit>
                    <rol:identificatie>nl.imow-pv28.activiteit.904897cb4ae34d518b99eb0ffe28c4bb</rol:identificatie>
                    <rol:naam>Gelegenheid bieden tot zwemmen of baden in een badwaterbassin</rol:naam>
                    <rol:groep>http://standaarden.omgevingswet.overheid.nl/activiteit/id/concept/GelegenheidTotZwemmenEnBadenBiedenactiviteit</rol:groep>
                    <rol:bovenliggendeActiviteit>
                        <rol:ActiviteitRef xlink:href="nl.imow-pv28.activiteit.d7b8639b67414c2890dc7493f5b47ffc"/>
                    </rol:bovenliggendeActiviteit>
                </rol:Activiteit>
            </ow-dc:owObject>
        </sl:stand>
        <sl:stand>
            <ow-dc:owObject>
                <rol:Activiteit>
                    <rol:identificatie>nl.imow-pv28.activiteit.90b69a99c16d4b05be0aae12b4385d25</rol:identificatie>
                    <rol:naam>Exploiteren van een ander recreatieterrein dan een camping in een grondwaterbeschermingsgebied</rol:naam>
                    <rol:groep>http://standaarden.omgevingswet.overheid.nl/activiteit/id/concept/MilieubelastendeActiviteitOverig</rol:groep>
                    <rol:bovenliggendeActiviteit>
                        <rol:ActiviteitRef xlink:href="nl.imow-pv28.activiteit.530d0a5c560b4826a8b33cdd3778a7e5"/>
                    </rol:bovenliggendeActiviteit>
                </rol:Activiteit>
            </ow-dc:owObject>
        </sl:stand>
        <sl:stand>
            <ow-dc:owObject>
                <rol:Activiteit>
                    <rol:identificatie>nl.imow-pv28.activiteit.9244110cadba4464be11f61050182aa9</rol:identificatie>
                    <rol:naam>Scheepswerf in een grondwaterbeschermingsgebied</rol:naam>
                    <rol:groep>http://standaarden.omgevingswet.overheid.nl/activiteit/id/concept/MilieubelastendeActiviteitOverig</rol:groep>
                    <rol:bovenliggendeActiviteit>
                        <rol:ActiviteitRef xlink:href="nl.imow-pv28.activiteit.530d0a5c560b4826a8b33cdd3778a7e5"/>
                    </rol:bovenliggendeActiviteit>
                </rol:Activiteit>
            </ow-dc:owObject>
        </sl:stand>
        <sl:stand>
            <ow-dc:owObject>
                <rol:Activiteit>
                    <rol:identificatie>nl.imow-pv28.activiteit.93de09699f9f4bfcb8cf665f0e4f322f</rol:identificatie>
                    <rol:naam>Exploiteren van een openbaar zwembad in een grondwaterbeschermingsgebied</rol:naam>
                    <rol:groep>http://standaarden.omgevingswet.overheid.nl/activiteit/id/concept/MilieubelastendeActiviteitOverig</rol:groep>
                    <rol:bovenliggendeActiviteit>
                        <rol:ActiviteitRef xlink:href="nl.imow-pv28.activiteit.530d0a5c560b4826a8b33cdd3778a7e5"/>
                    </rol:bovenliggendeActiviteit>
                </rol:Activiteit>
            </ow-dc:owObject>
        </sl:stand>
        <sl:stand>
            <ow-dc:owObject>
                <rol:Activiteit>
                    <rol:identificatie>nl.imow-pv28.activiteit.94ca12c582ab4d348da61e60b09a9f9f</rol:identificatie>
                    <rol:naam>Houtgewas planten, behouden of vellen in het beperkingengebied van een provinciale vaarweg</rol:naam>
                    <rol:groep>http://standaarden.omgevingswet.overheid.nl/activiteit/id/concept/Beperkingengebiedactiviteit</rol:groep>
                    <rol:bovenliggendeActiviteit>
                        <rol:ActiviteitRef xlink:href="nl.imow-pv28.activiteit.2fb06d14bf85430a8d6e7e753f370956"/>
                    </rol:bovenliggendeActiviteit>
                </rol:Activiteit>
            </ow-dc:owObject>
        </sl:stand>
        <sl:stand>
            <ow-dc:owObject>
                <rol:Activiteit>
                    <rol:identificatie>nl.imow-pv28.activiteit.952d93f2eed041609d32be7176e667ad</rol:identificatie>
                    <rol:naam>Ligplaats innemen, meren of ankeren op een provinciale vaarweg</rol:naam>
                    <rol:groep>http://standaarden.omgevingswet.overheid.nl/activiteit/id/concept/Beperkingengebiedactiviteit</rol:groep>
                    <rol:bovenliggendeActiviteit>
                        <rol:ActiviteitRef xlink:href="nl.imow-pv28.activiteit.2fb06d14bf85430a8d6e7e753f370956"/>
                    </rol:bovenliggendeActiviteit>
                </rol:Activiteit>
            </ow-dc:owObject>
        </sl:stand>
        <sl:stand>
            <ow-dc:owObject>
                <rol:Activiteit>
                    <rol:identificatie>nl.imow-pv28.activiteit.9578100433394f85a59b3d8e412840aa</rol:identificatie>
                    <rol:naam>Activiteiten die slecht-doorlatende eigenschappen van bodemlagen aantasten in een grondwaterbeschermingsgebied</rol:naam>
                    <rol:groep>http://standaarden.omgevingswet.overheid.nl/activiteit/id/concept/MilieubelastendeActiviteitOverig</rol:groep>
                    <rol:bovenliggendeActiviteit>
                        <rol:ActiviteitRef xlink:href="nl.imow-pv28.activiteit.530d0a5c560b4826a8b33cdd3778a7e5"/>
                    </rol:bovenliggendeActiviteit>
                </rol:Activiteit>
            </ow-dc:owObject>
        </sl:stand>
        <sl:stand>
            <ow-dc:owObject>
                <rol:Activiteit>
                    <rol:identificatie>nl.imow-pv28.activiteit.96a28ab6b929424487bd9c5becb5dbd6</rol:identificatie>
                    <rol:naam>Opslaan, verwerken, transporteren en op- of in de bodem brengen van schadelijke stoffen in een grondwaterbeschermingsgebied</rol:naam>
                    <rol:groep>http://standaarden.omgevingswet.overheid.nl/activiteit/id/concept/MilieubelastendeActiviteitOverig</rol:groep>
                    <rol:bovenliggendeActiviteit>
                        <rol:ActiviteitRef xlink:href="nl.imow-pv28.activiteit.530d0a5c560b4826a8b33cdd3778a7e5"/>
                    </rol:bovenliggendeActiviteit>
                </rol:Activiteit>
            </ow-dc:owObject>
        </sl:stand>
        <sl:stand>
            <ow-dc:owObject>
                <rol:Activiteit>
                    <rol:identificatie>nl.imow-pv28.activiteit.9754f89069ae4e7cb1d6e734825ba914</rol:identificatie>
                    <rol:naam>Lozingsactiviteit op- of in de bodem in een grondwaterbeschermingsgebied</rol:naam>
                    <rol:groep>http://standaarden.omgevingswet.overheid.nl/activiteit/id/concept/MilieubelastendeActiviteitOverig</rol:groep>
                    <rol:bovenliggendeActiviteit>
                        <rol:ActiviteitRef xlink:href="nl.imow-pv28.activiteit.530d0a5c560b4826a8b33cdd3778a7e5"/>
                    </rol:bovenliggendeActiviteit>
                </rol:Activiteit>
            </ow-dc:owObject>
        </sl:stand>
        <sl:stand>
            <ow-dc:owObject>
                <rol:Activiteit>
                    <rol:identificatie>nl.imow-pv28.activiteit.97a9754003694a599d43fec286326ee2</rol:identificatie>
                    <rol:naam>Gebruik van een toestel waardoor de stilte kan worden verstoord in een stiltegebied</rol:naam>
                    <rol:groep>http://standaarden.omgevingswet.overheid.nl/activiteit/id/concept/Overig</rol:groep>
                    <rol:bovenliggendeActiviteit>
                        <rol:ActiviteitRef xlink:href="nl.imow-pv28.activiteit.9d483f40e320454fb45c1bac4cba1a79"/>
                    </rol:bovenliggendeActiviteit>
                </rol:Activiteit>
            </ow-dc:owObject>
        </sl:stand>
        <sl:stand>
            <ow-dc:owObject>
                <rol:Activiteit>
                    <rol:identificatie>nl.imow-pv28.activiteit.9d483f40e320454fb45c1bac4cba1a79</rol:identificatie>
                    <rol:naam>Stiltegebiedactiviteit gereguleerd in de Zuid-Hollandse Omgevingsverordening</rol:naam>
                    <rol:groep>http://standaarden.omgevingswet.overheid.nl/activiteit/id/concept/Overig</rol:groep>
                    <rol:bovenliggendeActiviteit>
                        <rol:ActiviteitRef xlink:href="nl.imow-pv28.activiteit.6b1bf22b0f1241778d798dc05b36d4af"/>
                    </rol:bovenliggendeActiviteit>
                </rol:Activiteit>
            </ow-dc:owObject>
        </sl:stand>
        <sl:stand>
            <ow-dc:owObject>
                <rol:Activiteit>
                    <rol:identificatie>nl.imow-pv28.activiteit.a054a44522c7413083f8cbf74b8cf851</rol:identificatie>
                    <rol:naam>Opslaan van ontplofbare stoffen voor civiel gebruik in een grondwaterbeschermingsgebied</rol:naam>
                    <rol:groep>http://standaarden.omgevingswet.overheid.nl/activiteit/id/concept/MilieubelastendeActiviteitOverig</rol:groep>
                    <rol:bovenliggendeActiviteit>
                        <rol:ActiviteitRef xlink:href="nl.imow-pv28.activiteit.530d0a5c560b4826a8b33cdd3778a7e5"/>
                    </rol:bovenliggendeActiviteit>
                </rol:Activiteit>
            </ow-dc:owObject>
        </sl:stand>
        <sl:stand>
            <ow-dc:owObject>
                <rol:Activiteit>
                    <rol:identificatie>nl.imow-pv28.activiteit.a10dc2f2aa514e97855ebf38d5bb7b20</rol:identificatie>
                    <rol:naam>Wateronttrekkingsactiviteit voor industriële toepassingen of voor de openbare drinkwatervoorziening</rol:naam>
                    <rol:groep>http://standaarden.omgevingswet.overheid.nl/activiteit/id/concept/Wateronttrekkingsactiviteit</rol:groep>
                    <rol:bovenliggendeActiviteit>
                        <rol:ActiviteitRef xlink:href="nl.imow-pv28.activiteit.7db49fd7b9b34aac93d3edce8266b487"/>
                    </rol:bovenliggendeActiviteit>
                </rol:Activiteit>
            </ow-dc:owObject>
        </sl:stand>
        <sl:stand>
            <ow-dc:owObject>
                <rol:Activiteit>
                    <rol:identificatie>nl.imow-pv28.activiteit.a19eb404a6834b7fb0ee3e0ba65ef147</rol:identificatie>
                    <rol:naam>Andere activiteiten die slecht doorlatende eigenschappen van bodemlagen kunnen aantasten in een grondwaterbeschermingsgebied</rol:naam>
                    <rol:groep>http://standaarden.omgevingswet.overheid.nl/activiteit/id/concept/MilieubelastendeActiviteitOverig</rol:groep>
                    <rol:bovenliggendeActiviteit>
                        <rol:ActiviteitRef xlink:href="nl.imow-pv28.activiteit.9578100433394f85a59b3d8e412840aa"/>
                    </rol:bovenliggendeActiviteit>
                </rol:Activiteit>
            </ow-dc:owObject>
        </sl:stand>
        <sl:stand>
            <ow-dc:owObject>
                <rol:Activiteit>
                    <rol:identificatie>nl.imow-pv28.activiteit.a3c75aafc0274d8cb261302c22cbd9d3</rol:identificatie>
                    <rol:naam>Afvalstoffenactiviteit in een grondwaterbeschermingsgebied</rol:naam>
                    <rol:groep>http://standaarden.omgevingswet.overheid.nl/activiteit/id/concept/MilieubelastendeActiviteitOverig</rol:groep>
                    <rol:bovenliggendeActiviteit>
                        <rol:ActiviteitRef xlink:href="nl.imow-pv28.activiteit.530d0a5c560b4826a8b33cdd3778a7e5"/>
                    </rol:bovenliggendeActiviteit>
                </rol:Activiteit>
            </ow-dc:owObject>
        </sl:stand>
        <sl:stand>
            <ow-dc:owObject>
                <rol:Activiteit>
                    <rol:identificatie>nl.imow-pv28.activiteit.a591469a5e9641f9bcaedccc682dd0c3</rol:identificatie>
                    <rol:naam>Complexe papier- en houtindustrie in een grondwaterbeschermingsgebied</rol:naam>
                    <rol:groep>http://standaarden.omgevingswet.overheid.nl/activiteit/id/concept/MilieubelastendeActiviteitOverig</rol:groep>
                    <rol:bovenliggendeActiviteit>
                        <rol:ActiviteitRef xlink:href="nl.imow-pv28.activiteit.530d0a5c560b4826a8b33cdd3778a7e5"/>
                    </rol:bovenliggendeActiviteit>
                </rol:Activiteit>
            </ow-dc:owObject>
        </sl:stand>
        <sl:stand>
            <ow-dc:owObject>
                <rol:Activiteit>
                    <rol:identificatie>nl.imow-pv28.activiteit.a59cbf3577344e30b9e6e19c5674da58</rol:identificatie>
                    <rol:naam>Ondergronds bouwwerk in een grondwaterbeschermingsgebied</rol:naam>
                    <rol:groep>http://standaarden.omgevingswet.overheid.nl/activiteit/id/concept/MilieubelastendeActiviteitOverig</rol:groep>
                    <rol:bovenliggendeActiviteit>
                        <rol:ActiviteitRef xlink:href="nl.imow-pv28.activiteit.9578100433394f85a59b3d8e412840aa"/>
                    </rol:bovenliggendeActiviteit>
                </rol:Activiteit>
            </ow-dc:owObject>
        </sl:stand>
        <sl:stand>
            <ow-dc:owObject>
                <rol:Activiteit>
                    <rol:identificatie>nl.imow-pv28.activiteit.a7e0f737f35b40ff95d16f6285e8c59c</rol:identificatie>
                    <rol:naam>Houden van een toertocht voor motorrijtuigen in een stiltegebied</rol:naam>
                    <rol:groep>http://standaarden.omgevingswet.overheid.nl/activiteit/id/concept/Overig</rol:groep>
                    <rol:bovenliggendeActiviteit>
                        <rol:ActiviteitRef xlink:href="nl.imow-pv28.activiteit.9d483f40e320454fb45c1bac4cba1a79"/>
                    </rol:bovenliggendeActiviteit>
                </rol:Activiteit>
            </ow-dc:owObject>
        </sl:stand>
        <sl:stand>
            <ow-dc:owObject>
                <rol:Activiteit>
                    <rol:identificatie>nl.imow-pv28.activiteit.a93d397552764cf6a18945c9e2e315ff</rol:identificatie>
                    <rol:naam>Mestbehandelingsinstallatie in een grondwaterbeschermingsgebied</rol:naam>
                    <rol:groep>http://standaarden.omgevingswet.overheid.nl/activiteit/id/concept/MilieubelastendeActiviteitOverig</rol:groep>
                    <rol:bovenliggendeActiviteit>
                        <rol:ActiviteitRef xlink:href="nl.imow-pv28.activiteit.5438a0fc742f456283a306e679636276"/>
                    </rol:bovenliggendeActiviteit>
                </rol:Activiteit>
            </ow-dc:owObject>
        </sl:stand>
        <sl:stand>
            <ow-dc:owObject>
                <rol:Activiteit>
                    <rol:identificatie>nl.imow-pv28.activiteit.add2da9306dc4c0081cd3bee179aecce</rol:identificatie>
                    <rol:naam>Opslaan of bewerken van grond en baggerspecie in een grondwaterbeschermingsgebied</rol:naam>
                    <rol:groep>http://standaarden.omgevingswet.overheid.nl/activiteit/id/concept/MilieubelastendeActiviteitOverig</rol:groep>
                    <rol:bovenliggendeActiviteit>
                        <rol:ActiviteitRef xlink:href="nl.imow-pv28.activiteit.530d0a5c560b4826a8b33cdd3778a7e5"/>
                    </rol:bovenliggendeActiviteit>
                </rol:Activiteit>
            </ow-dc:owObject>
        </sl:stand>
        <sl:stand>
            <ow-dc:owObject>
                <rol:Activiteit>
                    <rol:identificatie>nl.imow-pv28.activiteit.aee9133285aa4332b708f337f631b631</rol:identificatie>
                    <rol:naam>Boring of sondering in een grondwaterbeschermingsgebied</rol:naam>
                    <rol:groep>http://standaarden.omgevingswet.overheid.nl/activiteit/id/concept/MilieubelastendeActiviteitOverig</rol:groep>
                    <rol:bovenliggendeActiviteit>
                        <rol:ActiviteitRef xlink:href="nl.imow-pv28.activiteit.9578100433394f85a59b3d8e412840aa"/>
                    </rol:bovenliggendeActiviteit>
                </rol:Activiteit>
            </ow-dc:owObject>
        </sl:stand>
        <sl:stand>
            <ow-dc:owObject>
                <rol:Activiteit>
                    <rol:identificatie>nl.imow-pv28.activiteit.b1e5b6d4bd6c46d48df9248b2a1f2d76</rol:identificatie>
                    <rol:naam>Grafische industrie of drukkerijen in een grondwaterbeschermingsgebied</rol:naam>
                    <rol:groep>http://standaarden.omgevingswet.overheid.nl/activiteit/id/concept/MilieubelastendeActiviteitOverig</rol:groep>
                    <rol:bovenliggendeActiviteit>
                        <rol:ActiviteitRef xlink:href="nl.imow-pv28.activiteit.530d0a5c560b4826a8b33cdd3778a7e5"/>
                    </rol:bovenliggendeActiviteit>
                </rol:Activiteit>
            </ow-dc:owObject>
        </sl:stand>
        <sl:stand>
            <ow-dc:owObject>
                <rol:Activiteit>
                    <rol:identificatie>nl.imow-pv28.activiteit.b60bb9b201174a82a76ca17fbed5d15a</rol:identificatie>
                    <rol:naam>Gebruik van ontplofbare stoffen of voorwerpen op militaire objecten in een grondwaterbeschermingsgebied</rol:naam>
                    <rol:groep>http://standaarden.omgevingswet.overheid.nl/activiteit/id/concept/MilieubelastendeActiviteitOverig</rol:groep>
                    <rol:bovenliggendeActiviteit>
                        <rol:ActiviteitRef xlink:href="nl.imow-pv28.activiteit.530d0a5c560b4826a8b33cdd3778a7e5"/>
                    </rol:bovenliggendeActiviteit>
                </rol:Activiteit>
            </ow-dc:owObject>
        </sl:stand>
        <sl:stand>
            <ow-dc:owObject>
                <rol:Activiteit>
                    <rol:identificatie>nl.imow-pv28.activiteit.b655643da5ce4d00bd457ebb23b828cf</rol:identificatie>
                    <rol:naam>Varen met een waterscooter of snelle motorboot in een stiltegebied</rol:naam>
                    <rol:groep>http://standaarden.omgevingswet.overheid.nl/activiteit/id/concept/Overig</rol:groep>
                    <rol:bovenliggendeActiviteit>
                        <rol:ActiviteitRef xlink:href="nl.imow-pv28.activiteit.9d483f40e320454fb45c1bac4cba1a79"/>
                    </rol:bovenliggendeActiviteit>
                </rol:Activiteit>
            </ow-dc:owObject>
        </sl:stand>
        <sl:stand>
            <ow-dc:owObject>
                <rol:Activiteit>
                    <rol:identificatie>nl.imow-pv28.activiteit.b79888dd7b16432aa0326f408df8c5bb</rol:identificatie>
                    <rol:naam>Op of in de bodem brengen van meststoffen in een grondwaterbeschermingsgebied</rol:naam>
                    <rol:groep>http://standaarden.omgevingswet.overheid.nl/activiteit/id/concept/MilieubelastendeActiviteitOverig</rol:groep>
                    <rol:bovenliggendeActiviteit>
                        <rol:ActiviteitRef xlink:href="nl.imow-pv28.activiteit.5438a0fc742f456283a306e679636276"/>
                    </rol:bovenliggendeActiviteit>
                </rol:Activiteit>
            </ow-dc:owObject>
        </sl:stand>
        <sl:stand>
            <ow-dc:owObject>
                <rol:Activiteit>
                    <rol:identificatie>nl.imow-pv28.activiteit.b7edbba982a043d899770bd331a7b1c8</rol:identificatie>
                    <rol:naam>Opslaan en bewerken van ontplofbare stoffen of voorwerpen op militaire objecten in een grondwaterbeschermingsgebied</rol:naam>
                    <rol:groep>http://standaarden.omgevingswet.overheid.nl/activiteit/id/concept/MilieubelastendeActiviteitOverig</rol:groep>
                    <rol:bovenliggendeActiviteit>
                        <rol:ActiviteitRef xlink:href="nl.imow-pv28.activiteit.530d0a5c560b4826a8b33cdd3778a7e5"/>
                    </rol:bovenliggendeActiviteit>
                </rol:Activiteit>
            </ow-dc:owObject>
        </sl:stand>
        <sl:stand>
            <ow-dc:owObject>
                <rol:Activiteit>
                    <rol:identificatie>nl.imow-pv28.activiteit.bdbfd69b94414b5a8831e386ef6f69d1</rol:identificatie>
                    <rol:naam>Veranderen van de vorm, loop, constructie of het profiel van een provinciale vaarweg</rol:naam>
                    <rol:groep>http://standaarden.omgevingswet.overheid.nl/activiteit/id/concept/Beperkingengebiedactiviteit</rol:groep>
                    <rol:bovenliggendeActiviteit>
                        <rol:ActiviteitRef xlink:href="nl.imow-pv28.activiteit.2fb06d14bf85430a8d6e7e753f370956"/>
                    </rol:bovenliggendeActiviteit>
                </rol:Activiteit>
            </ow-dc:owObject>
        </sl:stand>
        <sl:stand>
            <ow-dc:owObject>
                <rol:Activiteit>
                    <rol:identificatie>nl.imow-pv28.activiteit.be05210c3b7d416ca23680c4402adf9f</rol:identificatie>
                    <rol:naam>Gelegenheid bieden tot zwemmen of baden in een badwaterbassin voor eenmalig gebruik</rol:naam>
                    <rol:groep>http://standaarden.omgevingswet.overheid.nl/activiteit/id/concept/GelegenheidTotZwemmenEnBadenBiedenactiviteit</rol:groep>
                    <rol:bovenliggendeActiviteit>
                        <rol:ActiviteitRef xlink:href="nl.imow-pv28.activiteit.904897cb4ae34d518b99eb0ffe28c4bb"/>
                    </rol:bovenliggendeActiviteit>
                </rol:Activiteit>
            </ow-dc:owObject>
        </sl:stand>
        <sl:stand>
            <ow-dc:owObject>
                <rol:Activiteit>
                    <rol:identificatie>nl.imow-pv28.activiteit.c7405b976e7e42dba1ef7d1bd676cae4</rol:identificatie>
                    <rol:naam>Andere activiteiten die nazorgmaatregelen kunnen belemmeren of nazorgvoorzieningen kunnen beschadigen op of rond een gesloten stortplaats</rol:naam>
                    <rol:groep>http://standaarden.omgevingswet.overheid.nl/activiteit/id/concept/MilieubelastendeActiviteitOverig</rol:groep>
                    <rol:bovenliggendeActiviteit>
                        <rol:ActiviteitRef xlink:href="nl.imow-pv28.activiteit.fba0fa3155db47aaa0a3f7f4a46b74f7"/>
                    </rol:bovenliggendeActiviteit>
                </rol:Activiteit>
            </ow-dc:owObject>
        </sl:stand>
        <sl:stand>
            <ow-dc:owObject>
                <rol:Activiteit>
                    <rol:identificatie>nl.imow-pv28.activiteit.c9df9eb3b287404085137df37c6e8006</rol:identificatie>
                    <rol:naam>Vellen en beheren van houtopstanden gereguleerd in de Zuid-Hollandse Omgevingsverordening</rol:naam>
                    <rol:groep>http://standaarden.omgevingswet.overheid.nl/activiteit/id/concept/Natuuractiviteit</rol:groep>
                    <rol:bovenliggendeActiviteit>
                        <rol:ActiviteitRef xlink:href="nl.imow-pv28.activiteit.6b1bf22b0f1241778d798dc05b36d4af"/>
                    </rol:bovenliggendeActiviteit>
                </rol:Activiteit>
            </ow-dc:owObject>
        </sl:stand>
        <sl:stand>
            <ow-dc:owObject>
                <rol:Activiteit>
                    <rol:identificatie>nl.imow-pv28.activiteit.caa2b7a19fbe489f9a971876870f62cb</rol:identificatie>
                    <rol:naam>Kabels en leidingen aanleggen, in stand houden of verwijderen in een grondwaterbeschermingsgebied</rol:naam>
                    <rol:groep>http://standaarden.omgevingswet.overheid.nl/activiteit/id/concept/MilieubelastendeActiviteitOverig</rol:groep>
                    <rol:bovenliggendeActiviteit>
                        <rol:ActiviteitRef xlink:href="nl.imow-pv28.activiteit.9578100433394f85a59b3d8e412840aa"/>
                    </rol:bovenliggendeActiviteit>
                </rol:Activiteit>
            </ow-dc:owObject>
        </sl:stand>
        <sl:stand>
            <ow-dc:owObject>
                <rol:Activiteit>
                    <rol:identificatie>nl.imow-pv28.activiteit.cbf912306d514895a1be434bad7d47af</rol:identificatie>
                    <rol:naam>Kabels en leidingen aanleggen, in stand houden of verwijderen in het beperkingengebied van een provinciale vaarweg</rol:naam>
                    <rol:groep>http://standaarden.omgevingswet.overheid.nl/activiteit/id/concept/Beperkingengebiedactiviteit</rol:groep>
                    <rol:bovenliggendeActiviteit>
                        <rol:ActiviteitRef xlink:href="nl.imow-pv28.activiteit.2fb06d14bf85430a8d6e7e753f370956"/>
                    </rol:bovenliggendeActiviteit>
                </rol:Activiteit>
            </ow-dc:owObject>
        </sl:stand>
        <sl:stand>
            <ow-dc:owObject>
                <rol:Activiteit>
                    <rol:identificatie>nl.imow-pv28.activiteit.ceb97f27c601414aba995b3bab371a50</rol:identificatie>
                    <rol:naam>Saneren van de bodem in relatie met het grondwater in een grondwaterbeschermingsgebied</rol:naam>
                    <rol:groep>http://standaarden.omgevingswet.overheid.nl/activiteit/id/concept/MilieubelastendeActiviteitOverig</rol:groep>
                    <rol:bovenliggendeActiviteit>
                        <rol:ActiviteitRef xlink:href="nl.imow-pv28.activiteit.530d0a5c560b4826a8b33cdd3778a7e5"/>
                    </rol:bovenliggendeActiviteit>
                </rol:Activiteit>
            </ow-dc:owObject>
        </sl:stand>
        <sl:stand>
            <ow-dc:owObject>
                <rol:Activiteit>
                    <rol:identificatie>nl.imow-pv28.activiteit.cecd836bc0f44481911c9c8ebee6e169</rol:identificatie>
                    <rol:naam>Tankinstallatie in een grondwaterbeschermingsgebied</rol:naam>
                    <rol:groep>http://standaarden.omgevingswet.overheid.nl/activiteit/id/concept/MilieubelastendeActiviteitOverig</rol:groep>
                    <rol:bovenliggendeActiviteit>
                        <rol:ActiviteitRef xlink:href="nl.imow-pv28.activiteit.530d0a5c560b4826a8b33cdd3778a7e5"/>
                    </rol:bovenliggendeActiviteit>
                </rol:Activiteit>
            </ow-dc:owObject>
        </sl:stand>
        <sl:stand>
            <ow-dc:owObject>
                <rol:Activiteit>
                    <rol:identificatie>nl.imow-pv28.activiteit.cf63298e03d741de9b9f7dbdde9354c4</rol:identificatie>
                    <rol:naam>Directe schadebestrijding</rol:naam>
                    <rol:groep>http://standaarden.omgevingswet.overheid.nl/activiteit/id/concept/Natuuractiviteit</rol:groep>
                    <rol:bovenliggendeActiviteit>
                        <rol:ActiviteitRef xlink:href="nl.imow-pv28.activiteit.183fac06e3224dc09e4fee290c8c4ab9"/>
                    </rol:bovenliggendeActiviteit>
                </rol:Activiteit>
            </ow-dc:owObject>
        </sl:stand>
        <sl:stand>
            <ow-dc:owObject>
                <rol:Activiteit>
                    <rol:identificatie>nl.imow-pv28.activiteit.d20ddc1fb5ae464fa382fa537615459a</rol:identificatie>
                    <rol:naam>Begraafplaats in een grondwaterbeschermingsgebied</rol:naam>
                    <rol:groep>http://standaarden.omgevingswet.overheid.nl/activiteit/id/concept/MilieubelastendeActiviteitOverig</rol:groep>
                    <rol:bovenliggendeActiviteit>
                        <rol:ActiviteitRef xlink:href="nl.imow-pv28.activiteit.530d0a5c560b4826a8b33cdd3778a7e5"/>
                    </rol:bovenliggendeActiviteit>
                </rol:Activiteit>
            </ow-dc:owObject>
        </sl:stand>
        <sl:stand>
            <ow-dc:owObject>
                <rol:Activiteit>
                    <rol:identificatie>nl.imow-pv28.activiteit.d2e36f0ab169431c94b93a0cbf923579</rol:identificatie>
                    <rol:naam>Veranderen van de vorm, loop, constructie of het profiel van een provinciale weg</rol:naam>
                    <rol:groep>http://standaarden.omgevingswet.overheid.nl/activiteit/id/concept/Beperkingengebiedactiviteit</rol:groep>
                    <rol:bovenliggendeActiviteit>
                        <rol:ActiviteitRef xlink:href="nl.imow-pv28.activiteit.50904d4445ae4e47b7df3149f6f21175"/>
                    </rol:bovenliggendeActiviteit>
                </rol:Activiteit>
            </ow-dc:owObject>
        </sl:stand>
        <sl:stand>
            <ow-dc:owObject>
                <rol:Activiteit>
                    <rol:identificatie>nl.imow-pv28.activiteit.d7b8639b67414c2890dc7493f5b47ffc</rol:identificatie>
                    <rol:naam>Gelegenheid bieden tot zwemmen en baden gereguleerd in de Zuid-Hollandse Omgevingsverordening</rol:naam>
                    <rol:groep>http://standaarden.omgevingswet.overheid.nl/activiteit/id/concept/GelegenheidTotZwemmenEnBadenBiedenactiviteit</rol:groep>
                    <rol:bovenliggendeActiviteit>
                        <rol:ActiviteitRef xlink:href="nl.imow-pv28.activiteit.6b1bf22b0f1241778d798dc05b36d4af"/>
                    </rol:bovenliggendeActiviteit>
                </rol:Activiteit>
            </ow-dc:owObject>
        </sl:stand>
        <sl:stand>
            <ow-dc:owObject>
                <rol:Activiteit>
                    <rol:identificatie>nl.imow-pv28.activiteit.dfa58644161b41c78c26ad2d7b52850e</rol:identificatie>
                    <rol:naam>Verwerken van afvalstoffen in een grondwaterbeschermingsgebied</rol:naam>
                    <rol:groep>http://standaarden.omgevingswet.overheid.nl/activiteit/id/concept/MilieubelastendeActiviteitOverig</rol:groep>
                    <rol:bovenliggendeActiviteit>
                        <rol:ActiviteitRef xlink:href="nl.imow-pv28.activiteit.a3c75aafc0274d8cb261302c22cbd9d3"/>
                    </rol:bovenliggendeActiviteit>
                </rol:Activiteit>
            </ow-dc:owObject>
        </sl:stand>
        <sl:stand>
            <ow-dc:owObject>
                <rol:Activiteit>
                    <rol:identificatie>nl.imow-pv28.activiteit.e00735fab163430b832721505ef321a7</rol:identificatie>
                    <rol:naam>Verwerken van mest in een grondwaterbeschermingsgebied</rol:naam>
                    <rol:groep>http://standaarden.omgevingswet.overheid.nl/activiteit/id/concept/MilieubelastendeActiviteitOverig</rol:groep>
                    <rol:bovenliggendeActiviteit>
                        <rol:ActiviteitRef xlink:href="nl.imow-pv28.activiteit.5438a0fc742f456283a306e679636276"/>
                    </rol:bovenliggendeActiviteit>
                </rol:Activiteit>
            </ow-dc:owObject>
        </sl:stand>
        <sl:stand>
            <ow-dc:owObject>
                <rol:Activiteit>
                    <rol:identificatie>nl.imow-pv28.activiteit.e091a16d46d9455db8f1d9fe0d7ac658</rol:identificatie>
                    <rol:naam>Op of in de bodem brengen van afvalstoffen in een grondwaterbeschermingsgebied</rol:naam>
                    <rol:groep>http://standaarden.omgevingswet.overheid.nl/activiteit/id/concept/MilieubelastendeActiviteitOverig</rol:groep>
                    <rol:bovenliggendeActiviteit>
                        <rol:ActiviteitRef xlink:href="nl.imow-pv28.activiteit.a3c75aafc0274d8cb261302c22cbd9d3"/>
                    </rol:bovenliggendeActiviteit>
                </rol:Activiteit>
            </ow-dc:owObject>
        </sl:stand>
        <sl:stand>
            <ow-dc:owObject>
                <rol:Activiteit>
                    <rol:identificatie>nl.imow-pv28.activiteit.e3444b8379194ad1b3c5eb177303a3cf</rol:identificatie>
                    <rol:naam>Ongewoon voorval</rol:naam>
                    <rol:groep>http://standaarden.omgevingswet.overheid.nl/activiteit/id/concept/Overig</rol:groep>
                    <rol:bovenliggendeActiviteit>
                        <rol:ActiviteitRef xlink:href="nl.imow-pv28.activiteit.6b1bf22b0f1241778d798dc05b36d4af"/>
                    </rol:bovenliggendeActiviteit>
                </rol:Activiteit>
            </ow-dc:owObject>
        </sl:stand>
        <sl:stand>
            <ow-dc:owObject>
                <rol:Activiteit>
                    <rol:identificatie>nl.imow-pv28.activiteit.e9813162fded4483b3442037df248a52</rol:identificatie>
                    <rol:naam>Stoffen gebruiken die slecht-doorlatende eigenschappen van bodemlagen kunnen aantasten in een grondwaterbeschermingsgebied</rol:naam>
                    <rol:groep>http://standaarden.omgevingswet.overheid.nl/activiteit/id/concept/MilieubelastendeActiviteitOverig</rol:groep>
                    <rol:bovenliggendeActiviteit>
                        <rol:ActiviteitRef xlink:href="nl.imow-pv28.activiteit.9578100433394f85a59b3d8e412840aa"/>
                    </rol:bovenliggendeActiviteit>
                </rol:Activiteit>
            </ow-dc:owObject>
        </sl:stand>
        <sl:stand>
            <ow-dc:owObject>
                <rol:Activiteit>
                    <rol:identificatie>nl.imow-pv28.activiteit.eafd6d4345364aa0840c588531a37507</rol:identificatie>
                    <rol:naam>Chemisch reinigen van textiel in een grondwaterbeschermingsgebied</rol:naam>
                    <rol:groep>http://standaarden.omgevingswet.overheid.nl/activiteit/id/concept/MilieubelastendeActiviteitOverig</rol:groep>
                    <rol:bovenliggendeActiviteit>
                        <rol:ActiviteitRef xlink:href="nl.imow-pv28.activiteit.530d0a5c560b4826a8b33cdd3778a7e5"/>
                    </rol:bovenliggendeActiviteit>
                </rol:Activiteit>
            </ow-dc:owObject>
        </sl:stand>
        <sl:stand>
            <ow-dc:owObject>
                <rol:Activiteit>
                    <rol:identificatie>nl.imow-pv28.activiteit.eb7c99e2c83b437c97095655eead9da7</rol:identificatie>
                    <rol:naam>Koelinstallatie met kooldioxide, koolwaterstoffen of ammoniak in een grondwaterbeschermingsgebied</rol:naam>
                    <rol:groep>http://standaarden.omgevingswet.overheid.nl/activiteit/id/concept/MilieubelastendeActiviteitOverig</rol:groep>
                    <rol:bovenliggendeActiviteit>
                        <rol:ActiviteitRef xlink:href="nl.imow-pv28.activiteit.530d0a5c560b4826a8b33cdd3778a7e5"/>
                    </rol:bovenliggendeActiviteit>
                </rol:Activiteit>
            </ow-dc:owObject>
        </sl:stand>
        <sl:stand>
            <ow-dc:owObject>
                <rol:Activiteit>
                    <rol:identificatie>nl.imow-pv28.activiteit.efecf58874014475a3e7d31be28ab24a</rol:identificatie>
                    <rol:naam>Activiteit met voorbeschermingsregels gereguleerd in de Zuid-Hollandse Omgevingsverordening</rol:naam>
                    <rol:groep>http://standaarden.omgevingswet.overheid.nl/activiteit/id/concept/Overig</rol:groep>
                    <rol:bovenliggendeActiviteit>
                        <rol:ActiviteitRef xlink:href="nl.imow-pv28.activiteit.6b1bf22b0f1241778d798dc05b36d4af"/>
                    </rol:bovenliggendeActiviteit>
                </rol:Activiteit>
            </ow-dc:owObject>
        </sl:stand>
        <sl:stand>
            <ow-dc:owObject>
                <rol:Activiteit>
                    <rol:identificatie>nl.imow-pv28.activiteit.f0076252a00d43bababde6ec00aedb6a</rol:identificatie>
                    <rol:naam>Stoffen of voorwerpen plaatsen of in stand houden op of rond een gesloten stortplaats</rol:naam>
                    <rol:groep>http://standaarden.omgevingswet.overheid.nl/activiteit/id/concept/MilieubelastendeActiviteitOverig</rol:groep>
                    <rol:bovenliggendeActiviteit>
                        <rol:ActiviteitRef xlink:href="nl.imow-pv28.activiteit.fba0fa3155db47aaa0a3f7f4a46b74f7"/>
                    </rol:bovenliggendeActiviteit>
                </rol:Activiteit>
            </ow-dc:owObject>
        </sl:stand>
        <sl:stand>
            <ow-dc:owObject>
                <rol:Activiteit>
                    <rol:identificatie>nl.imow-pv28.activiteit.f2fc60c8ba3b4442a1dd8f3e55ea2275</rol:identificatie>
                    <rol:naam>Uitweg op een provinciale weg maken, hebben, veranderen of het het gebruik daarvan veranderen</rol:naam>
                    <rol:groep>http://standaarden.omgevingswet.overheid.nl/activiteit/id/concept/Beperkingengebiedactiviteit</rol:groep>
                    <rol:bovenliggendeActiviteit>
                        <rol:ActiviteitRef xlink:href="nl.imow-pv28.activiteit.50904d4445ae4e47b7df3149f6f21175"/>
                    </rol:bovenliggendeActiviteit>
                </rol:Activiteit>
            </ow-dc:owObject>
        </sl:stand>
        <sl:stand>
            <ow-dc:owObject>
                <rol:Activiteit>
                    <rol:identificatie>nl.imow-pv28.activiteit.f31da511fa7c45e6b81e9d9846e6f88c</rol:identificatie>
                    <rol:naam>Shredderen van autowrakken in een grondwaterbeschermingsgebied</rol:naam>
                    <rol:groep>http://standaarden.omgevingswet.overheid.nl/activiteit/id/concept/MilieubelastendeActiviteitOverig</rol:groep>
                    <rol:bovenliggendeActiviteit>
                        <rol:ActiviteitRef xlink:href="nl.imow-pv28.activiteit.a3c75aafc0274d8cb261302c22cbd9d3"/>
                    </rol:bovenliggendeActiviteit>
                </rol:Activiteit>
            </ow-dc:owObject>
        </sl:stand>
        <sl:stand>
            <ow-dc:owObject>
                <rol:Activiteit>
                    <rol:identificatie>nl.imow-pv28.activiteit.f55f7dd87bd84b43ad9b2450faf129f9</rol:identificatie>
                    <rol:naam>Exploiteren van een andere milieubelastende installatie voor het maken van fosfaathoudende, stikstofhoudende of kaliumhoudende meststoffen in een grondwaterbeschermingsgebied</rol:naam>
                    <rol:groep>http://standaarden.omgevingswet.overheid.nl/activiteit/id/concept/MilieubelastendeActiviteitOverig</rol:groep>
                    <rol:bovenliggendeActiviteit>
                        <rol:ActiviteitRef xlink:href="nl.imow-pv28.activiteit.5438a0fc742f456283a306e679636276"/>
                    </rol:bovenliggendeActiviteit>
                </rol:Activiteit>
            </ow-dc:owObject>
        </sl:stand>
        <sl:stand>
            <ow-dc:owObject>
                <rol:Activiteit>
                    <rol:identificatie>nl.imow-pv28.activiteit.f60e6b769e4a4b26818b9f221c336de4</rol:identificatie>
                    <rol:naam>Ontgrondingsactiviteit op land, in regionale wateren en in een winterbed van een rivier in beheer bij het Rijk</rol:naam>
                    <rol:groep>http://standaarden.omgevingswet.overheid.nl/activiteit/id/concept/Ontgrondingsactiviteit</rol:groep>
                    <rol:bovenliggendeActiviteit>
                        <rol:ActiviteitRef xlink:href="nl.imow-pv28.activiteit.23462efae5244270b80886c1942687cc"/>
                    </rol:bovenliggendeActiviteit>
                </rol:Activiteit>
            </ow-dc:owObject>
        </sl:stand>
        <sl:stand>
            <ow-dc:owObject>
                <rol:Activiteit>
                    <rol:identificatie>nl.imow-pv28.activiteit.f74602d6a2ca4983928601b16250540f</rol:identificatie>
                    <rol:naam>Infrastructuur in een grondwaterbeschermingsgebied</rol:naam>
                    <rol:groep>http://standaarden.omgevingswet.overheid.nl/activiteit/id/concept/MilieubelastendeActiviteitOverig</rol:groep>
                    <rol:bovenliggendeActiviteit>
                        <rol:ActiviteitRef xlink:href="nl.imow-pv28.activiteit.530d0a5c560b4826a8b33cdd3778a7e5"/>
                    </rol:bovenliggendeActiviteit>
                </rol:Activiteit>
            </ow-dc:owObject>
        </sl:stand>
        <sl:stand>
            <ow-dc:owObject>
                <rol:Activiteit>
                    <rol:identificatie>nl.imow-pv28.activiteit.fab82228892649489a9fde3dd7243c1b</rol:identificatie>
                    <rol:naam>Vernielen of beschadigen van nesten, rustplaatsen, eieren</rol:naam>
                    <rol:groep>http://standaarden.omgevingswet.overheid.nl/activiteit/id/concept/Natuuractiviteit</rol:groep>
                    <rol:bovenliggendeActiviteit>
                        <rol:ActiviteitRef xlink:href="nl.imow-pv28.activiteit.183fac06e3224dc09e4fee290c8c4ab9"/>
                    </rol:bovenliggendeActiviteit>
                </rol:Activiteit>
            </ow-dc:owObject>
        </sl:stand>
        <sl:stand>
            <ow-dc:owObject>
                <rol:Activiteit>
                    <rol:identificatie>nl.imow-pv28.activiteit.fba0fa3155db47aaa0a3f7f4a46b74f7</rol:identificatie>
                    <rol:naam>Activiteiten op of rond gesloten stortplaatsen gereguleerd in de Zuid-Hollandse Omgevingsverordening</rol:naam>
                    <rol:groep>http://standaarden.omgevingswet.overheid.nl/activiteit/id/concept/MilieubelastendeActiviteitOverig</rol:groep>
                    <rol:bovenliggendeActiviteit>
                        <rol:ActiviteitRef xlink:href="nl.imow-pv28.activiteit.0f0f59844c6544359760d9f6f0e46c2c"/>
                    </rol:bovenliggendeActiviteit>
                </rol:Activiteit>
            </ow-dc:owObject>
        </sl:stand>
        <sl:stand>
            <ow-dc:owObject>
                <rol:Activiteit>
                    <rol:identificatie>nl.imow-pv28.activiteit.ff96fa525d094fddb3cbaeed827643ea</rol:identificatie>
                    <rol:naam>Graven in een grondwaterbeschermingsgebied</rol:naam>
                    <rol:groep>http://standaarden.omgevingswet.overheid.nl/activiteit/id/concept/MilieubelastendeActiviteitOverig</rol:groep>
                    <rol:bovenliggendeActiviteit>
                        <rol:ActiviteitRef xlink:href="nl.imow-pv28.activiteit.9578100433394f85a59b3d8e412840aa"/>
                    </rol:bovenliggendeActiviteit>
                </rol:Activiteit>
            </ow-dc:owObject>
        </sl:stand>
    </sl:standBestand>
</ow-dc:owBestand>
