<?xml version="1.0" encoding="UTF-8" standalone="yes"?>
<ow-dc:owBestand xmlns:rol="http://www.geostandaarden.nl/imow/regelsoplocatie" xmlns:schemaLocation="http://www.geostandaarden.nl/imow/bestanden/deelbestand https://register.geostandaarden.nl/xmlschema/tpod/v2.0.0/bestanden-ow/deelbestand-ow/IMOW_Deelbestand.xsd" xmlns:rg="http://www.geostandaarden.nl/imow/regelingsgebied" xmlns:da="http://www.geostandaarden.nl/imow/datatypenalgemeen" xmlns:l="http://www.geostandaarden.nl/imow/locatie" xmlns:sym="http://www.geostandaarden.nl/imow/symbolisatie" xmlns:xsi="http://www.w3.org/2001/XMLSchema-instance" xmlns:kaart="http://www.geostandaarden.nl/imow/kaart" xmlns="http://www.geostandaarden.nl/bestanden-ow/manifest-ow" xmlns:xlink="http://www.w3.org/1999/xlink" xmlns:ow-dc="http://www.geostandaarden.nl/imow/bestanden/deelbestand" xmlns:ga="http://www.geostandaarden.nl/imow/gebiedsaanwijzing" xmlns:sl="http://www.geostandaarden.nl/bestanden-ow/standlevering-generiek" xmlns:p="http://www.geostandaarden.nl/imow/pons" xmlns:regels="http://www.geostandaarden.nl/imow/regels" xmlns:ow="http://www.geostandaarden.nl/imow/owobject" xmlns:vt="http://www.geostandaarden.nl/imow/vrijetekst" xmlns:op="http://www.geostandaarden.nl/imow/opobject">
    <sl:standBestand>
        <sl:dataset>Onbekend</sl:dataset>
        <sl:inhoud>
            <sl:gebied>Onbekend</sl:gebied>
            <sl:leveringsId>Onbekend</sl:leveringsId>
            <sl:objectTypen>
                <sl:objectType>Gebied</sl:objectType>
            </sl:objectTypen>
        </sl:inhoud>
        <sl:stand>
            <ow-dc:owObject>
                <l:Gebied>
                    <l:identificatie>nl.imow-pv28.gebied.00432ac04fd645f18065e8cbbe1c03cd</l:identificatie>
                    <l:noemer>Maatwerkgebied glastuinbouw Greenport West-Holland</l:noemer>
                    <l:geometrie>
                        <l:GeometrieRef xlink:href="8ca8aae22bcb4d7d9a705a5adb74c9e3"/>
                    </l:geometrie>
                </l:Gebied>
            </ow-dc:owObject>
        </sl:stand>
        <sl:stand>
            <ow-dc:owObject>
                <l:Gebied>
                    <l:identificatie>nl.imow-pv28.gebied.0293dc150bf64835853f953970eb938b</l:identificatie>
                    <l:noemer>Risicogebied externe veiligheid Maasvlakte 1 en Maasvlakte 2</l:noemer>
                    <l:geometrie>
                        <l:GeometrieRef xlink:href="2aa98ec847fb47549fc66c1fa43e897d"/>
                    </l:geometrie>
                </l:Gebied>
            </ow-dc:owObject>
        </sl:stand>
        <sl:stand>
            <ow-dc:owObject>
                <l:Gebied>
                    <l:identificatie>nl.imow-pv28.gebied.07592bf4354a4afeb8f0afda15247d5a</l:identificatie>
                    <l:noemer>Andere stedelijke ontwikkeling</l:noemer>
                    <l:geometrie>
                        <l:GeometrieRef xlink:href="be0da5b08f8f4f3fafd01f26a6a9ada4"/>
                    </l:geometrie>
                </l:Gebied>
            </ow-dc:owObject>
        </sl:stand>
        <sl:stand>
            <ow-dc:owObject>
                <l:Gebied>
                    <l:identificatie>nl.imow-pv28.gebied.09e902c433a9443bac2c47e5d5feb2e1</l:identificatie>
                    <l:noemer>Werelderfgoed Neder-Germaanse Limes kernzone 2</l:noemer>
                    <l:geometrie>
                        <l:GeometrieRef xlink:href="2e7bdb4c5cfc428cb830742fda3eb3a5"/>
                    </l:geometrie>
                </l:Gebied>
            </ow-dc:owObject>
        </sl:stand>
        <sl:stand>
            <ow-dc:owObject>
                <l:Gebied>
                    <l:identificatie>nl.imow-pv28.gebied.0b18c4276a9b44ad9e3dba3dfffb8d6d</l:identificatie>
                    <l:noemer>Risicogebied externe veiligheid Waalhaven</l:noemer>
                    <l:geometrie>
                        <l:GeometrieRef xlink:href="f96e2c990bc3431091afa2b650465fba"/>
                    </l:geometrie>
                </l:Gebied>
            </ow-dc:owObject>
        </sl:stand>
        <sl:stand>
            <ow-dc:owObject>
                <l:Gebied>
                    <l:identificatie>nl.imow-pv28.gebied.0c3aa8146f694408b76322e1638141c3</l:identificatie>
                    <l:noemer>Beperkingengebied gesloten stortplaats</l:noemer>
                    <l:geometrie>
                        <l:GeometrieRef xlink:href="d6701221728040dca5c28e8863372d59"/>
                    </l:geometrie>
                </l:Gebied>
            </ow-dc:owObject>
        </sl:stand>
        <sl:stand>
            <ow-dc:owObject>
                <l:Gebied>
                    <l:identificatie>nl.imow-pv28.gebied.0c549e97d00941e7a7215d550ad79f9f</l:identificatie>
                    <l:noemer>Regionale waterkering klasse III</l:noemer>
                    <l:geometrie>
                        <l:GeometrieRef xlink:href="057df1a1c45b4d87a894df8b701de8da"/>
                    </l:geometrie>
                </l:Gebied>
            </ow-dc:owObject>
        </sl:stand>
        <sl:stand>
            <ow-dc:owObject>
                <l:Gebied>
                    <l:identificatie>nl.imow-pv28.gebied.0e27d39580274222b6b771def8e3cfdc</l:identificatie>
                    <l:noemer>Bijzondere molenbiotoop</l:noemer>
                    <l:geometrie>
                        <l:GeometrieRef xlink:href="daf2c9570d624eaeba6b77b731c645b9"/>
                    </l:geometrie>
                </l:Gebied>
            </ow-dc:owObject>
        </sl:stand>
        <sl:stand>
            <ow-dc:owObject>
                <l:Gebied>
                    <l:identificatie>nl.imow-pv28.gebied.0e39879298404c6c85a427d5d697c775</l:identificatie>
                    <l:noemer>Bosreservaat</l:noemer>
                    <l:geometrie>
                        <l:GeometrieRef xlink:href="3351a63e183f4c65b0ad4fa35b2d4847"/>
                    </l:geometrie>
                </l:Gebied>
            </ow-dc:owObject>
        </sl:stand>
        <sl:stand>
            <ow-dc:owObject>
                <l:Gebied>
                    <l:identificatie>nl.imow-pv28.gebied.0e62c0e9cc3245e5b27e8fca80fcd634</l:identificatie>
                    <l:noemer>Werelderfgoed Neder-Germaanse Limes kernzone 1</l:noemer>
                    <l:geometrie>
                        <l:GeometrieRef xlink:href="e00053799b714d02ab745d2fc4b305b9"/>
                    </l:geometrie>
                </l:Gebied>
            </ow-dc:owObject>
        </sl:stand>
        <sl:stand>
            <ow-dc:owObject>
                <l:Gebied>
                    <l:identificatie>nl.imow-pv28.gebied.130305a566f84b769a7e86811803a842</l:identificatie>
                    <l:noemer>Compensatiegebied bollenteelt</l:noemer>
                    <l:geometrie>
                        <l:GeometrieRef xlink:href="7676e065dd0342f98b410146c49eec05"/>
                    </l:geometrie>
                </l:Gebied>
            </ow-dc:owObject>
        </sl:stand>
        <sl:stand>
            <ow-dc:owObject>
                <l:Gebied>
                    <l:identificatie>nl.imow-pv28.gebied.16fe56aaf10c48dcbaba77c47094259a</l:identificatie>
                    <l:noemer>Regionale waterkering klasse V</l:noemer>
                    <l:geometrie>
                        <l:GeometrieRef xlink:href="1c10261e0df343b7970604c19a596c6c"/>
                    </l:geometrie>
                </l:Gebied>
            </ow-dc:owObject>
        </sl:stand>
        <sl:stand>
            <ow-dc:owObject>
                <l:Gebied>
                    <l:identificatie>nl.imow-pv28.gebied.1818fad5c946492aada45a46b8d9d5ef</l:identificatie>
                    <l:noemer>Kantorengebied categorie 1</l:noemer>
                    <l:geometrie>
                        <l:GeometrieRef xlink:href="17ce6d6671434a51845fc62c9d520096"/>
                    </l:geometrie>
                </l:Gebied>
            </ow-dc:owObject>
        </sl:stand>
        <sl:stand>
            <ow-dc:owObject>
                <l:Gebied>
                    <l:identificatie>nl.imow-pv28.gebied.1b14b0f06533435199e2bf3b692ea284</l:identificatie>
                    <l:noemer>Gebied met afwijkend maaiveldcriterium 12,5%</l:noemer>
                    <l:geometrie>
                        <l:GeometrieRef xlink:href="c4762e5e99354659ab3b454239ee390e"/>
                    </l:geometrie>
                </l:Gebied>
            </ow-dc:owObject>
        </sl:stand>
        <sl:stand>
            <ow-dc:owObject>
                <l:Gebied>
                    <l:identificatie>nl.imow-pv28.gebied.1c0fe6890aa94d6080ed5f7a7a71336c</l:identificatie>
                    <l:noemer>Uitzondering havenindustrieel complex</l:noemer>
                    <l:geometrie>
                        <l:GeometrieRef xlink:href="0d1c31f2e4754508bea00836fab644d0"/>
                    </l:geometrie>
                </l:Gebied>
            </ow-dc:owObject>
        </sl:stand>
        <sl:stand>
            <ow-dc:owObject>
                <l:Gebied>
                    <l:identificatie>nl.imow-pv28.gebied.1f5a62a4983d4598820c28839aa1d264</l:identificatie>
                    <l:noemer>NatuurNetwerk Nederland- bestaande en nieuwe natuur</l:noemer>
                    <l:geometrie>
                        <l:GeometrieRef xlink:href="0ff10ba3358b410d9993f70ca593b718"/>
                    </l:geometrie>
                </l:Gebied>
            </ow-dc:owObject>
        </sl:stand>
        <sl:stand>
            <ow-dc:owObject>
                <l:Gebied>
                    <l:identificatie>nl.imow-pv28.gebied.21b3fc0e4ea1436683032682e4aaaab3</l:identificatie>
                    <l:noemer>Beperkingengebied provinciale vaarweg</l:noemer>
                    <l:geometrie>
                        <l:GeometrieRef xlink:href="00711f2c8e0e47c1a3124929afcbf9a7"/>
                    </l:geometrie>
                </l:Gebied>
            </ow-dc:owObject>
        </sl:stand>
        <sl:stand>
            <ow-dc:owObject>
                <l:Gebied>
                    <l:identificatie>nl.imow-pv28.gebied.23525dee8876419cb34cb6f2a76ac2d1</l:identificatie>
                    <l:noemer>Grondwaterbeschermingszone</l:noemer>
                    <l:geometrie>
                        <l:GeometrieRef xlink:href="0472975f6dc54e3d8faa6c2c8237184f"/>
                    </l:geometrie>
                </l:Gebied>
            </ow-dc:owObject>
        </sl:stand>
        <sl:stand>
            <ow-dc:owObject>
                <l:Gebied>
                    <l:identificatie>nl.imow-pv28.gebied.25bbb21561824907ba3b2f4378503cac</l:identificatie>
                    <l:noemer>Niet-Basisnet transportroute in verband met groepsrisico</l:noemer>
                    <l:geometrie>
                        <l:GeometrieRef xlink:href="15bacdd5436846358ace3372aa2f1e56"/>
                    </l:geometrie>
                </l:Gebied>
            </ow-dc:owObject>
        </sl:stand>
        <sl:stand>
            <ow-dc:owObject>
                <l:Gebied>
                    <l:identificatie>nl.imow-pv28.gebied.25c87173844d4e14abc60c235b53d981</l:identificatie>
                    <l:noemer>Buijtenland van Rhoon</l:noemer>
                    <l:geometrie>
                        <l:GeometrieRef xlink:href="935a433b9e5f4e13bcfa7f82bdb6ebac"/>
                    </l:geometrie>
                </l:Gebied>
            </ow-dc:owObject>
        </sl:stand>
        <sl:stand>
            <ow-dc:owObject>
                <l:Gebied>
                    <l:identificatie>nl.imow-pv28.gebied.296bf3a596cf44e295597a21ad0b8b2b</l:identificatie>
                    <l:noemer>Waterschap Hollandse Delta</l:noemer>
                    <l:geometrie>
                        <l:GeometrieRef xlink:href="30f60790c06646eabf9e10c77ba5b4f0"/>
                    </l:geometrie>
                </l:Gebied>
            </ow-dc:owObject>
        </sl:stand>
        <sl:stand>
            <ow-dc:owObject>
                <l:Gebied>
                    <l:identificatie>nl.imow-pv28.gebied.3114f9bdb5934f3b8c6f3d795561ac0f</l:identificatie>
                    <l:noemer>Drinkwaterinfrastructuur</l:noemer>
                    <l:geometrie>
                        <l:GeometrieRef xlink:href="f5f5defd03444f018e0991ea734e2465"/>
                    </l:geometrie>
                </l:Gebied>
            </ow-dc:owObject>
        </sl:stand>
        <sl:stand>
            <ow-dc:owObject>
                <l:Gebied>
                    <l:identificatie>nl.imow-pv28.gebied.323c09fa72184354a53352db35f18523</l:identificatie>
                    <l:noemer>Kroonjuweel cultureel erfgoed</l:noemer>
                    <l:geometrie>
                        <l:GeometrieRef xlink:href="91a8c93b58da462b9366aba8bb325cad"/>
                    </l:geometrie>
                </l:Gebied>
            </ow-dc:owObject>
        </sl:stand>
        <sl:stand>
            <ow-dc:owObject>
                <l:Gebied>
                    <l:identificatie>nl.imow-pv28.gebied.397e1956183d44f0a3b567859ec69de2</l:identificatie>
                    <l:noemer>Regionale waterkering handhaven (theoretisch) profiel legger</l:noemer>
                    <l:geometrie>
                        <l:GeometrieRef xlink:href="d3a278e78bdd4dc2ac00fbc964872053"/>
                    </l:geometrie>
                </l:Gebied>
            </ow-dc:owObject>
        </sl:stand>
        <sl:stand>
            <ow-dc:owObject>
                <l:Gebied>
                    <l:identificatie>nl.imow-pv28.gebied.3b804dad26e84ea7a3ed038536f7d851</l:identificatie>
                    <l:noemer>Werelderfgoed Neder-Germaanse Limes bufferzone</l:noemer>
                    <l:geometrie>
                        <l:GeometrieRef xlink:href="1a5569834fe141aca41517a8e869f633"/>
                    </l:geometrie>
                </l:Gebied>
            </ow-dc:owObject>
        </sl:stand>
        <sl:stand>
            <ow-dc:owObject>
                <l:Gebied>
                    <l:identificatie>nl.imow-pv28.gebied.3ce8c60a772a456f827b27a510d7d758</l:identificatie>
                    <l:noemer>Waterschap Rivierenland</l:noemer>
                    <l:geometrie>
                        <l:GeometrieRef xlink:href="945fa6a4d3a947c7941f3a5162048b9f"/>
                    </l:geometrie>
                </l:Gebied>
            </ow-dc:owObject>
        </sl:stand>
        <sl:stand>
            <ow-dc:owObject>
                <l:Gebied>
                    <l:identificatie>nl.imow-pv28.gebied.3d9c162b463b436fac4d01dc12edbc20</l:identificatie>
                    <l:noemer>Glastuinbouwgebied buiten Greenports</l:noemer>
                    <l:geometrie>
                        <l:GeometrieRef xlink:href="fbcbdadfc0354b70b79619ee80ba9f28"/>
                    </l:geometrie>
                </l:Gebied>
            </ow-dc:owObject>
        </sl:stand>
        <sl:stand>
            <ow-dc:owObject>
                <l:Gebied>
                    <l:identificatie>nl.imow-pv28.gebied.45567fd5177044bfb0885b40212fd1d5</l:identificatie>
                    <l:noemer>Glastuinbouwgebied Westland-Oostland</l:noemer>
                    <l:geometrie>
                        <l:GeometrieRef xlink:href="f8d3c5cec37d4f58afbc50cc158edaa6"/>
                    </l:geometrie>
                </l:Gebied>
            </ow-dc:owObject>
        </sl:stand>
        <sl:stand>
            <ow-dc:owObject>
                <l:Gebied>
                    <l:identificatie>nl.imow-pv28.gebied.47a0f0c4746247038236f33cb801b5ed</l:identificatie>
                    <l:noemer>Molenbiotoop binnen straal 0 tot 100 meter</l:noemer>
                    <l:geometrie>
                        <l:GeometrieRef xlink:href="7a4ff227625547a2b9dc5d08c181b617"/>
                    </l:geometrie>
                </l:Gebied>
            </ow-dc:owObject>
        </sl:stand>
        <sl:stand>
            <ow-dc:owObject>
                <l:Gebied>
                    <l:identificatie>nl.imow-pv28.gebied.4c2d05164fd64f968e154317896f9c83</l:identificatie>
                    <l:noemer>Peilbesluitgebied</l:noemer>
                    <l:geometrie>
                        <l:GeometrieRef xlink:href="ab36d4a0bd424b0694ecf68d0bfd39f2"/>
                    </l:geometrie>
                </l:Gebied>
            </ow-dc:owObject>
        </sl:stand>
        <sl:stand>
            <ow-dc:owObject>
                <l:Gebied>
                    <l:identificatie>nl.imow-pv28.gebied.4d5b9ce5c03b411986e240963db5f035</l:identificatie>
                    <l:noemer>Stationsomgeving</l:noemer>
                    <l:geometrie>
                        <l:GeometrieRef xlink:href="b469bd47fb244848a6fb7a9579717098"/>
                    </l:geometrie>
                </l:Gebied>
            </ow-dc:owObject>
        </sl:stand>
        <sl:stand>
            <ow-dc:owObject>
                <l:Gebied>
                    <l:identificatie>nl.imow-pv28.gebied.4e8b34eff14044aa9e55ce60549578a1</l:identificatie>
                    <l:noemer>Beperkingengebied provinciale weg</l:noemer>
                    <l:geometrie>
                        <l:GeometrieRef xlink:href="d568de33f02e4976bcf9ecf6f4da9e34"/>
                    </l:geometrie>
                </l:Gebied>
            </ow-dc:owObject>
        </sl:stand>
        <sl:stand>
            <ow-dc:owObject>
                <l:Gebied>
                    <l:identificatie>nl.imow-pv28.gebied.5115e7a97f5a48ee9b89190942415620</l:identificatie>
                    <l:noemer>Landgoedbiotoop</l:noemer>
                    <l:geometrie>
                        <l:GeometrieRef xlink:href="eca26187a7044fab9da78def4a1b38d4"/>
                    </l:geometrie>
                </l:Gebied>
            </ow-dc:owObject>
        </sl:stand>
        <sl:stand>
            <ow-dc:owObject>
                <l:Gebied>
                    <l:identificatie>nl.imow-pv28.gebied.51d61cfa50c640b78275dc577041945e</l:identificatie>
                    <l:noemer>Maatwerkgebied boom- en sierteelt</l:noemer>
                    <l:geometrie>
                        <l:GeometrieRef xlink:href="b85427e93a884b20ad749a9ab6457739"/>
                    </l:geometrie>
                </l:Gebied>
            </ow-dc:owObject>
        </sl:stand>
        <sl:stand>
            <ow-dc:owObject>
                <l:Gebied>
                    <l:identificatie>nl.imow-pv28.gebied.57d9592580094bae965036b1a5d979ed</l:identificatie>
                    <l:noemer>Kantorengebied categorie 2</l:noemer>
                    <l:geometrie>
                        <l:GeometrieRef xlink:href="005657e7bbdc402d970cbf118628be91"/>
                    </l:geometrie>
                </l:Gebied>
            </ow-dc:owObject>
        </sl:stand>
        <sl:stand>
            <ow-dc:owObject>
                <l:Gebied>
                    <l:identificatie>nl.imow-pv28.gebied.5a67b660c76c44f3bc58862ae2ea0efa</l:identificatie>
                    <l:noemer>Hoogheemraadschap van Delfland</l:noemer>
                    <l:geometrie>
                        <l:GeometrieRef xlink:href="fe311a4934be4d6b937b94d968f16d2f"/>
                    </l:geometrie>
                </l:Gebied>
            </ow-dc:owObject>
        </sl:stand>
        <sl:stand>
            <ow-dc:owObject>
                <l:Gebied>
                    <l:identificatie>nl.imow-pv28.gebied.5d7a19e78f16412284a94f3c290dac2b</l:identificatie>
                    <l:noemer>Gebied voor aanvullende strategische voorraden</l:noemer>
                    <l:geometrie>
                        <l:GeometrieRef xlink:href="7453a695d46f4307b59b2674ac089913"/>
                    </l:geometrie>
                </l:Gebied>
            </ow-dc:owObject>
        </sl:stand>
        <sl:stand>
            <ow-dc:owObject>
                <l:Gebied>
                    <l:identificatie>nl.imow-pv28.gebied.5fba96c6573c4feeac0cfb44c43dffc2</l:identificatie>
                    <l:noemer>Glastuinbouwgebied Glasparel en Knibbelweg-oost</l:noemer>
                    <l:geometrie>
                        <l:GeometrieRef xlink:href="8128402cde3c403d8e55c173a06ceeb5"/>
                    </l:geometrie>
                </l:Gebied>
            </ow-dc:owObject>
        </sl:stand>
        <sl:stand>
            <ow-dc:owObject>
                <l:Gebied>
                    <l:identificatie>nl.imow-pv28.gebied.64763b16ea1b4ec1bd638581e823338d</l:identificatie>
                    <l:noemer>Waterwingebied</l:noemer>
                    <l:geometrie>
                        <l:GeometrieRef xlink:href="d0e822d3dace4a2b9f7c98a6554f0962"/>
                    </l:geometrie>
                </l:Gebied>
            </ow-dc:owObject>
        </sl:stand>
        <sl:stand>
            <ow-dc:owObject>
                <l:Gebied>
                    <l:identificatie>nl.imow-pv28.gebied.6b2ded7644854d89be287e78e83dbb03</l:identificatie>
                    <l:noemer>Belangrijk weidevogelgebied</l:noemer>
                    <l:geometrie>
                        <l:GeometrieRef xlink:href="5f2332766b4d4ef097fa474f83c29130"/>
                    </l:geometrie>
                </l:Gebied>
            </ow-dc:owObject>
        </sl:stand>
        <sl:stand>
            <ow-dc:owObject>
                <l:Gebied>
                    <l:identificatie>nl.imow-pv28.gebied.6db85312774c4d8188ba67fb2694a7d0</l:identificatie>
                    <l:noemer>Glastuinbouwgebied Greenport West-Holland</l:noemer>
                    <l:geometrie>
                        <l:GeometrieRef xlink:href="7c1cfd56cd194dd4bdfe8bb93e38bfcc"/>
                    </l:geometrie>
                </l:Gebied>
            </ow-dc:owObject>
        </sl:stand>
        <sl:stand>
            <ow-dc:owObject>
                <l:Gebied>
                    <l:identificatie>nl.imow-pv28.gebied.6fba1b83529743b1bcd3eabea54a2ace</l:identificatie>
                    <l:noemer>Locatie voor windenergie</l:noemer>
                    <l:geometrie>
                        <l:GeometrieRef xlink:href="6647c4415cd746bd930cec42ac338014"/>
                    </l:geometrie>
                </l:Gebied>
            </ow-dc:owObject>
        </sl:stand>
        <sl:stand>
            <ow-dc:owObject>
                <l:Gebied>
                    <l:identificatie>nl.imow-pv28.gebied.71d1fe7d5d3041c8ad1a966a7fa34be5</l:identificatie>
                    <l:noemer>Provinciale vaarweg, veiligheidszone</l:noemer>
                    <l:geometrie>
                        <l:GeometrieRef xlink:href="498182cc1a984a58b1456e9890c08704"/>
                    </l:geometrie>
                </l:Gebied>
            </ow-dc:owObject>
        </sl:stand>
        <sl:stand>
            <ow-dc:owObject>
                <l:Gebied>
                    <l:identificatie>nl.imow-pv28.gebied.73bd86041ec6414680d5e7c6e43ca74c</l:identificatie>
                    <l:noemer>Regionale vaarweg</l:noemer>
                    <l:geometrie>
                        <l:GeometrieRef xlink:href="0a208f4a85714c2281115736a0d55e3b"/>
                    </l:geometrie>
                </l:Gebied>
            </ow-dc:owObject>
        </sl:stand>
        <sl:stand>
            <ow-dc:owObject>
                <l:Gebied>
                    <l:identificatie>nl.imow-pv28.gebied.762109bae3f94f6ca60bd80d5594ab5d</l:identificatie>
                    <l:noemer>Bedrijventerrein</l:noemer>
                    <l:geometrie>
                        <l:GeometrieRef xlink:href="a2fd9d6051e24610820311cfdc773799"/>
                    </l:geometrie>
                </l:Gebied>
            </ow-dc:owObject>
        </sl:stand>
        <sl:stand>
            <ow-dc:owObject>
                <l:Gebied>
                    <l:identificatie>nl.imow-pv28.gebied.7a6ae2a4092d46c391833d7f37d8128d</l:identificatie>
                    <l:noemer>NatuurNetwerk Nederland- prioritaire nieuwe natuur</l:noemer>
                    <l:geometrie>
                        <l:GeometrieRef xlink:href="7c29ff623f3446ca9749ea48ca4f1056"/>
                    </l:geometrie>
                </l:Gebied>
            </ow-dc:owObject>
        </sl:stand>
        <sl:stand>
            <ow-dc:owObject>
                <l:Gebied>
                    <l:identificatie>nl.imow-pv28.gebied.7b451d5fd3304e0397c9ccc99a2a3e4f</l:identificatie>
                    <l:noemer>Landschap met oude boskernen, houtwallen en heggen</l:noemer>
                    <l:geometrie>
                        <l:GeometrieRef xlink:href="dcfd3fd14d3140e3bc64a1cc70a15153"/>
                    </l:geometrie>
                </l:Gebied>
            </ow-dc:owObject>
        </sl:stand>
        <sl:stand>
            <ow-dc:owObject>
                <l:Gebied>
                    <l:identificatie>nl.imow-pv28.gebied.7b5e7ca95deb47578b749e9ac7472986</l:identificatie>
                    <l:noemer>NatuurNetwerk Nederland- ecologische verbinding</l:noemer>
                    <l:geometrie>
                        <l:GeometrieRef xlink:href="69edb02d3b1c43e3b71c98e5a716f92d"/>
                    </l:geometrie>
                </l:Gebied>
            </ow-dc:owObject>
        </sl:stand>
        <sl:stand>
            <ow-dc:owObject>
                <l:Gebied>
                    <l:identificatie>nl.imow-pv28.gebied.7d7413590b7d44ee9f12e6907bbe50ab</l:identificatie>
                    <l:noemer>Watergebonden bedrijventerrein</l:noemer>
                    <l:geometrie>
                        <l:GeometrieRef xlink:href="117fc5aa52f9496e8a9a13587b638cce"/>
                    </l:geometrie>
                </l:Gebied>
            </ow-dc:owObject>
        </sl:stand>
        <sl:stand>
            <ow-dc:owObject>
                <l:Gebied>
                    <l:identificatie>nl.imow-pv28.gebied.7e3e2c98c4e544b3a4bacb54752e1724</l:identificatie>
                    <l:noemer>Woningbouwlocatie</l:noemer>
                    <l:geometrie>
                        <l:GeometrieRef xlink:href="8a1d27ff45764c07bd45088263934fb4"/>
                    </l:geometrie>
                </l:Gebied>
            </ow-dc:owObject>
        </sl:stand>
        <sl:stand>
            <ow-dc:owObject>
                <l:Gebied>
                    <l:identificatie>nl.imow-pv28.gebied.80ec37c91ffc4623807c435054fcbf10</l:identificatie>
                    <l:noemer>Gebied met grondwaterbeheer Rotterdam</l:noemer>
                    <l:geometrie>
                        <l:GeometrieRef xlink:href="20e36acb1f37465dbd47702fa4731209"/>
                    </l:geometrie>
                </l:Gebied>
            </ow-dc:owObject>
        </sl:stand>
        <sl:stand>
            <ow-dc:owObject>
                <l:Gebied>
                    <l:identificatie>nl.imow-pv28.gebied.835122de14554b76861f2175c9b08507</l:identificatie>
                    <l:noemer>Hoofdwandelnetwerk</l:noemer>
                    <l:geometrie>
                        <l:GeometrieRef xlink:href="9af75be75e354d86aec363504aa4d6dd"/>
                    </l:geometrie>
                </l:Gebied>
            </ow-dc:owObject>
        </sl:stand>
        <sl:stand>
            <ow-dc:owObject>
                <l:Gebied>
                    <l:identificatie>nl.imow-pv28.gebied.83b15859ed0a4d198fd1fe6ec21ad5ec</l:identificatie>
                    <l:noemer>Provinciale vaarweg, veiligheidsstrook</l:noemer>
                    <l:geometrie>
                        <l:GeometrieRef xlink:href="c5247ed6afa740f49a45fbd727d8c039"/>
                    </l:geometrie>
                </l:Gebied>
            </ow-dc:owObject>
        </sl:stand>
        <sl:stand>
            <ow-dc:owObject>
                <l:Gebied>
                    <l:identificatie>nl.imow-pv28.gebied.83c7d90ad2e349d28675dedd8174be98</l:identificatie>
                    <l:noemer>Eendenkooi</l:noemer>
                    <l:geometrie>
                        <l:GeometrieRef xlink:href="e37ffece6dbe43fabe46d7f8d92bd550"/>
                    </l:geometrie>
                </l:Gebied>
            </ow-dc:owObject>
        </sl:stand>
        <sl:stand>
            <ow-dc:owObject>
                <l:Gebied>
                    <l:identificatie>nl.imow-pv28.gebied.84132eba9caa4570bef852c6deab6f7b</l:identificatie>
                    <l:noemer>NatuurNetwerk Nederland- blijvend agrarisch gebied binnen Natura2000-gebied</l:noemer>
                    <l:geometrie>
                        <l:GeometrieRef xlink:href="16a48e1208ee4e39814b96a3304d6e75"/>
                    </l:geometrie>
                </l:Gebied>
            </ow-dc:owObject>
        </sl:stand>
        <sl:stand>
            <ow-dc:owObject>
                <l:Gebied>
                    <l:identificatie>nl.imow-pv28.gebied.8895e906845942c59071439d101c227a</l:identificatie>
                    <l:noemer>Risicogebied externe veiligheid Europoort en Landtong</l:noemer>
                    <l:geometrie>
                        <l:GeometrieRef xlink:href="4d27269b42bd4d7c84c3404932a990f4"/>
                    </l:geometrie>
                </l:Gebied>
            </ow-dc:owObject>
        </sl:stand>
        <sl:stand>
            <ow-dc:owObject>
                <l:Gebied>
                    <l:identificatie>nl.imow-pv28.gebied.8964e6e81c794dd9b6cb0dbd71ee1b58</l:identificatie>
                    <l:noemer>Cluster voor grote ruimtevragers</l:noemer>
                    <l:geometrie>
                        <l:GeometrieRef xlink:href="5599101f08eb4b158424c45715f3f666"/>
                    </l:geometrie>
                </l:Gebied>
            </ow-dc:owObject>
        </sl:stand>
        <sl:stand>
            <ow-dc:owObject>
                <l:Gebied>
                    <l:identificatie>nl.imow-pv28.gebied.8aab252b035d4d4fae6bc7f48f1b9556</l:identificatie>
                    <l:noemer>Werelderfgoed Hollandse Waterlinies</l:noemer>
                    <l:geometrie>
                        <l:GeometrieRef xlink:href="dc0e3ddd812a42adaa7ed7d7f294870d"/>
                    </l:geometrie>
                </l:Gebied>
            </ow-dc:owObject>
        </sl:stand>
        <sl:stand>
            <ow-dc:owObject>
                <l:Gebied>
                    <l:identificatie>nl.imow-pv28.gebied.8b495f1e6dea462eb160de0db4e3e599</l:identificatie>
                    <l:noemer>Gebied met afwijkend maaiveldcriterium 20%</l:noemer>
                    <l:geometrie>
                        <l:GeometrieRef xlink:href="0c876ab59d5b4caca8059ed254b2f09e"/>
                    </l:geometrie>
                </l:Gebied>
            </ow-dc:owObject>
        </sl:stand>
        <sl:stand>
            <ow-dc:owObject>
                <l:Gebied>
                    <l:identificatie>nl.imow-pv28.gebied.8eaf11e74b8d4e378141fdf35c560997</l:identificatie>
                    <l:noemer>Molenbiotoop binnen straal 100 tot 400 meter</l:noemer>
                    <l:geometrie>
                        <l:GeometrieRef xlink:href="782d65e86340497fb7d5cf8a7ac9e480"/>
                    </l:geometrie>
                </l:Gebied>
            </ow-dc:owObject>
        </sl:stand>
        <sl:stand>
            <ow-dc:owObject>
                <l:Gebied>
                    <l:identificatie>nl.imow-pv28.gebied.927985d138a344a6a6e2273234990dcd</l:identificatie>
                    <l:noemer>Kasteelbiotoop</l:noemer>
                    <l:geometrie>
                        <l:GeometrieRef xlink:href="3391ab81e5a540688eeed947a5639fa3"/>
                    </l:geometrie>
                </l:Gebied>
            </ow-dc:owObject>
        </sl:stand>
        <sl:stand>
            <ow-dc:owObject>
                <l:Gebied>
                    <l:identificatie>nl.imow-pv28.gebied.92b1022ca447440a8baf54eea28d104c</l:identificatie>
                    <l:noemer>Boom- en sierteeltgebied</l:noemer>
                    <l:geometrie>
                        <l:GeometrieRef xlink:href="064d3082036d4bd8a06eef6a3b71ce1a"/>
                    </l:geometrie>
                </l:Gebied>
            </ow-dc:owObject>
        </sl:stand>
        <sl:stand>
            <ow-dc:owObject>
                <l:Gebied>
                    <l:identificatie>nl.imow-pv28.gebied.95ef19cc09f746a6a19aecf7ed5db5c2</l:identificatie>
                    <l:noemer>Provinciale weg</l:noemer>
                    <l:geometrie>
                        <l:GeometrieRef xlink:href="fbffebd5548f4312885dc7d25e9a831e"/>
                    </l:geometrie>
                </l:Gebied>
            </ow-dc:owObject>
        </sl:stand>
        <sl:stand>
            <ow-dc:owObject>
                <l:Gebied>
                    <l:identificatie>nl.imow-pv28.gebied.9808597627ef481e8e51e3680b3e4397</l:identificatie>
                    <l:noemer>Vrijwaringszone provinciale vaarweg</l:noemer>
                    <l:geometrie>
                        <l:GeometrieRef xlink:href="6d328a169a7c41cf829b737c2e1f62ac"/>
                    </l:geometrie>
                </l:Gebied>
            </ow-dc:owObject>
        </sl:stand>
        <sl:stand>
            <ow-dc:owObject>
                <l:Gebied>
                    <l:identificatie>nl.imow-pv28.gebied.98e2d89c6d70448d8aac4dfbf5cad5e2</l:identificatie>
                    <l:noemer>Gebied binnen voormalige bebouwingscontour 2003 binnen Lib-5 contour Schiphol</l:noemer>
                    <l:geometrie>
                        <l:GeometrieRef xlink:href="95e9698971d8435c8c35c11680643145"/>
                    </l:geometrie>
                </l:Gebied>
            </ow-dc:owObject>
        </sl:stand>
        <sl:stand>
            <ow-dc:owObject>
                <l:Gebied>
                    <l:identificatie>nl.imow-pv28.gebied.9cb8b45676974b3e8cbd593170f60bfb</l:identificatie>
                    <l:noemer>Recreatietoervaartnet</l:noemer>
                    <l:geometrie>
                        <l:GeometrieRef xlink:href="351d977711494c2f89f55403d9f68ad3"/>
                    </l:geometrie>
                </l:Gebied>
            </ow-dc:owObject>
        </sl:stand>
        <sl:stand>
            <ow-dc:owObject>
                <l:Gebied>
                    <l:identificatie>nl.imow-pv28.gebied.9d044fa49dd545eeb6e271536d038fe5</l:identificatie>
                    <l:noemer>Stiltegebied</l:noemer>
                    <l:geometrie>
                        <l:GeometrieRef xlink:href="75a7fa521b834bf4aeccee1efc6971f7"/>
                    </l:geometrie>
                </l:Gebied>
            </ow-dc:owObject>
        </sl:stand>
        <sl:stand>
            <ow-dc:owObject>
                <l:Gebied>
                    <l:identificatie>nl.imow-pv28.gebied.9e421b515d2942039940ace7bae6038d</l:identificatie>
                    <l:noemer>Bijzonder provinciaal landschap Midden-Delfland</l:noemer>
                    <l:geometrie>
                        <l:GeometrieRef xlink:href="13269197a2bc472f90b20028ef9dfd9c"/>
                    </l:geometrie>
                </l:Gebied>
            </ow-dc:owObject>
        </sl:stand>
        <sl:stand>
            <ow-dc:owObject>
                <l:Gebied>
                    <l:identificatie>nl.imow-pv28.gebied.9e8f76511c6e457da4a6bb002b08ec1e</l:identificatie>
                    <l:noemer>Recreatiegebied</l:noemer>
                    <l:geometrie>
                        <l:GeometrieRef xlink:href="2e0ccc5269f946d7b04490d007571197"/>
                    </l:geometrie>
                </l:Gebied>
            </ow-dc:owObject>
        </sl:stand>
        <sl:stand>
            <ow-dc:owObject>
                <l:Gebied>
                    <l:identificatie>nl.imow-pv28.gebied.9fa3c376abcd41f293e927f4165c5132</l:identificatie>
                    <l:noemer>Boringsvrije zone</l:noemer>
                    <l:geometrie>
                        <l:GeometrieRef xlink:href="24299d0f687344c0bd63f274f41ba045"/>
                    </l:geometrie>
                </l:Gebied>
            </ow-dc:owObject>
        </sl:stand>
        <sl:stand>
            <ow-dc:owObject>
                <l:Gebied>
                    <l:identificatie>nl.imow-pv28.gebied.a10fcecbf7bc448d83fc2a09cba5c8f3</l:identificatie>
                    <l:noemer>Hoogheemraadschap De Stichtse Rijnlanden</l:noemer>
                    <l:geometrie>
                        <l:GeometrieRef xlink:href="6857bebb1f3a40e3aeb6ba493812288a"/>
                    </l:geometrie>
                </l:Gebied>
            </ow-dc:owObject>
        </sl:stand>
        <sl:stand>
            <ow-dc:owObject>
                <l:Gebied>
                    <l:identificatie>nl.imow-pv28.gebied.a2a21744238c4520959d5b367e7360e4</l:identificatie>
                    <l:noemer>Bollenteeltgebied</l:noemer>
                    <l:geometrie>
                        <l:GeometrieRef xlink:href="11231307368547eaa88c5573156d539c"/>
                    </l:geometrie>
                </l:Gebied>
            </ow-dc:owObject>
        </sl:stand>
        <sl:stand>
            <ow-dc:owObject>
                <l:Gebied>
                    <l:identificatie>nl.imow-pv28.gebied.a44a22881f8048cd9eb6566c7a84de55</l:identificatie>
                    <l:noemer>Maatwerkgebied glastuinbouw Greenport Aalsmeer</l:noemer>
                    <l:geometrie>
                        <l:GeometrieRef xlink:href="6a2b3dd842b44f42b83c3a55dd07ed70"/>
                    </l:geometrie>
                </l:Gebied>
            </ow-dc:owObject>
        </sl:stand>
        <sl:stand>
            <ow-dc:owObject>
                <l:Gebied>
                    <l:identificatie>nl.imow-pv28.gebied.a62fa43c8ad84cc48dd90139c288b4e2</l:identificatie>
                    <l:noemer>A-locatie bos</l:noemer>
                    <l:geometrie>
                        <l:GeometrieRef xlink:href="1274b6bd968845f38124ae06df3709eb"/>
                    </l:geometrie>
                </l:Gebied>
            </ow-dc:owObject>
        </sl:stand>
        <sl:stand>
            <ow-dc:owObject>
                <l:Gebied>
                    <l:identificatie>nl.imow-pv28.gebied.a6e25734a54745beb8603321045da2b1</l:identificatie>
                    <l:noemer>Glastuinbouwgebied Tinte</l:noemer>
                    <l:geometrie>
                        <l:GeometrieRef xlink:href="de4298fbe15f4170b829fb8c8c116ccd"/>
                    </l:geometrie>
                </l:Gebied>
            </ow-dc:owObject>
        </sl:stand>
        <sl:stand>
            <ow-dc:owObject>
                <l:Gebied>
                    <l:identificatie>nl.imow-pv28.gebied.ab2b706e9a404baca282a899dc9fa95c</l:identificatie>
                    <l:noemer>Gebied binnen Lib-5 contour Schiphol</l:noemer>
                    <l:geometrie>
                        <l:GeometrieRef xlink:href="eec90484a387472d8db7fa75193a3205"/>
                    </l:geometrie>
                </l:Gebied>
            </ow-dc:owObject>
        </sl:stand>
        <sl:stand>
            <ow-dc:owObject>
                <l:Gebied>
                    <l:identificatie>nl.imow-pv28.gebied.ac0f589efc464f8893ddb35c230309e3</l:identificatie>
                    <l:noemer>Groene buffer</l:noemer>
                    <l:geometrie>
                        <l:GeometrieRef xlink:href="a5e9c7c167174abbbfc2e0c24ee4d770"/>
                    </l:geometrie>
                </l:Gebied>
            </ow-dc:owObject>
        </sl:stand>
        <sl:stand>
            <ow-dc:owObject>
                <l:Gebied>
                    <l:identificatie>nl.imow-pv28.gebied.af291b28a26646218049a7c5b290038a</l:identificatie>
                    <l:noemer>Regionale waterkering klasse IV</l:noemer>
                    <l:geometrie>
                        <l:GeometrieRef xlink:href="d8bd825d55cf40b9a1c6b640c2173237"/>
                    </l:geometrie>
                </l:Gebied>
            </ow-dc:owObject>
        </sl:stand>
        <sl:stand>
            <ow-dc:owObject>
                <l:Gebied>
                    <l:identificatie>nl.imow-pv28.gebied.b0f2162bd73140c3b797fd6935f81835</l:identificatie>
                    <l:noemer>Beschermd grasland in de Bollenstreek</l:noemer>
                    <l:geometrie>
                        <l:GeometrieRef xlink:href="cf436a612f254f8cbef393c5e0940c02"/>
                    </l:geometrie>
                </l:Gebied>
            </ow-dc:owObject>
        </sl:stand>
        <sl:stand>
            <ow-dc:owObject>
                <l:Gebied>
                    <l:identificatie>nl.imow-pv28.gebied.b8e52c9b34d54837a852fa0fe66062c8</l:identificatie>
                    <l:noemer>Veiligheidszone Nieuwe Waterweg en Nieuwe Maas 0m tot 25m</l:noemer>
                    <l:geometrie>
                        <l:GeometrieRef xlink:href="3f5bd9d013b34b2b9d868376ad4ebe1e"/>
                    </l:geometrie>
                </l:Gebied>
            </ow-dc:owObject>
        </sl:stand>
        <sl:stand>
            <ow-dc:owObject>
                <l:Gebied>
                    <l:identificatie>nl.imow-pv28.gebied.ba1e54b17ebb41fdab256556f77d1e13</l:identificatie>
                    <l:noemer>Buitengebied</l:noemer>
                    <l:geometrie>
                        <l:GeometrieRef xlink:href="c4a63e1d14ad418b9404a51f6bed7cc7"/>
                    </l:geometrie>
                </l:Gebied>
            </ow-dc:owObject>
        </sl:stand>
        <sl:stand>
            <ow-dc:owObject>
                <l:Gebied>
                    <l:identificatie>nl.imow-pv28.gebied.bf70ecd334aa47338e5e804ff911bbae</l:identificatie>
                    <l:noemer>Boom- en sierteeltgebied PCT-terrein</l:noemer>
                    <l:geometrie>
                        <l:GeometrieRef xlink:href="eaa11d3ff2a042fc940cc673abc67f42"/>
                    </l:geometrie>
                </l:Gebied>
            </ow-dc:owObject>
        </sl:stand>
        <sl:stand>
            <ow-dc:owObject>
                <l:Gebied>
                    <l:identificatie>nl.imow-pv28.gebied.c276b5eec6f74b03b7e0f65afcfb8db4</l:identificatie>
                    <l:noemer>Gebied met hoge of zeer hoge bekende archeologische waarde</l:noemer>
                    <l:geometrie>
                        <l:GeometrieRef xlink:href="1d67c4e0613e4aee936eefb38b3c5a54"/>
                    </l:geometrie>
                </l:Gebied>
            </ow-dc:owObject>
        </sl:stand>
        <sl:stand>
            <ow-dc:owObject>
                <l:Gebied>
                    <l:identificatie>nl.imow-pv28.gebied.c3d35d2afde84dd2824dedbe3ba566ae</l:identificatie>
                    <l:noemer>Klein landschapselement</l:noemer>
                    <l:geometrie>
                        <l:GeometrieRef xlink:href="cb43f647746f4771a63022e371fef639"/>
                    </l:geometrie>
                </l:Gebied>
            </ow-dc:owObject>
        </sl:stand>
        <sl:stand>
            <ow-dc:owObject>
                <l:Gebied>
                    <l:identificatie>nl.imow-pv28.gebied.d1b682cf30b244d6a0d7e884796839d5</l:identificatie>
                    <l:noemer>Waterschap Amstel Gooi en Vecht</l:noemer>
                    <l:geometrie>
                        <l:GeometrieRef xlink:href="431080b89b03497ea0efeeb4bf8c1baf"/>
                    </l:geometrie>
                </l:Gebied>
            </ow-dc:owObject>
        </sl:stand>
        <sl:stand>
            <ow-dc:owObject>
                <l:Gebied>
                    <l:identificatie>nl.imow-pv28.gebied.d7f5c8cfb0ed4f9792a508f492020d9d</l:identificatie>
                    <l:noemer>Hoogheemraadschap van Schieland en de Krimpenerwaard</l:noemer>
                    <l:geometrie>
                        <l:GeometrieRef xlink:href="a7d49b255ec84c1d85ef430f863b65e2"/>
                    </l:geometrie>
                </l:Gebied>
            </ow-dc:owObject>
        </sl:stand>
        <sl:stand>
            <ow-dc:owObject>
                <l:Gebied>
                    <l:identificatie>nl.imow-pv28.gebied.dce17511e39e44658dd2f48a738157ee</l:identificatie>
                    <l:noemer>Regionale waterkering klasse IVa</l:noemer>
                    <l:geometrie>
                        <l:GeometrieRef xlink:href="c423a0604d774105a0514a40ef9e78c1"/>
                    </l:geometrie>
                </l:Gebied>
            </ow-dc:owObject>
        </sl:stand>
        <sl:stand>
            <ow-dc:owObject>
                <l:Gebied>
                    <l:identificatie>nl.imow-pv28.gebied.dfd732217f67497a974e880c9a00c6a5</l:identificatie>
                    <l:noemer>Provinciale vaarweg, vaarstrook</l:noemer>
                    <l:geometrie>
                        <l:GeometrieRef xlink:href="55f38438e1aa4c4785ae078451764100"/>
                    </l:geometrie>
                </l:Gebied>
            </ow-dc:owObject>
        </sl:stand>
        <sl:stand>
            <ow-dc:owObject>
                <l:Gebied>
                    <l:identificatie>nl.imow-pv28.gebied.e0e9fc65b400406ebe4ec6e10730c261</l:identificatie>
                    <l:noemer>Risicogebied externe veiligheid Botlek-Vondelingenplaat</l:noemer>
                    <l:geometrie>
                        <l:GeometrieRef xlink:href="2962a61811134146bd5eb337e5b69e95"/>
                    </l:geometrie>
                </l:Gebied>
            </ow-dc:owObject>
        </sl:stand>
        <sl:stand>
            <ow-dc:owObject>
                <l:Gebied>
                    <l:identificatie>nl.imow-pv28.gebied.e3365e63dda1400e8294e879183dd9aa</l:identificatie>
                    <l:noemer>Glastuinbouwgebied Greenport Aalsmeer</l:noemer>
                    <l:geometrie>
                        <l:GeometrieRef xlink:href="5f66265de30a4dd8af7f47030a8dec2d"/>
                    </l:geometrie>
                </l:Gebied>
            </ow-dc:owObject>
        </sl:stand>
        <sl:stand>
            <ow-dc:owObject>
                <l:Gebied>
                    <l:identificatie>nl.imow-pv28.gebied.e360aa46642e4d35932db553dcce1281</l:identificatie>
                    <l:noemer>Maatwerkgebied glastuinbouw buiten Greenports</l:noemer>
                    <l:geometrie>
                        <l:GeometrieRef xlink:href="7e31044f1dc142aea05fa62bb8e5744f"/>
                    </l:geometrie>
                </l:Gebied>
            </ow-dc:owObject>
        </sl:stand>
        <sl:stand>
            <ow-dc:owObject>
                <l:Gebied>
                    <l:identificatie>nl.imow-pv28.gebied.e45064f144644df8a43e1790c7114540</l:identificatie>
                    <l:noemer>Risicogebied externe veiligheid Zeehavens Dordrecht</l:noemer>
                    <l:geometrie>
                        <l:GeometrieRef xlink:href="823e18fab68c4731a68a9bdb7ec7fa0f"/>
                    </l:geometrie>
                </l:Gebied>
            </ow-dc:owObject>
        </sl:stand>
        <sl:stand>
            <ow-dc:owObject>
                <l:Gebied>
                    <l:identificatie>nl.imow-pv28.gebied.e4a35e7a505a4b7ca52f03648fdf85c9</l:identificatie>
                    <l:noemer>Hoogheemraadschap van Rijnland</l:noemer>
                    <l:geometrie>
                        <l:GeometrieRef xlink:href="710755dbd12c4f05a355210a2cd67247"/>
                    </l:geometrie>
                </l:Gebied>
            </ow-dc:owObject>
        </sl:stand>
        <sl:stand>
            <ow-dc:owObject>
                <l:Gebied>
                    <l:identificatie>nl.imow-pv28.gebied.e5b6a7b484ef4a46bde4b3865fd5204d</l:identificatie>
                    <l:noemer>Regionale waterkering klasse II</l:noemer>
                    <l:geometrie>
                        <l:GeometrieRef xlink:href="39eb9baa50764850bd70d7a52a21cd9e"/>
                    </l:geometrie>
                </l:Gebied>
            </ow-dc:owObject>
        </sl:stand>
        <sl:stand>
            <ow-dc:owObject>
                <l:Gebied>
                    <l:identificatie>nl.imow-pv28.gebied.e5e713c0baf646c1ad8ed36865093b1a</l:identificatie>
                    <l:noemer>NatuurNetwerk Nederland- waternatuurgebied</l:noemer>
                    <l:geometrie>
                        <l:GeometrieRef xlink:href="59790d6cd5d7482ca33aed405a4421b8"/>
                    </l:geometrie>
                </l:Gebied>
            </ow-dc:owObject>
        </sl:stand>
        <sl:stand>
            <ow-dc:owObject>
                <l:Gebied>
                    <l:identificatie>nl.imow-pv28.gebied.e634208175f44313ac6231be9b6f5634</l:identificatie>
                    <l:noemer>Utilitair fietsverkeer</l:noemer>
                    <l:geometrie>
                        <l:GeometrieRef xlink:href="007652f59d4146899f69ff77301b3ff4"/>
                    </l:geometrie>
                </l:Gebied>
            </ow-dc:owObject>
        </sl:stand>
        <sl:stand>
            <ow-dc:owObject>
                <l:Gebied>
                    <l:identificatie>nl.imow-pv28.gebied.e6d5142627b443888f4e04527fc099a1</l:identificatie>
                    <l:noemer>Kansrijk gebied voor Groen erfgoed</l:noemer>
                    <l:geometrie>
                        <l:GeometrieRef xlink:href="ecea8a8454254ddeba53240ea40697bd"/>
                    </l:geometrie>
                </l:Gebied>
            </ow-dc:owObject>
        </sl:stand>
        <sl:stand>
            <ow-dc:owObject>
                <l:Gebied>
                    <l:identificatie>nl.imow-pv28.gebied.e8b06c5f3dcb4bdfbfeca962aebcfef1</l:identificatie>
                    <l:noemer>Bedrijventerrein harde capaciteit</l:noemer>
                    <l:geometrie>
                        <l:GeometrieRef xlink:href="d9c23e014f0b4ba19768a3bc05d64c51"/>
                    </l:geometrie>
                </l:Gebied>
            </ow-dc:owObject>
        </sl:stand>
        <sl:stand>
            <ow-dc:owObject>
                <l:Gebied>
                    <l:identificatie>nl.imow-pv28.gebied.ea5dac67f592487b8058cf6565faabef</l:identificatie>
                    <l:noemer>Neder-Germaanse Limes verwachtingszone</l:noemer>
                    <l:geometrie>
                        <l:GeometrieRef xlink:href="e04935e359ce4e8d835af20ba83f4d3c"/>
                    </l:geometrie>
                </l:Gebied>
            </ow-dc:owObject>
        </sl:stand>
        <sl:stand>
            <ow-dc:owObject>
                <l:Gebied>
                    <l:identificatie>nl.imow-pv28.gebied.eefd9d74780e42c69c12cac8006568af</l:identificatie>
                    <l:noemer>Provinciale vaarweg, overige delen</l:noemer>
                    <l:geometrie>
                        <l:GeometrieRef xlink:href="ce4eca89dc004f72bed7897eebb7f8df"/>
                    </l:geometrie>
                </l:Gebied>
            </ow-dc:owObject>
        </sl:stand>
        <sl:stand>
            <ow-dc:owObject>
                <l:Gebied>
                    <l:identificatie>nl.imow-pv28.gebied.ef05639dfcb0430f9e64a5da61febec1</l:identificatie>
                    <l:noemer>(Bedrijventerrein met) PDV-locatie</l:noemer>
                    <l:geometrie>
                        <l:GeometrieRef xlink:href="88ea145be6c047be9ff4988e37166f54"/>
                    </l:geometrie>
                </l:Gebied>
            </ow-dc:owObject>
        </sl:stand>
        <sl:stand>
            <ow-dc:owObject>
                <l:Gebied>
                    <l:identificatie>nl.imow-pv28.gebied.f6baa87916c64df8a87bb6814449e42d</l:identificatie>
                    <l:noemer>Bedrijventerrein zachte capaciteit</l:noemer>
                    <l:geometrie>
                        <l:GeometrieRef xlink:href="878a46fb3b86459486ccdf64bb0c02ce"/>
                    </l:geometrie>
                </l:Gebied>
            </ow-dc:owObject>
        </sl:stand>
        <sl:stand>
            <ow-dc:owObject>
                <l:Gebied>
                    <l:identificatie>nl.imow-pv28.gebied.f8026a1a15da4aa38e200f1312ece0f9</l:identificatie>
                    <l:noemer>Regionale waterkering klasse I</l:noemer>
                    <l:geometrie>
                        <l:GeometrieRef xlink:href="b911fcd065244fb1a19cb7ca8dc1c532"/>
                    </l:geometrie>
                </l:Gebied>
            </ow-dc:owObject>
        </sl:stand>
        <sl:stand>
            <ow-dc:owObject>
                <l:Gebied>
                    <l:identificatie>nl.imow-pv28.gebied.f86778910e54445f866174676f54ad96</l:identificatie>
                    <l:noemer>Risicogebied externe veiligheid Eemhaven en Distripark Albrandswaard</l:noemer>
                    <l:geometrie>
                        <l:GeometrieRef xlink:href="5eebb371bc6b4296a0b8c06d63187796"/>
                    </l:geometrie>
                </l:Gebied>
            </ow-dc:owObject>
        </sl:stand>
        <sl:stand>
            <ow-dc:owObject>
                <l:Gebied>
                    <l:identificatie>nl.imow-pv28.gebied.f8d5accaa7cc4ae7a515dc2fd5221345</l:identificatie>
                    <l:noemer>Kantorengebied categorie 3</l:noemer>
                    <l:geometrie>
                        <l:GeometrieRef xlink:href="dca0f56a04b84950ba7f9b6da9fc0f95"/>
                    </l:geometrie>
                </l:Gebied>
            </ow-dc:owObject>
        </sl:stand>
        <sl:stand>
            <ow-dc:owObject>
                <l:Gebied>
                    <l:identificatie>nl.imow-pv28.gebied.f95b73a4fe0c4c5b9e121ee099141345</l:identificatie>
                    <l:noemer>Recreatief fietsverkeer</l:noemer>
                    <l:geometrie>
                        <l:GeometrieRef xlink:href="2bbf8c84ca504289ad7e2a28261e4f23"/>
                    </l:geometrie>
                </l:Gebied>
            </ow-dc:owObject>
        </sl:stand>
        <sl:stand>
            <ow-dc:owObject>
                <l:Gebied>
                    <l:identificatie>nl.imow-pv28.gebied.fa3970f3e30645069443efcb911baf4d</l:identificatie>
                    <l:noemer>Maasvlakte</l:noemer>
                    <l:geometrie>
                        <l:GeometrieRef xlink:href="dd5301067dbb4d9a8671a36a6729b00d"/>
                    </l:geometrie>
                </l:Gebied>
            </ow-dc:owObject>
        </sl:stand>
        <sl:stand>
            <ow-dc:owObject>
                <l:Gebied>
                    <l:identificatie>nl.imow-pv28.gebied.fb199b72723d4014b0fda42c458c5cd8</l:identificatie>
                    <l:noemer>NatuurNetwerk Nederland- zoekgebied natuur</l:noemer>
                    <l:geometrie>
                        <l:GeometrieRef xlink:href="11a2931a53d140e8b1626c65523727f1"/>
                    </l:geometrie>
                </l:Gebied>
            </ow-dc:owObject>
        </sl:stand>
    </sl:standBestand>
</ow-dc:owBestand>
