<?xml version="1.0" encoding="UTF-8" standalone="yes"?>
<ow-dc:owBestand xmlns:rol="http://www.geostandaarden.nl/imow/regelsoplocatie" xmlns:schemaLocation="http://www.geostandaarden.nl/imow/bestanden/deelbestand https://register.geostandaarden.nl/xmlschema/tpod/v2.0.0/bestanden-ow/deelbestand-ow/IMOW_Deelbestand.xsd" xmlns:rg="http://www.geostandaarden.nl/imow/regelingsgebied" xmlns:da="http://www.geostandaarden.nl/imow/datatypenalgemeen" xmlns:l="http://www.geostandaarden.nl/imow/locatie" xmlns:sym="http://www.geostandaarden.nl/imow/symbolisatie" xmlns:xsi="http://www.w3.org/2001/XMLSchema-instance" xmlns:kaart="http://www.geostandaarden.nl/imow/kaart" xmlns="http://www.geostandaarden.nl/bestanden-ow/manifest-ow" xmlns:xlink="http://www.w3.org/1999/xlink" xmlns:ow-dc="http://www.geostandaarden.nl/imow/bestanden/deelbestand" xmlns:ga="http://www.geostandaarden.nl/imow/gebiedsaanwijzing" xmlns:sl="http://www.geostandaarden.nl/bestanden-ow/standlevering-generiek" xmlns:p="http://www.geostandaarden.nl/imow/pons" xmlns:regels="http://www.geostandaarden.nl/imow/regels" xmlns:ow="http://www.geostandaarden.nl/imow/owobject" xmlns:vt="http://www.geostandaarden.nl/imow/vrijetekst" xmlns:op="http://www.geostandaarden.nl/imow/opobject">
    <sl:standBestand>
        <sl:dataset>Onbekend</sl:dataset>
        <sl:inhoud>
            <sl:gebied>Onbekend</sl:gebied>
            <sl:leveringsId>Onbekend</sl:leveringsId>
            <sl:objectTypen>
                <sl:objectType>Gebiedsaanwijzing</sl:objectType>
            </sl:objectTypen>
        </sl:inhoud>
        <sl:stand>
            <ow-dc:owObject>
                <ga:Gebiedsaanwijzing>
                    <ga:identificatie>nl.imow-pv28.gebiedsaanwijzing.01507a2992f04fe4bf4bcb9d5ff9b845</ga:identificatie>
                    <ga:type>http://standaarden.omgevingswet.overheid.nl/typegebiedsaanwijzing/id/concept/Erfgoed</ga:type>
                    <ga:naam>Werelderfgoed Neder-Germaanse Limes, kernzone 1</ga:naam>
                    <ga:groep>http://standaarden.omgevingswet.overheid.nl/erfgoed/id/concept/Werelderfgoed</ga:groep>
                    <ga:locatieaanduiding>
                        <l:LocatieRef xlink:href="nl.imow-pv28.gebiedengroep.591420ee64bd44abb0be242946e2f2ab"/>
                    </ga:locatieaanduiding>
                </ga:Gebiedsaanwijzing>
            </ow-dc:owObject>
        </sl:stand>
        <sl:stand>
            <ow-dc:owObject>
                <ga:Gebiedsaanwijzing>
                    <ga:identificatie>nl.imow-pv28.gebiedsaanwijzing.025d5ffa3f8a45de96856d755e2bc907</ga:identificatie>
                    <ga:type>http://standaarden.omgevingswet.overheid.nl/typegebiedsaanwijzing/id/concept/RuimtelijkGebruik</ga:type>
                    <ga:naam>gebieden met beschermingscategorie 2, groene buffer</ga:naam>
                    <ga:groep>http://standaarden.omgevingswet.overheid.nl/ruimtelijkgebruik/id/concept/LandelijkGebied</ga:groep>
                    <ga:locatieaanduiding>
                        <l:LocatieRef xlink:href="nl.imow-pv28.gebiedengroep.df962b99d9564700901ed70f9d78d22b"/>
                    </ga:locatieaanduiding>
                </ga:Gebiedsaanwijzing>
            </ow-dc:owObject>
        </sl:stand>
        <sl:stand>
            <ow-dc:owObject>
                <ga:Gebiedsaanwijzing>
                    <ga:identificatie>nl.imow-pv28.gebiedsaanwijzing.0399a556bb2c4cfaa5eb40bbf49c6408</ga:identificatie>
                    <ga:type>http://standaarden.omgevingswet.overheid.nl/typegebiedsaanwijzing/id/concept/WaterEnWatersysteem</ga:type>
                    <ga:naam>regionale waterkering klasse IVa (gemiddelde overschrijdingskans 1/500 jaar)</ga:naam>
                    <ga:groep>http://standaarden.omgevingswet.overheid.nl/waterenwatersysteem/id/concept/WaterkeringRegionaal</ga:groep>
                    <ga:locatieaanduiding>
                        <l:LocatieRef xlink:href="nl.imow-pv28.gebiedengroep.fa813083b69d4d1197397d1f92b0d657"/>
                    </ga:locatieaanduiding>
                </ga:Gebiedsaanwijzing>
            </ow-dc:owObject>
        </sl:stand>
        <sl:stand>
            <ow-dc:owObject>
                <ga:Gebiedsaanwijzing>
                    <ga:identificatie>nl.imow-pv28.gebiedsaanwijzing.094dcef04de844b3b45a4e1022a212d2</ga:identificatie>
                    <ga:type>http://standaarden.omgevingswet.overheid.nl/typegebiedsaanwijzing/id/concept/Natuur</ga:type>
                    <ga:naam>natuurnetwerk Nederland: bestaande en nieuwe natuur</ga:naam>
                    <ga:groep>http://standaarden.omgevingswet.overheid.nl/natuur/id/concept/NatuurnetwerkNederland</ga:groep>
                    <ga:locatieaanduiding>
                        <l:LocatieRef xlink:href="nl.imow-pv28.gebiedengroep.0c307c1fdd0f42e2b7a8c58ba402fed9"/>
                    </ga:locatieaanduiding>
                </ga:Gebiedsaanwijzing>
            </ow-dc:owObject>
        </sl:stand>
        <sl:stand>
            <ow-dc:owObject>
                <ga:Gebiedsaanwijzing>
                    <ga:identificatie>nl.imow-pv28.gebiedsaanwijzing.0ba588d4cfce48bcbe72903c01b4e562</ga:identificatie>
                    <ga:type>http://standaarden.omgevingswet.overheid.nl/typegebiedsaanwijzing/id/concept/WaterEnWatersysteem</ga:type>
                    <ga:naam>regionale waterkering klasse IV (gemiddelde overschrijdingskans 1/300 jaar)</ga:naam>
                    <ga:groep>http://standaarden.omgevingswet.overheid.nl/waterenwatersysteem/id/concept/WaterkeringRegionaal</ga:groep>
                    <ga:locatieaanduiding>
                        <l:LocatieRef xlink:href="nl.imow-pv28.gebiedengroep.8e0d1c8042224107b467e4f548dbcc62"/>
                    </ga:locatieaanduiding>
                </ga:Gebiedsaanwijzing>
            </ow-dc:owObject>
        </sl:stand>
        <sl:stand>
            <ow-dc:owObject>
                <ga:Gebiedsaanwijzing>
                    <ga:identificatie>nl.imow-pv28.gebiedsaanwijzing.0d9a941b11d045188c0af057c868b5cb</ga:identificatie>
                    <ga:type>http://standaarden.omgevingswet.overheid.nl/typegebiedsaanwijzing/id/concept/Erfgoed</ga:type>
                    <ga:naam>Werelderfgoed Neder-Germaanse Limes, kernzone 2</ga:naam>
                    <ga:groep>http://standaarden.omgevingswet.overheid.nl/erfgoed/id/concept/Werelderfgoed</ga:groep>
                    <ga:locatieaanduiding>
                        <l:LocatieRef xlink:href="nl.imow-pv28.gebiedengroep.42d7e574b255444c82b9a000c80daa07"/>
                    </ga:locatieaanduiding>
                </ga:Gebiedsaanwijzing>
            </ow-dc:owObject>
        </sl:stand>
        <sl:stand>
            <ow-dc:owObject>
                <ga:Gebiedsaanwijzing>
                    <ga:identificatie>nl.imow-pv28.gebiedsaanwijzing.0df671e3b1e24aa5b0c69d85070463f8</ga:identificatie>
                    <ga:type>http://standaarden.omgevingswet.overheid.nl/typegebiedsaanwijzing/id/concept/Leiding</ga:type>
                    <ga:naam>vitale infrastructuur openbare drinkwatervoorziening</ga:naam>
                    <ga:groep>http://standaarden.omgevingswet.overheid.nl/leiding/id/concept/Buisleiding</ga:groep>
                    <ga:locatieaanduiding>
                        <l:LocatieRef xlink:href="nl.imow-pv28.gebiedengroep.90ae8e85e6684cc3b5817401ec7469bc"/>
                    </ga:locatieaanduiding>
                </ga:Gebiedsaanwijzing>
            </ow-dc:owObject>
        </sl:stand>
        <sl:stand>
            <ow-dc:owObject>
                <ga:Gebiedsaanwijzing>
                    <ga:identificatie>nl.imow-pv28.gebiedsaanwijzing.102d1ce833dc4c5797e89189a6c804b1</ga:identificatie>
                    <ga:type>http://standaarden.omgevingswet.overheid.nl/typegebiedsaanwijzing/id/concept/Verkeer</ga:type>
                    <ga:naam>recreatietoervaartnet</ga:naam>
                    <ga:groep>http://standaarden.omgevingswet.overheid.nl/verkeer/id/concept/RecreatieveRoutenetwerken</ga:groep>
                    <ga:locatieaanduiding>
                        <l:LocatieRef xlink:href="nl.imow-pv28.gebiedengroep.4d6a0f309a014d0bb7d8c31f6cb563cc"/>
                    </ga:locatieaanduiding>
                </ga:Gebiedsaanwijzing>
            </ow-dc:owObject>
        </sl:stand>
        <sl:stand>
            <ow-dc:owObject>
                <ga:Gebiedsaanwijzing>
                    <ga:identificatie>nl.imow-pv28.gebiedsaanwijzing.10f2778705ee41b68d935b9ca968d130</ga:identificatie>
                    <ga:type>http://standaarden.omgevingswet.overheid.nl/typegebiedsaanwijzing/id/concept/WaterEnWatersysteem</ga:type>
                    <ga:naam>regionale waterkering handhaven (theoretisch) profiel legger</ga:naam>
                    <ga:groep>http://standaarden.omgevingswet.overheid.nl/waterenwatersysteem/id/concept/WaterkeringRegionaal</ga:groep>
                    <ga:locatieaanduiding>
                        <l:LocatieRef xlink:href="nl.imow-pv28.gebiedengroep.bcd0eac6c4ce469abe1da8a0e64fc644"/>
                    </ga:locatieaanduiding>
                </ga:Gebiedsaanwijzing>
            </ow-dc:owObject>
        </sl:stand>
        <sl:stand>
            <ow-dc:owObject>
                <ga:Gebiedsaanwijzing>
                    <ga:identificatie>nl.imow-pv28.gebiedsaanwijzing.11e2d689b671419fa0d0f6b239457d55</ga:identificatie>
                    <ga:type>http://standaarden.omgevingswet.overheid.nl/typegebiedsaanwijzing/id/concept/WaterEnWatersysteem</ga:type>
                    <ga:naam>Hoogheemraadschap van Schieland en de Krimpenerwaard</ga:naam>
                    <ga:groep>http://standaarden.omgevingswet.overheid.nl/waterenwatersysteem/id/concept/Watersysteem</ga:groep>
                    <ga:locatieaanduiding>
                        <l:LocatieRef xlink:href="nl.imow-pv28.gebiedengroep.83d83c7150d34da99d1f29bee0ff247a"/>
                    </ga:locatieaanduiding>
                </ga:Gebiedsaanwijzing>
            </ow-dc:owObject>
        </sl:stand>
        <sl:stand>
            <ow-dc:owObject>
                <ga:Gebiedsaanwijzing>
                    <ga:identificatie>nl.imow-pv28.gebiedsaanwijzing.151cd043ef714e1d9c8deaba687baf79</ga:identificatie>
                    <ga:type>http://standaarden.omgevingswet.overheid.nl/typegebiedsaanwijzing/id/concept/WaterEnWatersysteem</ga:type>
                    <ga:naam>Hoogheemraadschap van Rijnland</ga:naam>
                    <ga:groep>http://standaarden.omgevingswet.overheid.nl/waterenwatersysteem/id/concept/Watersysteem</ga:groep>
                    <ga:locatieaanduiding>
                        <l:LocatieRef xlink:href="nl.imow-pv28.gebiedengroep.c374ebfbc42d46aa9812a06e14b59fb8"/>
                    </ga:locatieaanduiding>
                </ga:Gebiedsaanwijzing>
            </ow-dc:owObject>
        </sl:stand>
        <sl:stand>
            <ow-dc:owObject>
                <ga:Gebiedsaanwijzing>
                    <ga:identificatie>nl.imow-pv28.gebiedsaanwijzing.152fbe20862c45b79c97f31c31ae2985</ga:identificatie>
                    <ga:type>http://standaarden.omgevingswet.overheid.nl/typegebiedsaanwijzing/id/concept/RuimtelijkGebruik</ga:type>
                    <ga:naam>gebieden met beschermingscategorie 1, kroonjuweel cultureel erfgoed</ga:naam>
                    <ga:groep>http://standaarden.omgevingswet.overheid.nl/ruimtelijkgebruik/id/concept/LandelijkGebied</ga:groep>
                    <ga:locatieaanduiding>
                        <l:LocatieRef xlink:href="nl.imow-pv28.gebiedengroep.dc65090e16dd49c1a73ea7cb3f3cd6d0"/>
                    </ga:locatieaanduiding>
                </ga:Gebiedsaanwijzing>
            </ow-dc:owObject>
        </sl:stand>
        <sl:stand>
            <ow-dc:owObject>
                <ga:Gebiedsaanwijzing>
                    <ga:identificatie>nl.imow-pv28.gebiedsaanwijzing.1a6651c45c5d4a4c865d294f7d1e03ef</ga:identificatie>
                    <ga:type>http://standaarden.omgevingswet.overheid.nl/typegebiedsaanwijzing/id/concept/RuimtelijkGebruik</ga:type>
                    <ga:naam>maatwerkgebied glastuinbouw</ga:naam>
                    <ga:groep>http://standaarden.omgevingswet.overheid.nl/ruimtelijkgebruik/id/concept/Glastuinbouw</ga:groep>
                    <ga:locatieaanduiding>
                        <l:LocatieRef xlink:href="nl.imow-pv28.gebiedengroep.7c5b5063d4a643629c23f3367bd28e2d"/>
                    </ga:locatieaanduiding>
                </ga:Gebiedsaanwijzing>
            </ow-dc:owObject>
        </sl:stand>
        <sl:stand>
            <ow-dc:owObject>
                <ga:Gebiedsaanwijzing>
                    <ga:identificatie>nl.imow-pv28.gebiedsaanwijzing.1c36904502204513bb9494cfa72692d0</ga:identificatie>
                    <ga:type>http://standaarden.omgevingswet.overheid.nl/typegebiedsaanwijzing/id/concept/RuimtelijkGebruik</ga:type>
                    <ga:naam>glastuinbouwgebied</ga:naam>
                    <ga:groep>http://standaarden.omgevingswet.overheid.nl/ruimtelijkgebruik/id/concept/Glastuinbouw</ga:groep>
                    <ga:locatieaanduiding>
                        <l:LocatieRef xlink:href="nl.imow-pv28.gebiedengroep.575ec7cd8e1b41d8b45b0263d13d96e3"/>
                    </ga:locatieaanduiding>
                </ga:Gebiedsaanwijzing>
            </ow-dc:owObject>
        </sl:stand>
        <sl:stand>
            <ow-dc:owObject>
                <ga:Gebiedsaanwijzing>
                    <ga:identificatie>nl.imow-pv28.gebiedsaanwijzing.233f50fa629046088d02b3770b6fb939</ga:identificatie>
                    <ga:type>http://standaarden.omgevingswet.overheid.nl/typegebiedsaanwijzing/id/concept/Natuur</ga:type>
                    <ga:naam>groen erfgoed, kansrijk gebied groen erfgoed</ga:naam>
                    <ga:groep>http://standaarden.omgevingswet.overheid.nl/natuur/id/concept/Maatregelengebied</ga:groep>
                    <ga:locatieaanduiding>
                        <l:LocatieRef xlink:href="nl.imow-pv28.gebiedengroep.ed9336df71d44faba42d6e1d55dac27d"/>
                    </ga:locatieaanduiding>
                </ga:Gebiedsaanwijzing>
            </ow-dc:owObject>
        </sl:stand>
        <sl:stand>
            <ow-dc:owObject>
                <ga:Gebiedsaanwijzing>
                    <ga:identificatie>nl.imow-pv28.gebiedsaanwijzing.2377659f2d744b1897bd574161555b59</ga:identificatie>
                    <ga:type>http://standaarden.omgevingswet.overheid.nl/typegebiedsaanwijzing/id/concept/Verkeer</ga:type>
                    <ga:naam>provinciale vaarwegen</ga:naam>
                    <ga:groep>http://standaarden.omgevingswet.overheid.nl/verkeer/id/concept/Vaarweg</ga:groep>
                    <ga:locatieaanduiding>
                        <l:LocatieRef xlink:href="nl.imow-pv28.gebiedengroep.8075f81f7edf45999a96d28d2679e791"/>
                    </ga:locatieaanduiding>
                </ga:Gebiedsaanwijzing>
            </ow-dc:owObject>
        </sl:stand>
        <sl:stand>
            <ow-dc:owObject>
                <ga:Gebiedsaanwijzing>
                    <ga:identificatie>nl.imow-pv28.gebiedsaanwijzing.23eac7048772405886991773e4ec2a0d</ga:identificatie>
                    <ga:type>http://standaarden.omgevingswet.overheid.nl/typegebiedsaanwijzing/id/concept/Erfgoed</ga:type>
                    <ga:naam>Werelderfgoed Hollandse Waterlinies</ga:naam>
                    <ga:groep>http://standaarden.omgevingswet.overheid.nl/erfgoed/id/concept/Werelderfgoed</ga:groep>
                    <ga:locatieaanduiding>
                        <l:LocatieRef xlink:href="nl.imow-pv28.gebiedengroep.be651970732942cd8573ea998e3ca933"/>
                    </ga:locatieaanduiding>
                </ga:Gebiedsaanwijzing>
            </ow-dc:owObject>
        </sl:stand>
        <sl:stand>
            <ow-dc:owObject>
                <ga:Gebiedsaanwijzing>
                    <ga:identificatie>nl.imow-pv28.gebiedsaanwijzing.255b90e37d1d40e9af3fe806914cd13e</ga:identificatie>
                    <ga:type>http://standaarden.omgevingswet.overheid.nl/typegebiedsaanwijzing/id/concept/Beperkingengebied</ga:type>
                    <ga:naam>beperkingengebied provinciale vaarweg</ga:naam>
                    <ga:groep>http://standaarden.omgevingswet.overheid.nl/beperkingengebied/id/concept/Waterstaatswerk</ga:groep>
                    <ga:locatieaanduiding>
                        <l:LocatieRef xlink:href="nl.imow-pv28.gebiedengroep.8dbe6246e08d496f9e42221e870ea961"/>
                    </ga:locatieaanduiding>
                </ga:Gebiedsaanwijzing>
            </ow-dc:owObject>
        </sl:stand>
        <sl:stand>
            <ow-dc:owObject>
                <ga:Gebiedsaanwijzing>
                    <ga:identificatie>nl.imow-pv28.gebiedsaanwijzing.27b212ef371544aba732983e612ec705</ga:identificatie>
                    <ga:type>http://standaarden.omgevingswet.overheid.nl/typegebiedsaanwijzing/id/concept/RuimtelijkGebruik</ga:type>
                    <ga:naam>glastuinbouwgebied Westland-Oostland</ga:naam>
                    <ga:groep>http://standaarden.omgevingswet.overheid.nl/ruimtelijkgebruik/id/concept/Glastuinbouw</ga:groep>
                    <ga:locatieaanduiding>
                        <l:LocatieRef xlink:href="nl.imow-pv28.gebiedengroep.2581812299be456799a4285718e43767"/>
                    </ga:locatieaanduiding>
                </ga:Gebiedsaanwijzing>
            </ow-dc:owObject>
        </sl:stand>
        <sl:stand>
            <ow-dc:owObject>
                <ga:Gebiedsaanwijzing>
                    <ga:identificatie>nl.imow-pv28.gebiedsaanwijzing.28c0239203cf4f6ab1c147c7f4b3a317</ga:identificatie>
                    <ga:type>http://standaarden.omgevingswet.overheid.nl/typegebiedsaanwijzing/id/concept/ExterneVeiligheid</ga:type>
                    <ga:naam>risicogebied externe veiligheid Botlek – Vondelingenplaat</ga:naam>
                    <ga:groep>http://standaarden.omgevingswet.overheid.nl/externeveiligheid/id/concept/Risicogebied</ga:groep>
                    <ga:locatieaanduiding>
                        <l:LocatieRef xlink:href="nl.imow-pv28.gebiedengroep.804e986cf44d4686b65bda20e7433c2c"/>
                    </ga:locatieaanduiding>
                </ga:Gebiedsaanwijzing>
            </ow-dc:owObject>
        </sl:stand>
        <sl:stand>
            <ow-dc:owObject>
                <ga:Gebiedsaanwijzing>
                    <ga:identificatie>nl.imow-pv28.gebiedsaanwijzing.2a44ddca303f4164a07bf49e51902071</ga:identificatie>
                    <ga:type>http://standaarden.omgevingswet.overheid.nl/typegebiedsaanwijzing/id/concept/Energievoorziening</ga:type>
                    <ga:naam>locatie voor windenergie</ga:naam>
                    <ga:groep>http://standaarden.omgevingswet.overheid.nl/energievoorziening/id/concept/Windturbinegebied</ga:groep>
                    <ga:locatieaanduiding>
                        <l:LocatieRef xlink:href="nl.imow-pv28.gebiedengroep.f1b34748b348461e8a359f26bfaad557"/>
                    </ga:locatieaanduiding>
                </ga:Gebiedsaanwijzing>
            </ow-dc:owObject>
        </sl:stand>
        <sl:stand>
            <ow-dc:owObject>
                <ga:Gebiedsaanwijzing>
                    <ga:identificatie>nl.imow-pv28.gebiedsaanwijzing.2b085cd976e74264afc9f3ce1de98f24</ga:identificatie>
                    <ga:type>http://standaarden.omgevingswet.overheid.nl/typegebiedsaanwijzing/id/concept/Natuur</ga:type>
                    <ga:naam>natuurnetwerk Nederland</ga:naam>
                    <ga:groep>http://standaarden.omgevingswet.overheid.nl/natuur/id/concept/NatuurnetwerkNederland</ga:groep>
                    <ga:locatieaanduiding>
                        <l:LocatieRef xlink:href="nl.imow-pv28.gebiedengroep.e8fdbbd595e34a41a849ec0a653ae353"/>
                    </ga:locatieaanduiding>
                </ga:Gebiedsaanwijzing>
            </ow-dc:owObject>
        </sl:stand>
        <sl:stand>
            <ow-dc:owObject>
                <ga:Gebiedsaanwijzing>
                    <ga:identificatie>nl.imow-pv28.gebiedsaanwijzing.2ba3ed6eaa5c4543bc23860111194418</ga:identificatie>
                    <ga:type>http://standaarden.omgevingswet.overheid.nl/typegebiedsaanwijzing/id/concept/RuimtelijkGebruik</ga:type>
                    <ga:naam>grote buitenstedelijke bouwlocatie</ga:naam>
                    <ga:groep>http://standaarden.omgevingswet.overheid.nl/ruimtelijkgebruik/id/concept/OntwikkelingStedelijkeFuncties</ga:groep>
                    <ga:locatieaanduiding>
                        <l:LocatieRef xlink:href="nl.imow-pv28.gebiedengroep.1794b595902047e9b7937c155b1226ec"/>
                    </ga:locatieaanduiding>
                </ga:Gebiedsaanwijzing>
            </ow-dc:owObject>
        </sl:stand>
        <sl:stand>
            <ow-dc:owObject>
                <ga:Gebiedsaanwijzing>
                    <ga:identificatie>nl.imow-pv28.gebiedsaanwijzing.321dc70dbc2f4965ae9881a243f39b1f</ga:identificatie>
                    <ga:type>http://standaarden.omgevingswet.overheid.nl/typegebiedsaanwijzing/id/concept/WaterEnWatersysteem</ga:type>
                    <ga:naam>gebieden met afwijkend maaiveld criterium 12,5 procent</ga:naam>
                    <ga:groep>http://standaarden.omgevingswet.overheid.nl/waterenwatersysteem/id/concept/GebiedsnormWateroverlast</ga:groep>
                    <ga:locatieaanduiding>
                        <l:LocatieRef xlink:href="nl.imow-pv28.gebiedengroep.fe5c871ecaa6483c9e1124f51ea2884a"/>
                    </ga:locatieaanduiding>
                </ga:Gebiedsaanwijzing>
            </ow-dc:owObject>
        </sl:stand>
        <sl:stand>
            <ow-dc:owObject>
                <ga:Gebiedsaanwijzing>
                    <ga:identificatie>nl.imow-pv28.gebiedsaanwijzing.3360d7b695984e41ae9a71d1e19a6537</ga:identificatie>
                    <ga:type>http://standaarden.omgevingswet.overheid.nl/typegebiedsaanwijzing/id/concept/Natuur</ga:type>
                    <ga:naam>natuurnetwerk Nederland: ecologische verbinding</ga:naam>
                    <ga:groep>http://standaarden.omgevingswet.overheid.nl/natuur/id/concept/NatuurnetwerkNederland</ga:groep>
                    <ga:locatieaanduiding>
                        <l:LocatieRef xlink:href="nl.imow-pv28.gebiedengroep.f150616f95934c9ba5d6fb59b47c3d4c"/>
                    </ga:locatieaanduiding>
                </ga:Gebiedsaanwijzing>
            </ow-dc:owObject>
        </sl:stand>
        <sl:stand>
            <ow-dc:owObject>
                <ga:Gebiedsaanwijzing>
                    <ga:identificatie>nl.imow-pv28.gebiedsaanwijzing.34201544acb54248a36ba05328ccfd01</ga:identificatie>
                    <ga:type>http://standaarden.omgevingswet.overheid.nl/typegebiedsaanwijzing/id/concept/RuimtelijkGebruik</ga:type>
                    <ga:naam>cluster voor grote ruimtevragers</ga:naam>
                    <ga:groep>http://standaarden.omgevingswet.overheid.nl/ruimtelijkgebruik/id/concept/Bedrijventerrein</ga:groep>
                    <ga:locatieaanduiding>
                        <l:LocatieRef xlink:href="nl.imow-pv28.gebiedengroep.7ef0b82e37284b20981e24d2105df062"/>
                    </ga:locatieaanduiding>
                </ga:Gebiedsaanwijzing>
            </ow-dc:owObject>
        </sl:stand>
        <sl:stand>
            <ow-dc:owObject>
                <ga:Gebiedsaanwijzing>
                    <ga:identificatie>nl.imow-pv28.gebiedsaanwijzing.44992a08de16480990c1372e59b86a65</ga:identificatie>
                    <ga:type>http://standaarden.omgevingswet.overheid.nl/typegebiedsaanwijzing/id/concept/RuimtelijkGebruik</ga:type>
                    <ga:naam>boom- en sierteeltgebied PCT-terrein</ga:naam>
                    <ga:groep>http://standaarden.omgevingswet.overheid.nl/ruimtelijkgebruik/id/concept/SpecifiekTeeltgebied</ga:groep>
                    <ga:locatieaanduiding>
                        <l:LocatieRef xlink:href="nl.imow-pv28.gebiedengroep.622d11b9b7f348faa9cf7a1c7405ec67"/>
                    </ga:locatieaanduiding>
                </ga:Gebiedsaanwijzing>
            </ow-dc:owObject>
        </sl:stand>
        <sl:stand>
            <ow-dc:owObject>
                <ga:Gebiedsaanwijzing>
                    <ga:identificatie>nl.imow-pv28.gebiedsaanwijzing.4559980d38b24a13a5d4b793d9943c9f</ga:identificatie>
                    <ga:type>http://standaarden.omgevingswet.overheid.nl/typegebiedsaanwijzing/id/concept/RuimtelijkGebruik</ga:type>
                    <ga:naam>gebieden met beschermingscategorie 3, buitengebied</ga:naam>
                    <ga:groep>http://standaarden.omgevingswet.overheid.nl/ruimtelijkgebruik/id/concept/LandelijkGebied</ga:groep>
                    <ga:locatieaanduiding>
                        <l:LocatieRef xlink:href="nl.imow-pv28.gebiedengroep.5d7f2ac3a9e5422586d70a1264ab1bdc"/>
                    </ga:locatieaanduiding>
                </ga:Gebiedsaanwijzing>
            </ow-dc:owObject>
        </sl:stand>
        <sl:stand>
            <ow-dc:owObject>
                <ga:Gebiedsaanwijzing>
                    <ga:identificatie>nl.imow-pv28.gebiedsaanwijzing.46bbdedb190a48d1a363fc5a56ee823c</ga:identificatie>
                    <ga:type>http://standaarden.omgevingswet.overheid.nl/typegebiedsaanwijzing/id/concept/Erfgoed</ga:type>
                    <ga:naam>gebied met een hoge of zeer hoge bekende archeologische waarde</ga:naam>
                    <ga:groep>http://standaarden.omgevingswet.overheid.nl/erfgoed/id/concept/Archeologie</ga:groep>
                    <ga:locatieaanduiding>
                        <l:LocatieRef xlink:href="nl.imow-pv28.gebiedengroep.d6ab91991dea4a40850baca476797afd"/>
                    </ga:locatieaanduiding>
                </ga:Gebiedsaanwijzing>
            </ow-dc:owObject>
        </sl:stand>
        <sl:stand>
            <ow-dc:owObject>
                <ga:Gebiedsaanwijzing>
                    <ga:identificatie>nl.imow-pv28.gebiedsaanwijzing.46caaaab5caa4b958e83d13c4b78a4d7</ga:identificatie>
                    <ga:type>http://standaarden.omgevingswet.overheid.nl/typegebiedsaanwijzing/id/concept/RuimtelijkGebruik</ga:type>
                    <ga:naam>grote buitenstedelijke bouwlocatie - andere stedelijke ontwikkeling</ga:naam>
                    <ga:groep>http://standaarden.omgevingswet.overheid.nl/ruimtelijkgebruik/id/concept/OntwikkelingStedelijkeFuncties</ga:groep>
                    <ga:locatieaanduiding>
                        <l:LocatieRef xlink:href="nl.imow-pv28.gebiedengroep.00ace3542f2c4fd9babfcabe12d28154"/>
                    </ga:locatieaanduiding>
                </ga:Gebiedsaanwijzing>
            </ow-dc:owObject>
        </sl:stand>
        <sl:stand>
            <ow-dc:owObject>
                <ga:Gebiedsaanwijzing>
                    <ga:identificatie>nl.imow-pv28.gebiedsaanwijzing.496a9c4653bc406eb95600d2329b9f51</ga:identificatie>
                    <ga:type>http://standaarden.omgevingswet.overheid.nl/typegebiedsaanwijzing/id/concept/RuimtelijkGebruik</ga:type>
                    <ga:naam>bollenteeltgebied</ga:naam>
                    <ga:groep>http://standaarden.omgevingswet.overheid.nl/ruimtelijkgebruik/id/concept/SpecifiekTeeltgebied</ga:groep>
                    <ga:locatieaanduiding>
                        <l:LocatieRef xlink:href="nl.imow-pv28.gebiedengroep.87990b42605e48a99ad31877e54826c9"/>
                    </ga:locatieaanduiding>
                </ga:Gebiedsaanwijzing>
            </ow-dc:owObject>
        </sl:stand>
        <sl:stand>
            <ow-dc:owObject>
                <ga:Gebiedsaanwijzing>
                    <ga:identificatie>nl.imow-pv28.gebiedsaanwijzing.49cc9579602c4315ae2309c9553075df</ga:identificatie>
                    <ga:type>http://standaarden.omgevingswet.overheid.nl/typegebiedsaanwijzing/id/concept/ExterneVeiligheid</ga:type>
                    <ga:naam>veiligheidszone Nieuwe Waterweg en Nieuwe Maas</ga:naam>
                    <ga:groep>http://standaarden.omgevingswet.overheid.nl/externeveiligheid/id/concept/AandachtsgebiedExterneVeiligheid</ga:groep>
                    <ga:locatieaanduiding>
                        <l:LocatieRef xlink:href="nl.imow-pv28.gebiedengroep.663a577f689e47d781a1280100c9105f"/>
                    </ga:locatieaanduiding>
                </ga:Gebiedsaanwijzing>
            </ow-dc:owObject>
        </sl:stand>
        <sl:stand>
            <ow-dc:owObject>
                <ga:Gebiedsaanwijzing>
                    <ga:identificatie>nl.imow-pv28.gebiedsaanwijzing.4a08207231ff448394217401ff91ea29</ga:identificatie>
                    <ga:type>http://standaarden.omgevingswet.overheid.nl/typegebiedsaanwijzing/id/concept/RuimtelijkGebruik</ga:type>
                    <ga:naam>grote buitenstedelijke bouwlocatie - bedrijventerrein zachte capaciteit</ga:naam>
                    <ga:groep>http://standaarden.omgevingswet.overheid.nl/ruimtelijkgebruik/id/concept/OntwikkelingStedelijkeFuncties</ga:groep>
                    <ga:locatieaanduiding>
                        <l:LocatieRef xlink:href="nl.imow-pv28.gebiedengroep.8686401760cc4f2b9c42819d3f96b88c"/>
                    </ga:locatieaanduiding>
                </ga:Gebiedsaanwijzing>
            </ow-dc:owObject>
        </sl:stand>
        <sl:stand>
            <ow-dc:owObject>
                <ga:Gebiedsaanwijzing>
                    <ga:identificatie>nl.imow-pv28.gebiedsaanwijzing.4c738cb3b5774808a04d9d40c47d08c2</ga:identificatie>
                    <ga:type>http://standaarden.omgevingswet.overheid.nl/typegebiedsaanwijzing/id/concept/WaterEnWatersysteem</ga:type>
                    <ga:naam>gebieden met afwijkend maaiveld criterium 20 procent</ga:naam>
                    <ga:groep>http://standaarden.omgevingswet.overheid.nl/waterenwatersysteem/id/concept/GebiedsnormWateroverlast</ga:groep>
                    <ga:locatieaanduiding>
                        <l:LocatieRef xlink:href="nl.imow-pv28.gebiedengroep.2a9c094918b64526b4d9e972247c533a"/>
                    </ga:locatieaanduiding>
                </ga:Gebiedsaanwijzing>
            </ow-dc:owObject>
        </sl:stand>
        <sl:stand>
            <ow-dc:owObject>
                <ga:Gebiedsaanwijzing>
                    <ga:identificatie>nl.imow-pv28.gebiedsaanwijzing.4c9128a7370747cebd5d607b2fdfec98</ga:identificatie>
                    <ga:type>http://standaarden.omgevingswet.overheid.nl/typegebiedsaanwijzing/id/concept/ExterneVeiligheid</ga:type>
                    <ga:naam>risicogebied externe veiligheid Maasvlakte 1 en Maasvlakte 2</ga:naam>
                    <ga:groep>http://standaarden.omgevingswet.overheid.nl/externeveiligheid/id/concept/Risicogebied</ga:groep>
                    <ga:locatieaanduiding>
                        <l:LocatieRef xlink:href="nl.imow-pv28.gebiedengroep.7b3a909ce16342319d027b000490b4c2"/>
                    </ga:locatieaanduiding>
                </ga:Gebiedsaanwijzing>
            </ow-dc:owObject>
        </sl:stand>
        <sl:stand>
            <ow-dc:owObject>
                <ga:Gebiedsaanwijzing>
                    <ga:identificatie>nl.imow-pv28.gebiedsaanwijzing.4e45aea7d9e643879f7b57cd7113f4e9</ga:identificatie>
                    <ga:type>http://standaarden.omgevingswet.overheid.nl/typegebiedsaanwijzing/id/concept/Erfgoed</ga:type>
                    <ga:naam>landgoedbiotoop</ga:naam>
                    <ga:groep>http://standaarden.omgevingswet.overheid.nl/erfgoed/id/concept/Buitenplaats</ga:groep>
                    <ga:locatieaanduiding>
                        <l:LocatieRef xlink:href="nl.imow-pv28.gebiedengroep.776e1d43bee94a46aea7b5aaa1d64b55"/>
                    </ga:locatieaanduiding>
                </ga:Gebiedsaanwijzing>
            </ow-dc:owObject>
        </sl:stand>
        <sl:stand>
            <ow-dc:owObject>
                <ga:Gebiedsaanwijzing>
                    <ga:identificatie>nl.imow-pv28.gebiedsaanwijzing.4e76e7c624964ead98e502ef4014ab47</ga:identificatie>
                    <ga:type>http://standaarden.omgevingswet.overheid.nl/typegebiedsaanwijzing/id/concept/WaterEnWatersysteem</ga:type>
                    <ga:naam>grondwaterbeschermingszones</ga:naam>
                    <ga:groep>http://standaarden.omgevingswet.overheid.nl/waterenwatersysteem/id/concept/SpecifiekBenoemdGebied</ga:groep>
                    <ga:locatieaanduiding>
                        <l:LocatieRef xlink:href="nl.imow-pv28.gebiedengroep.119e73944670457093a765f5031eb5db"/>
                    </ga:locatieaanduiding>
                </ga:Gebiedsaanwijzing>
            </ow-dc:owObject>
        </sl:stand>
        <sl:stand>
            <ow-dc:owObject>
                <ga:Gebiedsaanwijzing>
                    <ga:identificatie>nl.imow-pv28.gebiedsaanwijzing.4f502361499e43ea98f8e66020a80cb9</ga:identificatie>
                    <ga:type>http://standaarden.omgevingswet.overheid.nl/typegebiedsaanwijzing/id/concept/Verkeer</ga:type>
                    <ga:naam>regionale vaarwegen</ga:naam>
                    <ga:groep>http://standaarden.omgevingswet.overheid.nl/verkeer/id/concept/Vaarweg</ga:groep>
                    <ga:locatieaanduiding>
                        <l:LocatieRef xlink:href="nl.imow-pv28.gebiedengroep.0220b3b086694a11af17c9c6ca4d4adc"/>
                    </ga:locatieaanduiding>
                </ga:Gebiedsaanwijzing>
            </ow-dc:owObject>
        </sl:stand>
        <sl:stand>
            <ow-dc:owObject>
                <ga:Gebiedsaanwijzing>
                    <ga:identificatie>nl.imow-pv28.gebiedsaanwijzing.5154e6be253f47589361fcb7d560f2c9</ga:identificatie>
                    <ga:type>http://standaarden.omgevingswet.overheid.nl/typegebiedsaanwijzing/id/concept/WaterEnWatersysteem</ga:type>
                    <ga:naam>Waterschap Rivierenland</ga:naam>
                    <ga:groep>http://standaarden.omgevingswet.overheid.nl/waterenwatersysteem/id/concept/Watersysteem</ga:groep>
                    <ga:locatieaanduiding>
                        <l:LocatieRef xlink:href="nl.imow-pv28.gebiedengroep.b0b79bb1f1e44999ba1a4a235d35a220"/>
                    </ga:locatieaanduiding>
                </ga:Gebiedsaanwijzing>
            </ow-dc:owObject>
        </sl:stand>
        <sl:stand>
            <ow-dc:owObject>
                <ga:Gebiedsaanwijzing>
                    <ga:identificatie>nl.imow-pv28.gebiedsaanwijzing.52450828727147a99dbb411ee9c819c2</ga:identificatie>
                    <ga:type>http://standaarden.omgevingswet.overheid.nl/typegebiedsaanwijzing/id/concept/Geluid</ga:type>
                    <ga:naam>stiltegebieden</ga:naam>
                    <ga:groep>http://standaarden.omgevingswet.overheid.nl/geluid/id/concept/Stiltegebied</ga:groep>
                    <ga:locatieaanduiding>
                        <l:LocatieRef xlink:href="nl.imow-pv28.gebiedengroep.5f685cce1072496cabcb25dd2a46b1a3"/>
                    </ga:locatieaanduiding>
                </ga:Gebiedsaanwijzing>
            </ow-dc:owObject>
        </sl:stand>
        <sl:stand>
            <ow-dc:owObject>
                <ga:Gebiedsaanwijzing>
                    <ga:identificatie>nl.imow-pv28.gebiedsaanwijzing.527e307d6727470182b0b4d56c192a5b</ga:identificatie>
                    <ga:type>http://standaarden.omgevingswet.overheid.nl/typegebiedsaanwijzing/id/concept/Natuur</ga:type>
                    <ga:naam>groen erfgoed, eendekooi</ga:naam>
                    <ga:groep>http://standaarden.omgevingswet.overheid.nl/natuur/id/concept/Maatregelengebied</ga:groep>
                    <ga:locatieaanduiding>
                        <l:LocatieRef xlink:href="nl.imow-pv28.gebiedengroep.6f4e87f6f1f144b7ac77f8146e10c54f"/>
                    </ga:locatieaanduiding>
                </ga:Gebiedsaanwijzing>
            </ow-dc:owObject>
        </sl:stand>
        <sl:stand>
            <ow-dc:owObject>
                <ga:Gebiedsaanwijzing>
                    <ga:identificatie>nl.imow-pv28.gebiedsaanwijzing.54924792934a4ff7a804c0f2ffd44cf0</ga:identificatie>
                    <ga:type>http://standaarden.omgevingswet.overheid.nl/typegebiedsaanwijzing/id/concept/Beperkingengebied</ga:type>
                    <ga:naam>beperkingengebied provinciale weg</ga:naam>
                    <ga:groep>http://standaarden.omgevingswet.overheid.nl/beperkingengebied/id/concept/Weg</ga:groep>
                    <ga:locatieaanduiding>
                        <l:LocatieRef xlink:href="nl.imow-pv28.gebiedengroep.6f1900082e4c4886a09494005fa0e02b"/>
                    </ga:locatieaanduiding>
                </ga:Gebiedsaanwijzing>
            </ow-dc:owObject>
        </sl:stand>
        <sl:stand>
            <ow-dc:owObject>
                <ga:Gebiedsaanwijzing>
                    <ga:identificatie>nl.imow-pv28.gebiedsaanwijzing.5556256f61774fbf802108d0a91f46d4</ga:identificatie>
                    <ga:type>http://standaarden.omgevingswet.overheid.nl/typegebiedsaanwijzing/id/concept/Natuur</ga:type>
                    <ga:naam>natuurnetwerk Nederland: blijvend agrarisch gebied binnen Natura 2000-gebied</ga:naam>
                    <ga:groep>http://standaarden.omgevingswet.overheid.nl/natuur/id/concept/NatuurnetwerkNederland</ga:groep>
                    <ga:locatieaanduiding>
                        <l:LocatieRef xlink:href="nl.imow-pv28.gebiedengroep.43d164e7c98a48d0bbb85a832b27df80"/>
                    </ga:locatieaanduiding>
                </ga:Gebiedsaanwijzing>
            </ow-dc:owObject>
        </sl:stand>
        <sl:stand>
            <ow-dc:owObject>
                <ga:Gebiedsaanwijzing>
                    <ga:identificatie>nl.imow-pv28.gebiedsaanwijzing.5673ffe69eb448d59e2b8fb5c7194cae</ga:identificatie>
                    <ga:type>http://standaarden.omgevingswet.overheid.nl/typegebiedsaanwijzing/id/concept/RuimtelijkGebruik</ga:type>
                    <ga:naam>grote buitenstedelijke bouwlocatie - woningbouwlocatie</ga:naam>
                    <ga:groep>http://standaarden.omgevingswet.overheid.nl/ruimtelijkgebruik/id/concept/OntwikkelingStedelijkeFuncties</ga:groep>
                    <ga:locatieaanduiding>
                        <l:LocatieRef xlink:href="nl.imow-pv28.gebiedengroep.c25d75d7607248658d767150d4868a12"/>
                    </ga:locatieaanduiding>
                </ga:Gebiedsaanwijzing>
            </ow-dc:owObject>
        </sl:stand>
        <sl:stand>
            <ow-dc:owObject>
                <ga:Gebiedsaanwijzing>
                    <ga:identificatie>nl.imow-pv28.gebiedsaanwijzing.56a6d7fd16ab4b5d9b4aadd10a5a1808</ga:identificatie>
                    <ga:type>http://standaarden.omgevingswet.overheid.nl/typegebiedsaanwijzing/id/concept/ExterneVeiligheid</ga:type>
                    <ga:naam>risicogebied externe veiligheid Eemhaven en Distripark Albrandswaard</ga:naam>
                    <ga:groep>http://standaarden.omgevingswet.overheid.nl/externeveiligheid/id/concept/Risicogebied</ga:groep>
                    <ga:locatieaanduiding>
                        <l:LocatieRef xlink:href="nl.imow-pv28.gebiedengroep.3fa1b3bb2cb94b19a34ec973e800540d"/>
                    </ga:locatieaanduiding>
                </ga:Gebiedsaanwijzing>
            </ow-dc:owObject>
        </sl:stand>
        <sl:stand>
            <ow-dc:owObject>
                <ga:Gebiedsaanwijzing>
                    <ga:identificatie>nl.imow-pv28.gebiedsaanwijzing.594e0e56b79d4f3d86fd86b433536b39</ga:identificatie>
                    <ga:type>http://standaarden.omgevingswet.overheid.nl/typegebiedsaanwijzing/id/concept/ExterneVeiligheid</ga:type>
                    <ga:naam>uitzondering veiligheidszone Nieuwe Waterweg en Nieuwe Maas risicogebieden externe veiligheid</ga:naam>
                    <ga:groep>http://standaarden.omgevingswet.overheid.nl/externeveiligheid/id/concept/AandachtsgebiedExterneVeiligheid</ga:groep>
                    <ga:locatieaanduiding>
                        <l:LocatieRef xlink:href="nl.imow-pv28.gebiedengroep.115ab52c260a471aada1cafd69c480aa"/>
                    </ga:locatieaanduiding>
                </ga:Gebiedsaanwijzing>
            </ow-dc:owObject>
        </sl:stand>
        <sl:stand>
            <ow-dc:owObject>
                <ga:Gebiedsaanwijzing>
                    <ga:identificatie>nl.imow-pv28.gebiedsaanwijzing.59a0040a7adf4a7dab5576100d7f3e67</ga:identificatie>
                    <ga:type>http://standaarden.omgevingswet.overheid.nl/typegebiedsaanwijzing/id/concept/RuimtelijkGebruik</ga:type>
                    <ga:naam>kantorengebied categorie 1</ga:naam>
                    <ga:groep>http://standaarden.omgevingswet.overheid.nl/ruimtelijkgebruik/id/concept/Kantoorlocatie</ga:groep>
                    <ga:locatieaanduiding>
                        <l:LocatieRef xlink:href="nl.imow-pv28.gebiedengroep.95fbcae115f3423783c45fbc83ae8901"/>
                    </ga:locatieaanduiding>
                </ga:Gebiedsaanwijzing>
            </ow-dc:owObject>
        </sl:stand>
        <sl:stand>
            <ow-dc:owObject>
                <ga:Gebiedsaanwijzing>
                    <ga:identificatie>nl.imow-pv28.gebiedsaanwijzing.606e76f9ec9f4378b2ed4893cc5a7cc3</ga:identificatie>
                    <ga:type>http://standaarden.omgevingswet.overheid.nl/typegebiedsaanwijzing/id/concept/WaterEnWatersysteem</ga:type>
                    <ga:naam>Waterschap Hollandse Delta</ga:naam>
                    <ga:groep>http://standaarden.omgevingswet.overheid.nl/waterenwatersysteem/id/concept/Watersysteem</ga:groep>
                    <ga:locatieaanduiding>
                        <l:LocatieRef xlink:href="nl.imow-pv28.gebiedengroep.ea57c0c1365249b69db0415554efa0dc"/>
                    </ga:locatieaanduiding>
                </ga:Gebiedsaanwijzing>
            </ow-dc:owObject>
        </sl:stand>
        <sl:stand>
            <ow-dc:owObject>
                <ga:Gebiedsaanwijzing>
                    <ga:identificatie>nl.imow-pv28.gebiedsaanwijzing.60dfd10080a94f6ba44319d47c7079bc</ga:identificatie>
                    <ga:type>http://standaarden.omgevingswet.overheid.nl/typegebiedsaanwijzing/id/concept/RuimtelijkGebruik</ga:type>
                    <ga:naam>gebied binnen LiB-5 contour Schiphol</ga:naam>
                    <ga:groep>http://standaarden.omgevingswet.overheid.nl/ruimtelijkgebruik/id/concept/Bebouwingscontour</ga:groep>
                    <ga:locatieaanduiding>
                        <l:LocatieRef xlink:href="nl.imow-pv28.gebiedengroep.efcab119e88640be906e2986762bb68c"/>
                    </ga:locatieaanduiding>
                </ga:Gebiedsaanwijzing>
            </ow-dc:owObject>
        </sl:stand>
        <sl:stand>
            <ow-dc:owObject>
                <ga:Gebiedsaanwijzing>
                    <ga:identificatie>nl.imow-pv28.gebiedsaanwijzing.66bac9e124834371b374d6b01c7e209c</ga:identificatie>
                    <ga:type>http://standaarden.omgevingswet.overheid.nl/typegebiedsaanwijzing/id/concept/Natuur</ga:type>
                    <ga:naam>natuurnetwerk Nederland: waternatuur</ga:naam>
                    <ga:groep>http://standaarden.omgevingswet.overheid.nl/natuur/id/concept/NatuurnetwerkNederland</ga:groep>
                    <ga:locatieaanduiding>
                        <l:LocatieRef xlink:href="nl.imow-pv28.gebiedengroep.8e2b4542533a48eb8ca043b9be754d65"/>
                    </ga:locatieaanduiding>
                </ga:Gebiedsaanwijzing>
            </ow-dc:owObject>
        </sl:stand>
        <sl:stand>
            <ow-dc:owObject>
                <ga:Gebiedsaanwijzing>
                    <ga:identificatie>nl.imow-pv28.gebiedsaanwijzing.689b15ee5a304b188216d1d1b308ae4b</ga:identificatie>
                    <ga:type>http://standaarden.omgevingswet.overheid.nl/typegebiedsaanwijzing/id/concept/Natuur</ga:type>
                    <ga:naam>bosreservaat</ga:naam>
                    <ga:groep>http://standaarden.omgevingswet.overheid.nl/natuur/id/concept/Maatregelengebied</ga:groep>
                    <ga:locatieaanduiding>
                        <l:LocatieRef xlink:href="nl.imow-pv28.gebiedengroep.57d1d385d5564c4d82e3416b0413b0f7"/>
                    </ga:locatieaanduiding>
                </ga:Gebiedsaanwijzing>
            </ow-dc:owObject>
        </sl:stand>
        <sl:stand>
            <ow-dc:owObject>
                <ga:Gebiedsaanwijzing>
                    <ga:identificatie>nl.imow-pv28.gebiedsaanwijzing.6a2f7d6f2f83485895335526466ddf83</ga:identificatie>
                    <ga:type>http://standaarden.omgevingswet.overheid.nl/typegebiedsaanwijzing/id/concept/Verkeer</ga:type>
                    <ga:naam>lange afstand wandelpaden</ga:naam>
                    <ga:groep>http://standaarden.omgevingswet.overheid.nl/verkeer/id/concept/RecreatieveRoutenetwerken</ga:groep>
                    <ga:locatieaanduiding>
                        <l:LocatieRef xlink:href="nl.imow-pv28.gebiedengroep.5c68488630ba42469c5cf42a794fb504"/>
                    </ga:locatieaanduiding>
                </ga:Gebiedsaanwijzing>
            </ow-dc:owObject>
        </sl:stand>
        <sl:stand>
            <ow-dc:owObject>
                <ga:Gebiedsaanwijzing>
                    <ga:identificatie>nl.imow-pv28.gebiedsaanwijzing.6f2c4602c2b64fc190688c414987eed0</ga:identificatie>
                    <ga:type>http://standaarden.omgevingswet.overheid.nl/typegebiedsaanwijzing/id/concept/Erfgoed</ga:type>
                    <ga:naam>molenbiotoop</ga:naam>
                    <ga:groep>http://standaarden.omgevingswet.overheid.nl/erfgoed/id/concept/BeschermdMonument</ga:groep>
                    <ga:locatieaanduiding>
                        <l:LocatieRef xlink:href="nl.imow-pv28.gebiedengroep.ff66fc5fcef94458b196c1fe493f6e95"/>
                    </ga:locatieaanduiding>
                </ga:Gebiedsaanwijzing>
            </ow-dc:owObject>
        </sl:stand>
        <sl:stand>
            <ow-dc:owObject>
                <ga:Gebiedsaanwijzing>
                    <ga:identificatie>nl.imow-pv28.gebiedsaanwijzing.70950cf785da428d98fb8275034176c6</ga:identificatie>
                    <ga:type>http://standaarden.omgevingswet.overheid.nl/typegebiedsaanwijzing/id/concept/WaterEnWatersysteem</ga:type>
                    <ga:naam>Waterschap Amstel, Gooi en Vecht</ga:naam>
                    <ga:groep>http://standaarden.omgevingswet.overheid.nl/waterenwatersysteem/id/concept/Watersysteem</ga:groep>
                    <ga:locatieaanduiding>
                        <l:LocatieRef xlink:href="nl.imow-pv28.gebiedengroep.1e43aca72e5d496aa02b3dbd2226f81c"/>
                    </ga:locatieaanduiding>
                </ga:Gebiedsaanwijzing>
            </ow-dc:owObject>
        </sl:stand>
        <sl:stand>
            <ow-dc:owObject>
                <ga:Gebiedsaanwijzing>
                    <ga:identificatie>nl.imow-pv28.gebiedsaanwijzing.738ddcde2a054b04bdf3e38c8060fb53</ga:identificatie>
                    <ga:type>http://standaarden.omgevingswet.overheid.nl/typegebiedsaanwijzing/id/concept/RuimtelijkGebruik</ga:type>
                    <ga:naam>watergebonden bedrijventerrein</ga:naam>
                    <ga:groep>http://standaarden.omgevingswet.overheid.nl/ruimtelijkgebruik/id/concept/Bedrijventerrein</ga:groep>
                    <ga:locatieaanduiding>
                        <l:LocatieRef xlink:href="nl.imow-pv28.gebiedengroep.ce84ec86da9f4b2c953af4596aa69296"/>
                    </ga:locatieaanduiding>
                </ga:Gebiedsaanwijzing>
            </ow-dc:owObject>
        </sl:stand>
        <sl:stand>
            <ow-dc:owObject>
                <ga:Gebiedsaanwijzing>
                    <ga:identificatie>nl.imow-pv28.gebiedsaanwijzing.76614a2e609541938397a199fdbd7cb5</ga:identificatie>
                    <ga:type>http://standaarden.omgevingswet.overheid.nl/typegebiedsaanwijzing/id/concept/Natuur</ga:type>
                    <ga:naam>natuurnetwerk Nederland: prioritaire nieuwe natuur</ga:naam>
                    <ga:groep>http://standaarden.omgevingswet.overheid.nl/natuur/id/concept/NatuurnetwerkNederland</ga:groep>
                    <ga:locatieaanduiding>
                        <l:LocatieRef xlink:href="nl.imow-pv28.gebiedengroep.ab668bca85b34fef8d34180572afbb87"/>
                    </ga:locatieaanduiding>
                </ga:Gebiedsaanwijzing>
            </ow-dc:owObject>
        </sl:stand>
        <sl:stand>
            <ow-dc:owObject>
                <ga:Gebiedsaanwijzing>
                    <ga:identificatie>nl.imow-pv28.gebiedsaanwijzing.76ce3a7295c14309ab07ea5a8454ac73</ga:identificatie>
                    <ga:type>http://standaarden.omgevingswet.overheid.nl/typegebiedsaanwijzing/id/concept/Verkeer</ga:type>
                    <ga:naam>provinciale wegen</ga:naam>
                    <ga:groep>http://standaarden.omgevingswet.overheid.nl/verkeer/id/concept/Weg</ga:groep>
                    <ga:locatieaanduiding>
                        <l:LocatieRef xlink:href="nl.imow-pv28.gebiedengroep.3919fd63957a4b12bc548e7b8b4672ee"/>
                    </ga:locatieaanduiding>
                </ga:Gebiedsaanwijzing>
            </ow-dc:owObject>
        </sl:stand>
        <sl:stand>
            <ow-dc:owObject>
                <ga:Gebiedsaanwijzing>
                    <ga:identificatie>nl.imow-pv28.gebiedsaanwijzing.76ecbb1861084c179aa40d2542e03b55</ga:identificatie>
                    <ga:type>http://standaarden.omgevingswet.overheid.nl/typegebiedsaanwijzing/id/concept/RuimtelijkGebruik</ga:type>
                    <ga:naam>gebieden met beschermingscategorie 2, recreatiegebied</ga:naam>
                    <ga:groep>http://standaarden.omgevingswet.overheid.nl/ruimtelijkgebruik/id/concept/LandelijkGebied</ga:groep>
                    <ga:locatieaanduiding>
                        <l:LocatieRef xlink:href="nl.imow-pv28.gebiedengroep.6e36f52825824b6d958e3c0172edea62"/>
                    </ga:locatieaanduiding>
                </ga:Gebiedsaanwijzing>
            </ow-dc:owObject>
        </sl:stand>
        <sl:stand>
            <ow-dc:owObject>
                <ga:Gebiedsaanwijzing>
                    <ga:identificatie>nl.imow-pv28.gebiedsaanwijzing.7ba37f12a892428181ae32b60dd443ab</ga:identificatie>
                    <ga:type>http://standaarden.omgevingswet.overheid.nl/typegebiedsaanwijzing/id/concept/RuimtelijkGebruik</ga:type>
                    <ga:naam>compensatiegebied bollenteelt</ga:naam>
                    <ga:groep>http://standaarden.omgevingswet.overheid.nl/ruimtelijkgebruik/id/concept/SpecifiekTeeltgebied</ga:groep>
                    <ga:locatieaanduiding>
                        <l:LocatieRef xlink:href="nl.imow-pv28.gebiedengroep.06fd828b778142d09c3d9be3b47e80c3"/>
                    </ga:locatieaanduiding>
                </ga:Gebiedsaanwijzing>
            </ow-dc:owObject>
        </sl:stand>
        <sl:stand>
            <ow-dc:owObject>
                <ga:Gebiedsaanwijzing>
                    <ga:identificatie>nl.imow-pv28.gebiedsaanwijzing.7c7b9a554ddc429fa655f5106eb4ea39</ga:identificatie>
                    <ga:type>http://standaarden.omgevingswet.overheid.nl/typegebiedsaanwijzing/id/concept/RuimtelijkGebruik</ga:type>
                    <ga:naam>kantorengebied categorie 2</ga:naam>
                    <ga:groep>http://standaarden.omgevingswet.overheid.nl/ruimtelijkgebruik/id/concept/Kantoorlocatie</ga:groep>
                    <ga:locatieaanduiding>
                        <l:LocatieRef xlink:href="nl.imow-pv28.gebiedengroep.5255c9703b724e999853947db4edb926"/>
                    </ga:locatieaanduiding>
                </ga:Gebiedsaanwijzing>
            </ow-dc:owObject>
        </sl:stand>
        <sl:stand>
            <ow-dc:owObject>
                <ga:Gebiedsaanwijzing>
                    <ga:identificatie>nl.imow-pv28.gebiedsaanwijzing.7d649a051c7647d39efc580d47691353</ga:identificatie>
                    <ga:type>http://standaarden.omgevingswet.overheid.nl/typegebiedsaanwijzing/id/concept/Natuur</ga:type>
                    <ga:naam>groen erfgoed, cultuurhistorisch bosje of klein landschapselement</ga:naam>
                    <ga:groep>http://standaarden.omgevingswet.overheid.nl/natuur/id/concept/Maatregelengebied</ga:groep>
                    <ga:locatieaanduiding>
                        <l:LocatieRef xlink:href="nl.imow-pv28.gebiedengroep.26cad02b15764bc788ef8e397b91e65b"/>
                    </ga:locatieaanduiding>
                </ga:Gebiedsaanwijzing>
            </ow-dc:owObject>
        </sl:stand>
        <sl:stand>
            <ow-dc:owObject>
                <ga:Gebiedsaanwijzing>
                    <ga:identificatie>nl.imow-pv28.gebiedsaanwijzing.7f97ccfc4a224868900b9dec50f474f7</ga:identificatie>
                    <ga:type>http://standaarden.omgevingswet.overheid.nl/typegebiedsaanwijzing/id/concept/RuimtelijkGebruik</ga:type>
                    <ga:naam>glastuinbouwgebied Tinte</ga:naam>
                    <ga:groep>http://standaarden.omgevingswet.overheid.nl/ruimtelijkgebruik/id/concept/Glastuinbouw</ga:groep>
                    <ga:locatieaanduiding>
                        <l:LocatieRef xlink:href="nl.imow-pv28.gebiedengroep.2015e5bf23da4894acffd8ee292fb5bb"/>
                    </ga:locatieaanduiding>
                </ga:Gebiedsaanwijzing>
            </ow-dc:owObject>
        </sl:stand>
        <sl:stand>
            <ow-dc:owObject>
                <ga:Gebiedsaanwijzing>
                    <ga:identificatie>nl.imow-pv28.gebiedsaanwijzing.805d0b62fa2a4c688efa22b1f4a9d401</ga:identificatie>
                    <ga:type>http://standaarden.omgevingswet.overheid.nl/typegebiedsaanwijzing/id/concept/Verkeer</ga:type>
                    <ga:naam>provinciale vaarwegen, overige delen</ga:naam>
                    <ga:groep>http://standaarden.omgevingswet.overheid.nl/verkeer/id/concept/Vaarweg</ga:groep>
                    <ga:locatieaanduiding>
                        <l:LocatieRef xlink:href="nl.imow-pv28.gebiedengroep.8341a5eeaed246c9bcf12c320c301083"/>
                    </ga:locatieaanduiding>
                </ga:Gebiedsaanwijzing>
            </ow-dc:owObject>
        </sl:stand>
        <sl:stand>
            <ow-dc:owObject>
                <ga:Gebiedsaanwijzing>
                    <ga:identificatie>nl.imow-pv28.gebiedsaanwijzing.81405fc22ca24931bdc398f50e11c5f4</ga:identificatie>
                    <ga:type>http://standaarden.omgevingswet.overheid.nl/typegebiedsaanwijzing/id/concept/Erfgoed</ga:type>
                    <ga:naam>Werelderfgoed Neder-Germaanse Limes, bufferzone</ga:naam>
                    <ga:groep>http://standaarden.omgevingswet.overheid.nl/erfgoed/id/concept/Werelderfgoed</ga:groep>
                    <ga:locatieaanduiding>
                        <l:LocatieRef xlink:href="nl.imow-pv28.gebiedengroep.031a1a62dbf547c4ae740a5de8adad26"/>
                    </ga:locatieaanduiding>
                </ga:Gebiedsaanwijzing>
            </ow-dc:owObject>
        </sl:stand>
        <sl:stand>
            <ow-dc:owObject>
                <ga:Gebiedsaanwijzing>
                    <ga:identificatie>nl.imow-pv28.gebiedsaanwijzing.82ce1db1cdc447e2ad3ee876e7d6be69</ga:identificatie>
                    <ga:type>http://standaarden.omgevingswet.overheid.nl/typegebiedsaanwijzing/id/concept/RuimtelijkGebruik</ga:type>
                    <ga:naam>bedrijventerrein</ga:naam>
                    <ga:groep>http://standaarden.omgevingswet.overheid.nl/ruimtelijkgebruik/id/concept/Bedrijventerrein</ga:groep>
                    <ga:locatieaanduiding>
                        <l:LocatieRef xlink:href="nl.imow-pv28.gebiedengroep.d6fa60616e93497693fca56d8c2dbaf7"/>
                    </ga:locatieaanduiding>
                </ga:Gebiedsaanwijzing>
            </ow-dc:owObject>
        </sl:stand>
        <sl:stand>
            <ow-dc:owObject>
                <ga:Gebiedsaanwijzing>
                    <ga:identificatie>nl.imow-pv28.gebiedsaanwijzing.8480c7b05de4469997eb497a294ff130</ga:identificatie>
                    <ga:type>http://standaarden.omgevingswet.overheid.nl/typegebiedsaanwijzing/id/concept/RuimtelijkGebruik</ga:type>
                    <ga:naam>Zuid-Holland</ga:naam>
                    <ga:groep>http://standaarden.omgevingswet.overheid.nl/ruimtelijkgebruik/id/concept/Overig</ga:groep>
                    <ga:locatieaanduiding>
                        <l:LocatieRef xlink:href="nl.imow-pv28.ambtsgebied.c50b661ed9e5419b8aefebc1a3329db5"/>
                    </ga:locatieaanduiding>
                </ga:Gebiedsaanwijzing>
            </ow-dc:owObject>
        </sl:stand>
        <sl:stand>
            <ow-dc:owObject>
                <ga:Gebiedsaanwijzing>
                    <ga:identificatie>nl.imow-pv28.gebiedsaanwijzing.85888f4a78884dea85359b5a30ef28c7</ga:identificatie>
                    <ga:type>http://standaarden.omgevingswet.overheid.nl/typegebiedsaanwijzing/id/concept/WaterEnWatersysteem</ga:type>
                    <ga:naam>regionale waterkeringen</ga:naam>
                    <ga:groep>http://standaarden.omgevingswet.overheid.nl/waterenwatersysteem/id/concept/WaterkeringRegionaal</ga:groep>
                    <ga:locatieaanduiding>
                        <l:LocatieRef xlink:href="nl.imow-pv28.gebiedengroep.5565f80c237244c7b2473aa44a548c22"/>
                    </ga:locatieaanduiding>
                </ga:Gebiedsaanwijzing>
            </ow-dc:owObject>
        </sl:stand>
        <sl:stand>
            <ow-dc:owObject>
                <ga:Gebiedsaanwijzing>
                    <ga:identificatie>nl.imow-pv28.gebiedsaanwijzing.868fb1df5bf947b6895fd5e013d146d0</ga:identificatie>
                    <ga:type>http://standaarden.omgevingswet.overheid.nl/typegebiedsaanwijzing/id/concept/ExterneVeiligheid</ga:type>
                    <ga:naam>risicogebied externe veiligheid Zeehavens Dordrecht</ga:naam>
                    <ga:groep>http://standaarden.omgevingswet.overheid.nl/externeveiligheid/id/concept/Risicogebied</ga:groep>
                    <ga:locatieaanduiding>
                        <l:LocatieRef xlink:href="nl.imow-pv28.gebiedengroep.0152c2cbd7fe43c6843ffe1fd1bdfaf8"/>
                    </ga:locatieaanduiding>
                </ga:Gebiedsaanwijzing>
            </ow-dc:owObject>
        </sl:stand>
        <sl:stand>
            <ow-dc:owObject>
                <ga:Gebiedsaanwijzing>
                    <ga:identificatie>nl.imow-pv28.gebiedsaanwijzing.8877ce929e0a4586944c7f93bf1804c1</ga:identificatie>
                    <ga:type>http://standaarden.omgevingswet.overheid.nl/typegebiedsaanwijzing/id/concept/RuimtelijkGebruik</ga:type>
                    <ga:naam>stationsomgeving</ga:naam>
                    <ga:groep>http://standaarden.omgevingswet.overheid.nl/ruimtelijkgebruik/id/concept/StedelijkGebiedCentrumStedelijk</ga:groep>
                    <ga:locatieaanduiding>
                        <l:LocatieRef xlink:href="nl.imow-pv28.gebiedengroep.c3f4712e6ff34b249e9a68959f81fc4a"/>
                    </ga:locatieaanduiding>
                </ga:Gebiedsaanwijzing>
            </ow-dc:owObject>
        </sl:stand>
        <sl:stand>
            <ow-dc:owObject>
                <ga:Gebiedsaanwijzing>
                    <ga:identificatie>nl.imow-pv28.gebiedsaanwijzing.893403889cb44e51a486e3e30e49c496</ga:identificatie>
                    <ga:type>http://standaarden.omgevingswet.overheid.nl/typegebiedsaanwijzing/id/concept/WaterEnWatersysteem</ga:type>
                    <ga:naam>gebied met grondwaterbeheer Rotterdam</ga:naam>
                    <ga:groep>http://standaarden.omgevingswet.overheid.nl/waterenwatersysteem/id/concept/Grondwaterdeelgebied</ga:groep>
                    <ga:locatieaanduiding>
                        <l:LocatieRef xlink:href="nl.imow-pv28.gebiedengroep.ff59aa3a8fdc4f818a3cd45587ab63ce"/>
                    </ga:locatieaanduiding>
                </ga:Gebiedsaanwijzing>
            </ow-dc:owObject>
        </sl:stand>
        <sl:stand>
            <ow-dc:owObject>
                <ga:Gebiedsaanwijzing>
                    <ga:identificatie>nl.imow-pv28.gebiedsaanwijzing.8b6271d628744abea919caf8a4ea7a16</ga:identificatie>
                    <ga:type>http://standaarden.omgevingswet.overheid.nl/typegebiedsaanwijzing/id/concept/Erfgoed</ga:type>
                    <ga:naam>bijzondere molenbiotoop</ga:naam>
                    <ga:groep>http://standaarden.omgevingswet.overheid.nl/erfgoed/id/concept/BeschermdMonument</ga:groep>
                    <ga:locatieaanduiding>
                        <l:LocatieRef xlink:href="nl.imow-pv28.gebiedengroep.5a03750abf334f7a83425b38ed6b7fe5"/>
                    </ga:locatieaanduiding>
                </ga:Gebiedsaanwijzing>
            </ow-dc:owObject>
        </sl:stand>
        <sl:stand>
            <ow-dc:owObject>
                <ga:Gebiedsaanwijzing>
                    <ga:identificatie>nl.imow-pv28.gebiedsaanwijzing.8caa262aa7b34c2dbaa01c4fbd683c59</ga:identificatie>
                    <ga:type>http://standaarden.omgevingswet.overheid.nl/typegebiedsaanwijzing/id/concept/Verkeer</ga:type>
                    <ga:naam>hoofdfietsnetwerk</ga:naam>
                    <ga:groep>http://standaarden.omgevingswet.overheid.nl/verkeer/id/concept/Weg</ga:groep>
                    <ga:locatieaanduiding>
                        <l:LocatieRef xlink:href="nl.imow-pv28.gebiedengroep.6ba2c654b04e420399f672f10258fc23"/>
                    </ga:locatieaanduiding>
                </ga:Gebiedsaanwijzing>
            </ow-dc:owObject>
        </sl:stand>
        <sl:stand>
            <ow-dc:owObject>
                <ga:Gebiedsaanwijzing>
                    <ga:identificatie>nl.imow-pv28.gebiedsaanwijzing.8d6ad3685cac421da6f4473ffdf77bf3</ga:identificatie>
                    <ga:type>http://standaarden.omgevingswet.overheid.nl/typegebiedsaanwijzing/id/concept/RuimtelijkGebruik</ga:type>
                    <ga:naam>bedrijventerrein met locaties voor perifere detailhandelsvestigingen (PDV)</ga:naam>
                    <ga:groep>http://standaarden.omgevingswet.overheid.nl/ruimtelijkgebruik/id/concept/Bedrijventerrein</ga:groep>
                    <ga:locatieaanduiding>
                        <l:LocatieRef xlink:href="nl.imow-pv28.gebiedengroep.5cd62163381d42a7b72df320049a57b3"/>
                    </ga:locatieaanduiding>
                </ga:Gebiedsaanwijzing>
            </ow-dc:owObject>
        </sl:stand>
        <sl:stand>
            <ow-dc:owObject>
                <ga:Gebiedsaanwijzing>
                    <ga:identificatie>nl.imow-pv28.gebiedsaanwijzing.8d9848c807364ad79d1fab170155e8c2</ga:identificatie>
                    <ga:type>http://standaarden.omgevingswet.overheid.nl/typegebiedsaanwijzing/id/concept/Beperkingengebied</ga:type>
                    <ga:naam>beperkingengebieden gesloten stortplaatsen</ga:naam>
                    <ga:groep>http://standaarden.omgevingswet.overheid.nl/beperkingengebied/id/concept/Overig</ga:groep>
                    <ga:locatieaanduiding>
                        <l:LocatieRef xlink:href="nl.imow-pv28.gebiedengroep.937c2bbea56942798ff2adad93a16c3a"/>
                    </ga:locatieaanduiding>
                </ga:Gebiedsaanwijzing>
            </ow-dc:owObject>
        </sl:stand>
        <sl:stand>
            <ow-dc:owObject>
                <ga:Gebiedsaanwijzing>
                    <ga:identificatie>nl.imow-pv28.gebiedsaanwijzing.9488d599cfb546a38de40f838881dd43</ga:identificatie>
                    <ga:type>http://standaarden.omgevingswet.overheid.nl/typegebiedsaanwijzing/id/concept/WaterEnWatersysteem</ga:type>
                    <ga:naam>regionale waterkering klasse I (gemiddelde overschrijdingskans 1/10 jaar)</ga:naam>
                    <ga:groep>http://standaarden.omgevingswet.overheid.nl/waterenwatersysteem/id/concept/WaterkeringRegionaal</ga:groep>
                    <ga:locatieaanduiding>
                        <l:LocatieRef xlink:href="nl.imow-pv28.gebiedengroep.8957e7362f854b869516224224bf9792"/>
                    </ga:locatieaanduiding>
                </ga:Gebiedsaanwijzing>
            </ow-dc:owObject>
        </sl:stand>
        <sl:stand>
            <ow-dc:owObject>
                <ga:Gebiedsaanwijzing>
                    <ga:identificatie>nl.imow-pv28.gebiedsaanwijzing.9a676e0b615248e1a90994a119aeeec1</ga:identificatie>
                    <ga:type>http://standaarden.omgevingswet.overheid.nl/typegebiedsaanwijzing/id/concept/WaterEnWatersysteem</ga:type>
                    <ga:naam>boringsvrije zones</ga:naam>
                    <ga:groep>http://standaarden.omgevingswet.overheid.nl/waterenwatersysteem/id/concept/BoringsvijeZone</ga:groep>
                    <ga:locatieaanduiding>
                        <l:LocatieRef xlink:href="nl.imow-pv28.gebiedengroep.aa7f69ee93be4a72b94954c64c3f18be"/>
                    </ga:locatieaanduiding>
                </ga:Gebiedsaanwijzing>
            </ow-dc:owObject>
        </sl:stand>
        <sl:stand>
            <ow-dc:owObject>
                <ga:Gebiedsaanwijzing>
                    <ga:identificatie>nl.imow-pv28.gebiedsaanwijzing.9ef1ee07fcaa49a992d770300256c4de</ga:identificatie>
                    <ga:type>http://standaarden.omgevingswet.overheid.nl/typegebiedsaanwijzing/id/concept/RuimtelijkGebruik</ga:type>
                    <ga:naam>gebied binnen voormalige bebouwingscontour 2003 binnen LiB-5 contour Schiphol</ga:naam>
                    <ga:groep>http://standaarden.omgevingswet.overheid.nl/ruimtelijkgebruik/id/concept/Bebouwingscontour</ga:groep>
                    <ga:locatieaanduiding>
                        <l:LocatieRef xlink:href="nl.imow-pv28.gebiedengroep.8bc449ff7d8c441d90baa1fe2a52a6c2"/>
                    </ga:locatieaanduiding>
                </ga:Gebiedsaanwijzing>
            </ow-dc:owObject>
        </sl:stand>
        <sl:stand>
            <ow-dc:owObject>
                <ga:Gebiedsaanwijzing>
                    <ga:identificatie>nl.imow-pv28.gebiedsaanwijzing.a21ae56d608d4d70bce0381e8893c028</ga:identificatie>
                    <ga:type>http://standaarden.omgevingswet.overheid.nl/typegebiedsaanwijzing/id/concept/Natuur</ga:type>
                    <ga:naam>groen erfgoed, landschap met oude boskernen, houtwallen en heggen</ga:naam>
                    <ga:groep>http://standaarden.omgevingswet.overheid.nl/natuur/id/concept/Maatregelengebied</ga:groep>
                    <ga:locatieaanduiding>
                        <l:LocatieRef xlink:href="nl.imow-pv28.gebiedengroep.9196ccbe9bfc41d48b13b785241fc8bc"/>
                    </ga:locatieaanduiding>
                </ga:Gebiedsaanwijzing>
            </ow-dc:owObject>
        </sl:stand>
        <sl:stand>
            <ow-dc:owObject>
                <ga:Gebiedsaanwijzing>
                    <ga:identificatie>nl.imow-pv28.gebiedsaanwijzing.a3914afdb6ff43059b9a7930b9d98246</ga:identificatie>
                    <ga:type>http://standaarden.omgevingswet.overheid.nl/typegebiedsaanwijzing/id/concept/WaterEnWatersysteem</ga:type>
                    <ga:naam>peilbesluitgebieden</ga:naam>
                    <ga:groep>http://standaarden.omgevingswet.overheid.nl/waterenwatersysteem/id/concept/Peilgebied</ga:groep>
                    <ga:locatieaanduiding>
                        <l:LocatieRef xlink:href="nl.imow-pv28.gebiedengroep.03e3a82d3f0241fe873ae41c32aaadf2"/>
                    </ga:locatieaanduiding>
                </ga:Gebiedsaanwijzing>
            </ow-dc:owObject>
        </sl:stand>
        <sl:stand>
            <ow-dc:owObject>
                <ga:Gebiedsaanwijzing>
                    <ga:identificatie>nl.imow-pv28.gebiedsaanwijzing.a5d61de799ab4d039ba75ec1721ec469</ga:identificatie>
                    <ga:type>http://standaarden.omgevingswet.overheid.nl/typegebiedsaanwijzing/id/concept/Natuur</ga:type>
                    <ga:naam>natuurnetwerk Nederland: Buijtenland van Rhoon</ga:naam>
                    <ga:groep>http://standaarden.omgevingswet.overheid.nl/natuur/id/concept/NatuurnetwerkNederland</ga:groep>
                    <ga:locatieaanduiding>
                        <l:LocatieRef xlink:href="nl.imow-pv28.gebiedengroep.157c342bfac94913b549842a7ad5ae9a"/>
                    </ga:locatieaanduiding>
                </ga:Gebiedsaanwijzing>
            </ow-dc:owObject>
        </sl:stand>
        <sl:stand>
            <ow-dc:owObject>
                <ga:Gebiedsaanwijzing>
                    <ga:identificatie>nl.imow-pv28.gebiedsaanwijzing.ad9d2c1aa92e42a4bd2a31ddfc1faa75</ga:identificatie>
                    <ga:type>http://standaarden.omgevingswet.overheid.nl/typegebiedsaanwijzing/id/concept/Verkeer</ga:type>
                    <ga:naam>provinciale vaarwegen, veiligheidsstrook</ga:naam>
                    <ga:groep>http://standaarden.omgevingswet.overheid.nl/verkeer/id/concept/Vaarweg</ga:groep>
                    <ga:locatieaanduiding>
                        <l:LocatieRef xlink:href="nl.imow-pv28.gebiedengroep.a0f036b15f4e425a9aff46764ea9798f"/>
                    </ga:locatieaanduiding>
                </ga:Gebiedsaanwijzing>
            </ow-dc:owObject>
        </sl:stand>
        <sl:stand>
            <ow-dc:owObject>
                <ga:Gebiedsaanwijzing>
                    <ga:identificatie>nl.imow-pv28.gebiedsaanwijzing.af5b8ca7052a4473aae16005ce8aaf62</ga:identificatie>
                    <ga:type>http://standaarden.omgevingswet.overheid.nl/typegebiedsaanwijzing/id/concept/Verkeer</ga:type>
                    <ga:naam>provinciale vaarwegen, vaarstrook</ga:naam>
                    <ga:groep>http://standaarden.omgevingswet.overheid.nl/verkeer/id/concept/Vaarweg</ga:groep>
                    <ga:locatieaanduiding>
                        <l:LocatieRef xlink:href="nl.imow-pv28.gebiedengroep.dfe1331ea38c4d9f88bb99ac7f76512c"/>
                    </ga:locatieaanduiding>
                </ga:Gebiedsaanwijzing>
            </ow-dc:owObject>
        </sl:stand>
        <sl:stand>
            <ow-dc:owObject>
                <ga:Gebiedsaanwijzing>
                    <ga:identificatie>nl.imow-pv28.gebiedsaanwijzing.b25db9f63b8c45c986351cd808966519</ga:identificatie>
                    <ga:type>http://standaarden.omgevingswet.overheid.nl/typegebiedsaanwijzing/id/concept/Verkeer</ga:type>
                    <ga:naam>vrijwaringszone provinciale vaarweg</ga:naam>
                    <ga:groep>http://standaarden.omgevingswet.overheid.nl/verkeer/id/concept/Vaarweg</ga:groep>
                    <ga:locatieaanduiding>
                        <l:LocatieRef xlink:href="nl.imow-pv28.gebiedengroep.360ebf09b02c47c8887e0cf46369dd43"/>
                    </ga:locatieaanduiding>
                </ga:Gebiedsaanwijzing>
            </ow-dc:owObject>
        </sl:stand>
        <sl:stand>
            <ow-dc:owObject>
                <ga:Gebiedsaanwijzing>
                    <ga:identificatie>nl.imow-pv28.gebiedsaanwijzing.b48afad8f5c14107b43d3d12b06ce83b</ga:identificatie>
                    <ga:type>http://standaarden.omgevingswet.overheid.nl/typegebiedsaanwijzing/id/concept/RuimtelijkGebruik</ga:type>
                    <ga:naam>glastuinbouwgebied Glasparel en Knibbelweg Oost</ga:naam>
                    <ga:groep>http://standaarden.omgevingswet.overheid.nl/ruimtelijkgebruik/id/concept/Glastuinbouw</ga:groep>
                    <ga:locatieaanduiding>
                        <l:LocatieRef xlink:href="nl.imow-pv28.gebiedengroep.624d9b8a97844426a0a9888fb97544a5"/>
                    </ga:locatieaanduiding>
                </ga:Gebiedsaanwijzing>
            </ow-dc:owObject>
        </sl:stand>
        <sl:stand>
            <ow-dc:owObject>
                <ga:Gebiedsaanwijzing>
                    <ga:identificatie>nl.imow-pv28.gebiedsaanwijzing.b5574c3b866e4b05bb96bfac20051784</ga:identificatie>
                    <ga:type>http://standaarden.omgevingswet.overheid.nl/typegebiedsaanwijzing/id/concept/Erfgoed</ga:type>
                    <ga:naam>Neder-Germaanse Limes, verwachtingenzone</ga:naam>
                    <ga:groep>http://standaarden.omgevingswet.overheid.nl/erfgoed/id/concept/Archeologie</ga:groep>
                    <ga:locatieaanduiding>
                        <l:LocatieRef xlink:href="nl.imow-pv28.gebiedengroep.21075f0463eb448ba53b64f6fd162c71"/>
                    </ga:locatieaanduiding>
                </ga:Gebiedsaanwijzing>
            </ow-dc:owObject>
        </sl:stand>
        <sl:stand>
            <ow-dc:owObject>
                <ga:Gebiedsaanwijzing>
                    <ga:identificatie>nl.imow-pv28.gebiedsaanwijzing.b9e1cb06d7644ad98e52811a6ba44174</ga:identificatie>
                    <ga:type>http://standaarden.omgevingswet.overheid.nl/typegebiedsaanwijzing/id/concept/RuimtelijkGebruik</ga:type>
                    <ga:naam>gebieden met beschermingscategorie 1</ga:naam>
                    <ga:groep>http://standaarden.omgevingswet.overheid.nl/ruimtelijkgebruik/id/concept/LandelijkGebied</ga:groep>
                    <ga:locatieaanduiding>
                        <l:LocatieRef xlink:href="nl.imow-pv28.gebiedengroep.27400990aa784c81ba0be68e8fbe4409"/>
                    </ga:locatieaanduiding>
                </ga:Gebiedsaanwijzing>
            </ow-dc:owObject>
        </sl:stand>
        <sl:stand>
            <ow-dc:owObject>
                <ga:Gebiedsaanwijzing>
                    <ga:identificatie>nl.imow-pv28.gebiedsaanwijzing.be40e6f1571c472983cbe6469d762dcd</ga:identificatie>
                    <ga:type>http://standaarden.omgevingswet.overheid.nl/typegebiedsaanwijzing/id/concept/Landschap</ga:type>
                    <ga:naam>bijzonder provinciaal landschap Midden-Delfland</ga:naam>
                    <ga:groep>http://standaarden.omgevingswet.overheid.nl/landschap/id/concept/BijzonderProvinciaalLandschap</ga:groep>
                    <ga:locatieaanduiding>
                        <l:LocatieRef xlink:href="nl.imow-pv28.gebiedengroep.9532570d92934e9b8335ff39e2b54fda"/>
                    </ga:locatieaanduiding>
                </ga:Gebiedsaanwijzing>
            </ow-dc:owObject>
        </sl:stand>
        <sl:stand>
            <ow-dc:owObject>
                <ga:Gebiedsaanwijzing>
                    <ga:identificatie>nl.imow-pv28.gebiedsaanwijzing.c19e3afe22cd4c919281b0bf046d14e7</ga:identificatie>
                    <ga:type>http://standaarden.omgevingswet.overheid.nl/typegebiedsaanwijzing/id/concept/RuimtelijkGebruik</ga:type>
                    <ga:naam>gebieden met beschermingscategorie 2</ga:naam>
                    <ga:groep>http://standaarden.omgevingswet.overheid.nl/ruimtelijkgebruik/id/concept/LandelijkGebied</ga:groep>
                    <ga:locatieaanduiding>
                        <l:LocatieRef xlink:href="nl.imow-pv28.gebiedengroep.dc11276e8fb241d7b0ae3cb9f420ff6a"/>
                    </ga:locatieaanduiding>
                </ga:Gebiedsaanwijzing>
            </ow-dc:owObject>
        </sl:stand>
        <sl:stand>
            <ow-dc:owObject>
                <ga:Gebiedsaanwijzing>
                    <ga:identificatie>nl.imow-pv28.gebiedsaanwijzing.c2184543ba6448cbadbb4cf239436a8c</ga:identificatie>
                    <ga:type>http://standaarden.omgevingswet.overheid.nl/typegebiedsaanwijzing/id/concept/RuimtelijkGebruik</ga:type>
                    <ga:naam>kantorengebied categorie 3</ga:naam>
                    <ga:groep>http://standaarden.omgevingswet.overheid.nl/ruimtelijkgebruik/id/concept/Kantoorlocatie</ga:groep>
                    <ga:locatieaanduiding>
                        <l:LocatieRef xlink:href="nl.imow-pv28.gebiedengroep.916ba3f58f9345f38a0cc8e0b96fa942"/>
                    </ga:locatieaanduiding>
                </ga:Gebiedsaanwijzing>
            </ow-dc:owObject>
        </sl:stand>
        <sl:stand>
            <ow-dc:owObject>
                <ga:Gebiedsaanwijzing>
                    <ga:identificatie>nl.imow-pv28.gebiedsaanwijzing.c2c7a02139d74b3b96a424ce678db93c</ga:identificatie>
                    <ga:type>http://standaarden.omgevingswet.overheid.nl/typegebiedsaanwijzing/id/concept/RuimtelijkGebruik</ga:type>
                    <ga:naam>gebieden met beschermingscategorie 2, belangrijk weidevogelgebied</ga:naam>
                    <ga:groep>http://standaarden.omgevingswet.overheid.nl/ruimtelijkgebruik/id/concept/LandelijkGebied</ga:groep>
                    <ga:locatieaanduiding>
                        <l:LocatieRef xlink:href="nl.imow-pv28.gebiedengroep.1ee157f722da45bdaea6850b69f97aa7"/>
                    </ga:locatieaanduiding>
                </ga:Gebiedsaanwijzing>
            </ow-dc:owObject>
        </sl:stand>
        <sl:stand>
            <ow-dc:owObject>
                <ga:Gebiedsaanwijzing>
                    <ga:identificatie>nl.imow-pv28.gebiedsaanwijzing.c326cd3b01f84043bbe72e65a87aeb4a</ga:identificatie>
                    <ga:type>http://standaarden.omgevingswet.overheid.nl/typegebiedsaanwijzing/id/concept/Erfgoed</ga:type>
                    <ga:naam>Werelderfgoed Neder-Germaanse Limes</ga:naam>
                    <ga:groep>http://standaarden.omgevingswet.overheid.nl/erfgoed/id/concept/Werelderfgoed</ga:groep>
                    <ga:locatieaanduiding>
                        <l:LocatieRef xlink:href="nl.imow-pv28.gebiedengroep.877d9a144b934c3d8174def216be9d5f"/>
                    </ga:locatieaanduiding>
                </ga:Gebiedsaanwijzing>
            </ow-dc:owObject>
        </sl:stand>
        <sl:stand>
            <ow-dc:owObject>
                <ga:Gebiedsaanwijzing>
                    <ga:identificatie>nl.imow-pv28.gebiedsaanwijzing.c59ed69263f84a198a01785f311b4182</ga:identificatie>
                    <ga:type>http://standaarden.omgevingswet.overheid.nl/typegebiedsaanwijzing/id/concept/WaterEnWatersysteem</ga:type>
                    <ga:naam>regionale waterkering klasse III (gemiddelde overschrijdingskans 1/100 jaar)</ga:naam>
                    <ga:groep>http://standaarden.omgevingswet.overheid.nl/waterenwatersysteem/id/concept/WaterkeringRegionaal</ga:groep>
                    <ga:locatieaanduiding>
                        <l:LocatieRef xlink:href="nl.imow-pv28.gebiedengroep.fe9014b1eb534e029530785ebacb4617"/>
                    </ga:locatieaanduiding>
                </ga:Gebiedsaanwijzing>
            </ow-dc:owObject>
        </sl:stand>
        <sl:stand>
            <ow-dc:owObject>
                <ga:Gebiedsaanwijzing>
                    <ga:identificatie>nl.imow-pv28.gebiedsaanwijzing.c7f3a2b653454249ad96754881139386</ga:identificatie>
                    <ga:type>http://standaarden.omgevingswet.overheid.nl/typegebiedsaanwijzing/id/concept/RuimtelijkGebruik</ga:type>
                    <ga:naam>gebieden met beschermingscategorie 1, beschermd grasland in de bollenstreek</ga:naam>
                    <ga:groep>http://standaarden.omgevingswet.overheid.nl/ruimtelijkgebruik/id/concept/LandelijkGebied</ga:groep>
                    <ga:locatieaanduiding>
                        <l:LocatieRef xlink:href="nl.imow-pv28.gebiedengroep.21231b59124949028e452a722ab70194"/>
                    </ga:locatieaanduiding>
                </ga:Gebiedsaanwijzing>
            </ow-dc:owObject>
        </sl:stand>
        <sl:stand>
            <ow-dc:owObject>
                <ga:Gebiedsaanwijzing>
                    <ga:identificatie>nl.imow-pv28.gebiedsaanwijzing.c916e5347c434b0f95332ce6a5469778</ga:identificatie>
                    <ga:type>http://standaarden.omgevingswet.overheid.nl/typegebiedsaanwijzing/id/concept/Natuur</ga:type>
                    <ga:naam>natuurnetwerk Nederland: zoekgebied natuur</ga:naam>
                    <ga:groep>http://standaarden.omgevingswet.overheid.nl/natuur/id/concept/NatuurnetwerkNederland</ga:groep>
                    <ga:locatieaanduiding>
                        <l:LocatieRef xlink:href="nl.imow-pv28.gebiedengroep.194252ba66bb45f28cf58dcf5e230fe2"/>
                    </ga:locatieaanduiding>
                </ga:Gebiedsaanwijzing>
            </ow-dc:owObject>
        </sl:stand>
        <sl:stand>
            <ow-dc:owObject>
                <ga:Gebiedsaanwijzing>
                    <ga:identificatie>nl.imow-pv28.gebiedsaanwijzing.cb141c4ea69d4bc6a8a0a0fc9df12407</ga:identificatie>
                    <ga:type>http://standaarden.omgevingswet.overheid.nl/typegebiedsaanwijzing/id/concept/WaterEnWatersysteem</ga:type>
                    <ga:naam>Hoogheemraadschap van Delfland</ga:naam>
                    <ga:groep>http://standaarden.omgevingswet.overheid.nl/waterenwatersysteem/id/concept/Watersysteem</ga:groep>
                    <ga:locatieaanduiding>
                        <l:LocatieRef xlink:href="nl.imow-pv28.gebiedengroep.b6689cc041684c5da343ffc97070376f"/>
                    </ga:locatieaanduiding>
                </ga:Gebiedsaanwijzing>
            </ow-dc:owObject>
        </sl:stand>
        <sl:stand>
            <ow-dc:owObject>
                <ga:Gebiedsaanwijzing>
                    <ga:identificatie>nl.imow-pv28.gebiedsaanwijzing.ce03c136a53a45989bb501afcce16576</ga:identificatie>
                    <ga:type>http://standaarden.omgevingswet.overheid.nl/typegebiedsaanwijzing/id/concept/Verkeer</ga:type>
                    <ga:naam>provinciale vaarwegen, veiligheidszone</ga:naam>
                    <ga:groep>http://standaarden.omgevingswet.overheid.nl/verkeer/id/concept/Vaarweg</ga:groep>
                    <ga:locatieaanduiding>
                        <l:LocatieRef xlink:href="nl.imow-pv28.gebiedengroep.357fd2beb6934390bc2c6fcbb246b08b"/>
                    </ga:locatieaanduiding>
                </ga:Gebiedsaanwijzing>
            </ow-dc:owObject>
        </sl:stand>
        <sl:stand>
            <ow-dc:owObject>
                <ga:Gebiedsaanwijzing>
                    <ga:identificatie>nl.imow-pv28.gebiedsaanwijzing.cf9581b498a145ce95b2db55ab61c590</ga:identificatie>
                    <ga:type>http://standaarden.omgevingswet.overheid.nl/typegebiedsaanwijzing/id/concept/RuimtelijkGebruik</ga:type>
                    <ga:naam>boom- en sierteeltgebied – maatwerk</ga:naam>
                    <ga:groep>http://standaarden.omgevingswet.overheid.nl/ruimtelijkgebruik/id/concept/SpecifiekTeeltgebied</ga:groep>
                    <ga:locatieaanduiding>
                        <l:LocatieRef xlink:href="nl.imow-pv28.gebiedengroep.85b1424c035040cb9f4835de69079f5c"/>
                    </ga:locatieaanduiding>
                </ga:Gebiedsaanwijzing>
            </ow-dc:owObject>
        </sl:stand>
        <sl:stand>
            <ow-dc:owObject>
                <ga:Gebiedsaanwijzing>
                    <ga:identificatie>nl.imow-pv28.gebiedsaanwijzing.d0737fe753414ad98fadc5d1a9b28c6e</ga:identificatie>
                    <ga:type>http://standaarden.omgevingswet.overheid.nl/typegebiedsaanwijzing/id/concept/WaterEnWatersysteem</ga:type>
                    <ga:naam>Hoogheemraadschap De Stichtse Rijnlanden</ga:naam>
                    <ga:groep>http://standaarden.omgevingswet.overheid.nl/waterenwatersysteem/id/concept/Watersysteem</ga:groep>
                    <ga:locatieaanduiding>
                        <l:LocatieRef xlink:href="nl.imow-pv28.gebiedengroep.219db61f05764c3cb02a0a285f16ad2b"/>
                    </ga:locatieaanduiding>
                </ga:Gebiedsaanwijzing>
            </ow-dc:owObject>
        </sl:stand>
        <sl:stand>
            <ow-dc:owObject>
                <ga:Gebiedsaanwijzing>
                    <ga:identificatie>nl.imow-pv28.gebiedsaanwijzing.d6408dd89118484284b563b12ae791d7</ga:identificatie>
                    <ga:type>http://standaarden.omgevingswet.overheid.nl/typegebiedsaanwijzing/id/concept/WaterEnWatersysteem</ga:type>
                    <ga:naam>regionale waterkering klasse II (gemiddelde overschrijdingskans 1/30 jaar)</ga:naam>
                    <ga:groep>http://standaarden.omgevingswet.overheid.nl/waterenwatersysteem/id/concept/WaterkeringRegionaal</ga:groep>
                    <ga:locatieaanduiding>
                        <l:LocatieRef xlink:href="nl.imow-pv28.gebiedengroep.cf086f99989647ed862cf97d2ab63fce"/>
                    </ga:locatieaanduiding>
                </ga:Gebiedsaanwijzing>
            </ow-dc:owObject>
        </sl:stand>
        <sl:stand>
            <ow-dc:owObject>
                <ga:Gebiedsaanwijzing>
                    <ga:identificatie>nl.imow-pv28.gebiedsaanwijzing.d7174f79bbc749e1bce864f713b0d211</ga:identificatie>
                    <ga:type>http://standaarden.omgevingswet.overheid.nl/typegebiedsaanwijzing/id/concept/RuimtelijkGebruik</ga:type>
                    <ga:naam>grote buitenstedelijke bouwlocatie - bedrijventerrein harde capaciteit</ga:naam>
                    <ga:groep>http://standaarden.omgevingswet.overheid.nl/ruimtelijkgebruik/id/concept/OntwikkelingStedelijkeFuncties</ga:groep>
                    <ga:locatieaanduiding>
                        <l:LocatieRef xlink:href="nl.imow-pv28.gebiedengroep.009511a9ac2843db9901f596964184ee"/>
                    </ga:locatieaanduiding>
                </ga:Gebiedsaanwijzing>
            </ow-dc:owObject>
        </sl:stand>
        <sl:stand>
            <ow-dc:owObject>
                <ga:Gebiedsaanwijzing>
                    <ga:identificatie>nl.imow-pv28.gebiedsaanwijzing.d9a050c1d7f84d40956caf6e8daa5c2e</ga:identificatie>
                    <ga:type>http://standaarden.omgevingswet.overheid.nl/typegebiedsaanwijzing/id/concept/Bodem</ga:type>
                    <ga:naam>Maasvlakte</ga:naam>
                    <ga:groep>http://standaarden.omgevingswet.overheid.nl/bodem/id/concept/Ontgrondingsgebied</ga:groep>
                    <ga:locatieaanduiding>
                        <l:LocatieRef xlink:href="nl.imow-pv28.gebiedengroep.16ee303a221a484e85e5fe4de83fc205"/>
                    </ga:locatieaanduiding>
                </ga:Gebiedsaanwijzing>
            </ow-dc:owObject>
        </sl:stand>
        <sl:stand>
            <ow-dc:owObject>
                <ga:Gebiedsaanwijzing>
                    <ga:identificatie>nl.imow-pv28.gebiedsaanwijzing.e06ccbd7febf4de1b501f3dacf9c39b2</ga:identificatie>
                    <ga:type>http://standaarden.omgevingswet.overheid.nl/typegebiedsaanwijzing/id/concept/Natuur</ga:type>
                    <ga:naam>A-locatie bos</ga:naam>
                    <ga:groep>http://standaarden.omgevingswet.overheid.nl/natuur/id/concept/Maatregelengebied</ga:groep>
                    <ga:locatieaanduiding>
                        <l:LocatieRef xlink:href="nl.imow-pv28.gebiedengroep.40d8c9eba6dd434a904a4572ba270909"/>
                    </ga:locatieaanduiding>
                </ga:Gebiedsaanwijzing>
            </ow-dc:owObject>
        </sl:stand>
        <sl:stand>
            <ow-dc:owObject>
                <ga:Gebiedsaanwijzing>
                    <ga:identificatie>nl.imow-pv28.gebiedsaanwijzing.e0b4d23a68164f268b69d81629325302</ga:identificatie>
                    <ga:type>http://standaarden.omgevingswet.overheid.nl/typegebiedsaanwijzing/id/concept/ExterneVeiligheid</ga:type>
                    <ga:naam>niet-basisnet transportroutes in verband met groepsrisico</ga:naam>
                    <ga:groep>http://standaarden.omgevingswet.overheid.nl/externeveiligheid/id/concept/AandachtsgebiedExterneVeiligheid</ga:groep>
                    <ga:locatieaanduiding>
                        <l:LocatieRef xlink:href="nl.imow-pv28.gebiedengroep.9f377b5a9d7742ba9146cefc0d74e6ac"/>
                    </ga:locatieaanduiding>
                </ga:Gebiedsaanwijzing>
            </ow-dc:owObject>
        </sl:stand>
        <sl:stand>
            <ow-dc:owObject>
                <ga:Gebiedsaanwijzing>
                    <ga:identificatie>nl.imow-pv28.gebiedsaanwijzing.e2b6f32d1f7c4d32b7a9ac4a33add55b</ga:identificatie>
                    <ga:type>http://standaarden.omgevingswet.overheid.nl/typegebiedsaanwijzing/id/concept/WaterEnWatersysteem</ga:type>
                    <ga:naam>grondwaterbeschermingsgebieden</ga:naam>
                    <ga:groep>http://standaarden.omgevingswet.overheid.nl/waterenwatersysteem/id/concept/Grondwaterbeschermingsgebied</ga:groep>
                    <ga:locatieaanduiding>
                        <l:LocatieRef xlink:href="nl.imow-pv28.gebiedengroep.c4afb1abd9a24b85aa6a0f916492d0d8"/>
                    </ga:locatieaanduiding>
                </ga:Gebiedsaanwijzing>
            </ow-dc:owObject>
        </sl:stand>
        <sl:stand>
            <ow-dc:owObject>
                <ga:Gebiedsaanwijzing>
                    <ga:identificatie>nl.imow-pv28.gebiedsaanwijzing.e4087f556c14476e99bd26a3c85e52f1</ga:identificatie>
                    <ga:type>http://standaarden.omgevingswet.overheid.nl/typegebiedsaanwijzing/id/concept/Erfgoed</ga:type>
                    <ga:naam>kasteelbiotoop</ga:naam>
                    <ga:groep>http://standaarden.omgevingswet.overheid.nl/erfgoed/id/concept/BeschermdMonument</ga:groep>
                    <ga:locatieaanduiding>
                        <l:LocatieRef xlink:href="nl.imow-pv28.gebiedengroep.104118eac87d4071bc31cbb018b4f52a"/>
                    </ga:locatieaanduiding>
                </ga:Gebiedsaanwijzing>
            </ow-dc:owObject>
        </sl:stand>
        <sl:stand>
            <ow-dc:owObject>
                <ga:Gebiedsaanwijzing>
                    <ga:identificatie>nl.imow-pv28.gebiedsaanwijzing.ebae125074cf4e6cb44e792397b3b9b7</ga:identificatie>
                    <ga:type>http://standaarden.omgevingswet.overheid.nl/typegebiedsaanwijzing/id/concept/WaterEnWatersysteem</ga:type>
                    <ga:naam>regionale waterkering klasse V (gemiddelde overschrijdingskans 1/1000 jaar)</ga:naam>
                    <ga:groep>http://standaarden.omgevingswet.overheid.nl/waterenwatersysteem/id/concept/WaterkeringRegionaal</ga:groep>
                    <ga:locatieaanduiding>
                        <l:LocatieRef xlink:href="nl.imow-pv28.gebiedengroep.992ef07a3d154d398666ce9595d262c6"/>
                    </ga:locatieaanduiding>
                </ga:Gebiedsaanwijzing>
            </ow-dc:owObject>
        </sl:stand>
        <sl:stand>
            <ow-dc:owObject>
                <ga:Gebiedsaanwijzing>
                    <ga:identificatie>nl.imow-pv28.gebiedsaanwijzing.f2a3f3cae0c1407eb689cedc7c016514</ga:identificatie>
                    <ga:type>http://standaarden.omgevingswet.overheid.nl/typegebiedsaanwijzing/id/concept/ExterneVeiligheid</ga:type>
                    <ga:naam>risicogebied externe veiligheid Waalhaven</ga:naam>
                    <ga:groep>http://standaarden.omgevingswet.overheid.nl/externeveiligheid/id/concept/Risicogebied</ga:groep>
                    <ga:locatieaanduiding>
                        <l:LocatieRef xlink:href="nl.imow-pv28.gebiedengroep.75fa0933c24a45ca8cbe4b2b45bee88b"/>
                    </ga:locatieaanduiding>
                </ga:Gebiedsaanwijzing>
            </ow-dc:owObject>
        </sl:stand>
        <sl:stand>
            <ow-dc:owObject>
                <ga:Gebiedsaanwijzing>
                    <ga:identificatie>nl.imow-pv28.gebiedsaanwijzing.f8e91a366bde4a78be711f04fcec307e</ga:identificatie>
                    <ga:type>http://standaarden.omgevingswet.overheid.nl/typegebiedsaanwijzing/id/concept/RuimtelijkGebruik</ga:type>
                    <ga:naam>gebieden met beschermingscategorie 3</ga:naam>
                    <ga:groep>http://standaarden.omgevingswet.overheid.nl/ruimtelijkgebruik/id/concept/LandelijkGebied</ga:groep>
                    <ga:locatieaanduiding>
                        <l:LocatieRef xlink:href="nl.imow-pv28.gebiedengroep.bba51709bac5464bb72f41cb649ba43c"/>
                    </ga:locatieaanduiding>
                </ga:Gebiedsaanwijzing>
            </ow-dc:owObject>
        </sl:stand>
        <sl:stand>
            <ow-dc:owObject>
                <ga:Gebiedsaanwijzing>
                    <ga:identificatie>nl.imow-pv28.gebiedsaanwijzing.f9f12232bbd44f9b9a64b00745ab709f</ga:identificatie>
                    <ga:type>http://standaarden.omgevingswet.overheid.nl/typegebiedsaanwijzing/id/concept/RuimtelijkGebruik</ga:type>
                    <ga:naam>boom- en sierteeltgebied</ga:naam>
                    <ga:groep>http://standaarden.omgevingswet.overheid.nl/ruimtelijkgebruik/id/concept/SpecifiekTeeltgebied</ga:groep>
                    <ga:locatieaanduiding>
                        <l:LocatieRef xlink:href="nl.imow-pv28.gebiedengroep.fb80ee182ba040ecad072dc78413275a"/>
                    </ga:locatieaanduiding>
                </ga:Gebiedsaanwijzing>
            </ow-dc:owObject>
        </sl:stand>
        <sl:stand>
            <ow-dc:owObject>
                <ga:Gebiedsaanwijzing>
                    <ga:identificatie>nl.imow-pv28.gebiedsaanwijzing.fc097702a0e74297b63ed6e2a8bdb628</ga:identificatie>
                    <ga:type>http://standaarden.omgevingswet.overheid.nl/typegebiedsaanwijzing/id/concept/WaterEnWatersysteem</ga:type>
                    <ga:naam>regionale wateren</ga:naam>
                    <ga:groep>http://standaarden.omgevingswet.overheid.nl/waterenwatersysteem/id/concept/Watersysteem</ga:groep>
                    <ga:locatieaanduiding>
                        <l:LocatieRef xlink:href="nl.imow-pv28.gebiedengroep.a5c996fd37c849508470866f5582213a"/>
                    </ga:locatieaanduiding>
                </ga:Gebiedsaanwijzing>
            </ow-dc:owObject>
        </sl:stand>
        <sl:stand>
            <ow-dc:owObject>
                <ga:Gebiedsaanwijzing>
                    <ga:identificatie>nl.imow-pv28.gebiedsaanwijzing.fcb3015f9a8643f5b2bddbed7c46c17f</ga:identificatie>
                    <ga:type>http://standaarden.omgevingswet.overheid.nl/typegebiedsaanwijzing/id/concept/WaterEnWatersysteem</ga:type>
                    <ga:naam>gebied voor aanvullende strategische voorraden</ga:naam>
                    <ga:groep>http://standaarden.omgevingswet.overheid.nl/waterenwatersysteem/id/concept/Reserveringsgebied</ga:groep>
                    <ga:locatieaanduiding>
                        <l:LocatieRef xlink:href="nl.imow-pv28.gebiedengroep.703187fed2b4471a9f90306e56be4295"/>
                    </ga:locatieaanduiding>
                </ga:Gebiedsaanwijzing>
            </ow-dc:owObject>
        </sl:stand>
        <sl:stand>
            <ow-dc:owObject>
                <ga:Gebiedsaanwijzing>
                    <ga:identificatie>nl.imow-pv28.gebiedsaanwijzing.fcd061e1a7ff4eb0bb9622df1e3454d9</ga:identificatie>
                    <ga:type>http://standaarden.omgevingswet.overheid.nl/typegebiedsaanwijzing/id/concept/WaterEnWatersysteem</ga:type>
                    <ga:naam>waterwingebieden</ga:naam>
                    <ga:groep>http://standaarden.omgevingswet.overheid.nl/waterenwatersysteem/id/concept/Waterwingebied</ga:groep>
                    <ga:locatieaanduiding>
                        <l:LocatieRef xlink:href="nl.imow-pv28.gebiedengroep.6e3aa2f223dc46d19e993512f3a02892"/>
                    </ga:locatieaanduiding>
                </ga:Gebiedsaanwijzing>
            </ow-dc:owObject>
        </sl:stand>
        <sl:stand>
            <ow-dc:owObject>
                <ga:Gebiedsaanwijzing>
                    <ga:identificatie>nl.imow-pv28.gebiedsaanwijzing.fdf7e092a18b45e18a54f9a2963bce25</ga:identificatie>
                    <ga:type>http://standaarden.omgevingswet.overheid.nl/typegebiedsaanwijzing/id/concept/ExterneVeiligheid</ga:type>
                    <ga:naam>risicogebied externe veiligheid Europoort en Landtong</ga:naam>
                    <ga:groep>http://standaarden.omgevingswet.overheid.nl/externeveiligheid/id/concept/Risicogebied</ga:groep>
                    <ga:locatieaanduiding>
                        <l:LocatieRef xlink:href="nl.imow-pv28.gebiedengroep.00658d50db0c410b878061eba7050650"/>
                    </ga:locatieaanduiding>
                </ga:Gebiedsaanwijzing>
            </ow-dc:owObject>
        </sl:stand>
    </sl:standBestand>
</ow-dc:owBestand>
