<?xml version="1.0" encoding="UTF-8" standalone="yes"?>
<ow-dc:owBestand xmlns:rol="http://www.geostandaarden.nl/imow/regelsoplocatie" xmlns:schemaLocation="http://www.geostandaarden.nl/imow/bestanden/deelbestand https://register.geostandaarden.nl/xmlschema/tpod/v2.0.0/bestanden-ow/deelbestand-ow/IMOW_Deelbestand.xsd" xmlns:rg="http://www.geostandaarden.nl/imow/regelingsgebied" xmlns:da="http://www.geostandaarden.nl/imow/datatypenalgemeen" xmlns:l="http://www.geostandaarden.nl/imow/locatie" xmlns:sym="http://www.geostandaarden.nl/imow/symbolisatie" xmlns:xsi="http://www.w3.org/2001/XMLSchema-instance" xmlns:kaart="http://www.geostandaarden.nl/imow/kaart" xmlns="http://www.geostandaarden.nl/bestanden-ow/manifest-ow" xmlns:xlink="http://www.w3.org/1999/xlink" xmlns:ow-dc="http://www.geostandaarden.nl/imow/bestanden/deelbestand" xmlns:ga="http://www.geostandaarden.nl/imow/gebiedsaanwijzing" xmlns:sl="http://www.geostandaarden.nl/bestanden-ow/standlevering-generiek" xmlns:p="http://www.geostandaarden.nl/imow/pons" xmlns:regels="http://www.geostandaarden.nl/imow/regels" xmlns:ow="http://www.geostandaarden.nl/imow/owobject" xmlns:vt="http://www.geostandaarden.nl/imow/vrijetekst" xmlns:op="http://www.geostandaarden.nl/imow/opobject">
    <sl:standBestand>
        <sl:dataset>Onbekend</sl:dataset>
        <sl:inhoud>
            <sl:gebied>Onbekend</sl:gebied>
            <sl:leveringsId>Onbekend</sl:leveringsId>
            <sl:objectTypen>
                <sl:objectType>Gebiedengroep</sl:objectType>
            </sl:objectTypen>
        </sl:inhoud>
        <sl:stand>
            <ow-dc:owObject>
                <l:Gebiedengroep>
                    <l:identificatie>nl.imow-pv28.gebiedengroep.00658d50db0c410b878061eba7050650</l:identificatie>
                    <l:noemer>risicogebied externe veiligheid Europoort en Landtong</l:noemer>
                    <l:groepselement>
                        <l:GebiedRef xlink:href="nl.imow-pv28.gebied.8895e906845942c59071439d101c227a"/>
                    </l:groepselement>
                </l:Gebiedengroep>
            </ow-dc:owObject>
        </sl:stand>
        <sl:stand>
            <ow-dc:owObject>
                <l:Gebiedengroep>
                    <l:identificatie>nl.imow-pv28.gebiedengroep.009511a9ac2843db9901f596964184ee</l:identificatie>
                    <l:noemer>grote buitenstedelijke bouwlocatie - bedrijventerrein harde capaciteit</l:noemer>
                    <l:groepselement>
                        <l:GebiedRef xlink:href="nl.imow-pv28.gebied.e8b06c5f3dcb4bdfbfeca962aebcfef1"/>
                    </l:groepselement>
                </l:Gebiedengroep>
            </ow-dc:owObject>
        </sl:stand>
        <sl:stand>
            <ow-dc:owObject>
                <l:Gebiedengroep>
                    <l:identificatie>nl.imow-pv28.gebiedengroep.00ace3542f2c4fd9babfcabe12d28154</l:identificatie>
                    <l:noemer>grote buitenstedelijke bouwlocatie - andere stedelijke ontwikkeling</l:noemer>
                    <l:groepselement>
                        <l:GebiedRef xlink:href="nl.imow-pv28.gebied.07592bf4354a4afeb8f0afda15247d5a"/>
                    </l:groepselement>
                </l:Gebiedengroep>
            </ow-dc:owObject>
        </sl:stand>
        <sl:stand>
            <ow-dc:owObject>
                <l:Gebiedengroep>
                    <l:identificatie>nl.imow-pv28.gebiedengroep.0152c2cbd7fe43c6843ffe1fd1bdfaf8</l:identificatie>
                    <l:noemer>risicogebied externe veiligheid Zeehavens Dordrecht</l:noemer>
                    <l:groepselement>
                        <l:GebiedRef xlink:href="nl.imow-pv28.gebied.e45064f144644df8a43e1790c7114540"/>
                    </l:groepselement>
                </l:Gebiedengroep>
            </ow-dc:owObject>
        </sl:stand>
        <sl:stand>
            <ow-dc:owObject>
                <l:Gebiedengroep>
                    <l:identificatie>nl.imow-pv28.gebiedengroep.0220b3b086694a11af17c9c6ca4d4adc</l:identificatie>
                    <l:noemer>regionale vaarwegen</l:noemer>
                    <l:groepselement>
                        <l:GebiedRef xlink:href="nl.imow-pv28.gebied.73bd86041ec6414680d5e7c6e43ca74c"/>
                    </l:groepselement>
                </l:Gebiedengroep>
            </ow-dc:owObject>
        </sl:stand>
        <sl:stand>
            <ow-dc:owObject>
                <l:Gebiedengroep>
                    <l:identificatie>nl.imow-pv28.gebiedengroep.031a1a62dbf547c4ae740a5de8adad26</l:identificatie>
                    <l:noemer>Werelderfgoed Neder-Germaanse Limes, bufferzone</l:noemer>
                    <l:groepselement>
                        <l:GebiedRef xlink:href="nl.imow-pv28.gebied.3b804dad26e84ea7a3ed038536f7d851"/>
                    </l:groepselement>
                </l:Gebiedengroep>
            </ow-dc:owObject>
        </sl:stand>
        <sl:stand>
            <ow-dc:owObject>
                <l:Gebiedengroep>
                    <l:identificatie>nl.imow-pv28.gebiedengroep.03e3a82d3f0241fe873ae41c32aaadf2</l:identificatie>
                    <l:noemer>peilbesluitgebieden</l:noemer>
                    <l:groepselement>
                        <l:GebiedRef xlink:href="nl.imow-pv28.gebied.4c2d05164fd64f968e154317896f9c83"/>
                    </l:groepselement>
                </l:Gebiedengroep>
            </ow-dc:owObject>
        </sl:stand>
        <sl:stand>
            <ow-dc:owObject>
                <l:Gebiedengroep>
                    <l:identificatie>nl.imow-pv28.gebiedengroep.06fd828b778142d09c3d9be3b47e80c3</l:identificatie>
                    <l:noemer>compensatiegebied bollenteelt</l:noemer>
                    <l:groepselement>
                        <l:GebiedRef xlink:href="nl.imow-pv28.gebied.130305a566f84b769a7e86811803a842"/>
                    </l:groepselement>
                </l:Gebiedengroep>
            </ow-dc:owObject>
        </sl:stand>
        <sl:stand>
            <ow-dc:owObject>
                <l:Gebiedengroep>
                    <l:identificatie>nl.imow-pv28.gebiedengroep.0c307c1fdd0f42e2b7a8c58ba402fed9</l:identificatie>
                    <l:noemer>natuurnetwerk Nederland: bestaande en nieuwe natuur</l:noemer>
                    <l:groepselement>
                        <l:GebiedRef xlink:href="nl.imow-pv28.gebied.1f5a62a4983d4598820c28839aa1d264"/>
                    </l:groepselement>
                </l:Gebiedengroep>
            </ow-dc:owObject>
        </sl:stand>
        <sl:stand>
            <ow-dc:owObject>
                <l:Gebiedengroep>
                    <l:identificatie>nl.imow-pv28.gebiedengroep.104118eac87d4071bc31cbb018b4f52a</l:identificatie>
                    <l:noemer>kasteelbiotoop</l:noemer>
                    <l:groepselement>
                        <l:GebiedRef xlink:href="nl.imow-pv28.gebied.927985d138a344a6a6e2273234990dcd"/>
                    </l:groepselement>
                </l:Gebiedengroep>
            </ow-dc:owObject>
        </sl:stand>
        <sl:stand>
            <ow-dc:owObject>
                <l:Gebiedengroep>
                    <l:identificatie>nl.imow-pv28.gebiedengroep.115ab52c260a471aada1cafd69c480aa</l:identificatie>
                    <l:noemer>uitzondering veiligheidszone Nieuwe Waterweg en Nieuwe Maas risicogebieden externe veiligheid</l:noemer>
                    <l:groepselement>
                        <l:GebiedRef xlink:href="nl.imow-pv28.gebied.1c0fe6890aa94d6080ed5f7a7a71336c"/>
                    </l:groepselement>
                </l:Gebiedengroep>
            </ow-dc:owObject>
        </sl:stand>
        <sl:stand>
            <ow-dc:owObject>
                <l:Gebiedengroep>
                    <l:identificatie>nl.imow-pv28.gebiedengroep.119e73944670457093a765f5031eb5db</l:identificatie>
                    <l:noemer>grondwaterbeschermingszones</l:noemer>
                    <l:groepselement>
                        <l:GebiedRef xlink:href="nl.imow-pv28.gebied.23525dee8876419cb34cb6f2a76ac2d1"/>
                    </l:groepselement>
                </l:Gebiedengroep>
            </ow-dc:owObject>
        </sl:stand>
        <sl:stand>
            <ow-dc:owObject>
                <l:Gebiedengroep>
                    <l:identificatie>nl.imow-pv28.gebiedengroep.157c342bfac94913b549842a7ad5ae9a</l:identificatie>
                    <l:noemer>natuurnetwerk Nederland: Buijtenland van Rhoon</l:noemer>
                    <l:groepselement>
                        <l:GebiedRef xlink:href="nl.imow-pv28.gebied.25c87173844d4e14abc60c235b53d981"/>
                    </l:groepselement>
                </l:Gebiedengroep>
            </ow-dc:owObject>
        </sl:stand>
        <sl:stand>
            <ow-dc:owObject>
                <l:Gebiedengroep>
                    <l:identificatie>nl.imow-pv28.gebiedengroep.16ee303a221a484e85e5fe4de83fc205</l:identificatie>
                    <l:noemer>Maasvlakte</l:noemer>
                    <l:groepselement>
                        <l:GebiedRef xlink:href="nl.imow-pv28.gebied.fa3970f3e30645069443efcb911baf4d"/>
                    </l:groepselement>
                </l:Gebiedengroep>
            </ow-dc:owObject>
        </sl:stand>
        <sl:stand>
            <ow-dc:owObject>
                <l:Gebiedengroep>
                    <l:identificatie>nl.imow-pv28.gebiedengroep.1794b595902047e9b7937c155b1226ec</l:identificatie>
                    <l:noemer>grote buitenstedelijke bouwlocatie</l:noemer>
                    <l:groepselement>
                        <l:GebiedRef xlink:href="nl.imow-pv28.gebied.7e3e2c98c4e544b3a4bacb54752e1724"/>
                        <l:GebiedRef xlink:href="nl.imow-pv28.gebied.07592bf4354a4afeb8f0afda15247d5a"/>
                        <l:GebiedRef xlink:href="nl.imow-pv28.gebied.e8b06c5f3dcb4bdfbfeca962aebcfef1"/>
                        <l:GebiedRef xlink:href="nl.imow-pv28.gebied.f6baa87916c64df8a87bb6814449e42d"/>
                    </l:groepselement>
                </l:Gebiedengroep>
            </ow-dc:owObject>
        </sl:stand>
        <sl:stand>
            <ow-dc:owObject>
                <l:Gebiedengroep>
                    <l:identificatie>nl.imow-pv28.gebiedengroep.194252ba66bb45f28cf58dcf5e230fe2</l:identificatie>
                    <l:noemer>natuurnetwerk Nederland: zoekgebied natuur</l:noemer>
                    <l:groepselement>
                        <l:GebiedRef xlink:href="nl.imow-pv28.gebied.fb199b72723d4014b0fda42c458c5cd8"/>
                    </l:groepselement>
                </l:Gebiedengroep>
            </ow-dc:owObject>
        </sl:stand>
        <sl:stand>
            <ow-dc:owObject>
                <l:Gebiedengroep>
                    <l:identificatie>nl.imow-pv28.gebiedengroep.1e43aca72e5d496aa02b3dbd2226f81c</l:identificatie>
                    <l:noemer>Waterschap Amstel, Gooi en Vecht</l:noemer>
                    <l:groepselement>
                        <l:GebiedRef xlink:href="nl.imow-pv28.gebied.d1b682cf30b244d6a0d7e884796839d5"/>
                    </l:groepselement>
                </l:Gebiedengroep>
            </ow-dc:owObject>
        </sl:stand>
        <sl:stand>
            <ow-dc:owObject>
                <l:Gebiedengroep>
                    <l:identificatie>nl.imow-pv28.gebiedengroep.1ee157f722da45bdaea6850b69f97aa7</l:identificatie>
                    <l:noemer>gebieden met beschermingscategorie 2, belangrijk weidevogelgebied</l:noemer>
                    <l:groepselement>
                        <l:GebiedRef xlink:href="nl.imow-pv28.gebied.6b2ded7644854d89be287e78e83dbb03"/>
                    </l:groepselement>
                </l:Gebiedengroep>
            </ow-dc:owObject>
        </sl:stand>
        <sl:stand>
            <ow-dc:owObject>
                <l:Gebiedengroep>
                    <l:identificatie>nl.imow-pv28.gebiedengroep.2015e5bf23da4894acffd8ee292fb5bb</l:identificatie>
                    <l:noemer>glastuinbouwgebied Tinte</l:noemer>
                    <l:groepselement>
                        <l:GebiedRef xlink:href="nl.imow-pv28.gebied.a6e25734a54745beb8603321045da2b1"/>
                    </l:groepselement>
                </l:Gebiedengroep>
            </ow-dc:owObject>
        </sl:stand>
        <sl:stand>
            <ow-dc:owObject>
                <l:Gebiedengroep>
                    <l:identificatie>nl.imow-pv28.gebiedengroep.21075f0463eb448ba53b64f6fd162c71</l:identificatie>
                    <l:noemer>Neder-Germaanse Limes, verwachtingenzone</l:noemer>
                    <l:groepselement>
                        <l:GebiedRef xlink:href="nl.imow-pv28.gebied.ea5dac67f592487b8058cf6565faabef"/>
                    </l:groepselement>
                </l:Gebiedengroep>
            </ow-dc:owObject>
        </sl:stand>
        <sl:stand>
            <ow-dc:owObject>
                <l:Gebiedengroep>
                    <l:identificatie>nl.imow-pv28.gebiedengroep.21231b59124949028e452a722ab70194</l:identificatie>
                    <l:noemer>gebieden met beschermingscategorie 1, beschermd grasland in de bollenstreek</l:noemer>
                    <l:groepselement>
                        <l:GebiedRef xlink:href="nl.imow-pv28.gebied.b0f2162bd73140c3b797fd6935f81835"/>
                    </l:groepselement>
                </l:Gebiedengroep>
            </ow-dc:owObject>
        </sl:stand>
        <sl:stand>
            <ow-dc:owObject>
                <l:Gebiedengroep>
                    <l:identificatie>nl.imow-pv28.gebiedengroep.219db61f05764c3cb02a0a285f16ad2b</l:identificatie>
                    <l:noemer>Hoogheemraadschap De Stichtse Rijnlanden</l:noemer>
                    <l:groepselement>
                        <l:GebiedRef xlink:href="nl.imow-pv28.gebied.a10fcecbf7bc448d83fc2a09cba5c8f3"/>
                    </l:groepselement>
                </l:Gebiedengroep>
            </ow-dc:owObject>
        </sl:stand>
        <sl:stand>
            <ow-dc:owObject>
                <l:Gebiedengroep>
                    <l:identificatie>nl.imow-pv28.gebiedengroep.2581812299be456799a4285718e43767</l:identificatie>
                    <l:noemer>glastuinbouwgebied Westland-Oostland</l:noemer>
                    <l:groepselement>
                        <l:GebiedRef xlink:href="nl.imow-pv28.gebied.45567fd5177044bfb0885b40212fd1d5"/>
                    </l:groepselement>
                </l:Gebiedengroep>
            </ow-dc:owObject>
        </sl:stand>
        <sl:stand>
            <ow-dc:owObject>
                <l:Gebiedengroep>
                    <l:identificatie>nl.imow-pv28.gebiedengroep.26cad02b15764bc788ef8e397b91e65b</l:identificatie>
                    <l:noemer>groen erfgoed, cultuurhistorisch bosje of klein landschapselement</l:noemer>
                    <l:groepselement>
                        <l:GebiedRef xlink:href="nl.imow-pv28.gebied.c3d35d2afde84dd2824dedbe3ba566ae"/>
                    </l:groepselement>
                </l:Gebiedengroep>
            </ow-dc:owObject>
        </sl:stand>
        <sl:stand>
            <ow-dc:owObject>
                <l:Gebiedengroep>
                    <l:identificatie>nl.imow-pv28.gebiedengroep.27400990aa784c81ba0be68e8fbe4409</l:identificatie>
                    <l:noemer>gebieden met beschermingscategorie 1</l:noemer>
                    <l:groepselement>
                        <l:GebiedRef xlink:href="nl.imow-pv28.gebied.b0f2162bd73140c3b797fd6935f81835"/>
                        <l:GebiedRef xlink:href="nl.imow-pv28.gebied.323c09fa72184354a53352db35f18523"/>
                        <l:GebiedRef xlink:href="nl.imow-pv28.gebied.7a6ae2a4092d46c391833d7f37d8128d"/>
                        <l:GebiedRef xlink:href="nl.imow-pv28.gebied.e5e713c0baf646c1ad8ed36865093b1a"/>
                        <l:GebiedRef xlink:href="nl.imow-pv28.gebied.84132eba9caa4570bef852c6deab6f7b"/>
                        <l:GebiedRef xlink:href="nl.imow-pv28.gebied.fb199b72723d4014b0fda42c458c5cd8"/>
                        <l:GebiedRef xlink:href="nl.imow-pv28.gebied.25c87173844d4e14abc60c235b53d981"/>
                        <l:GebiedRef xlink:href="nl.imow-pv28.gebied.7b5e7ca95deb47578b749e9ac7472986"/>
                        <l:GebiedRef xlink:href="nl.imow-pv28.gebied.1f5a62a4983d4598820c28839aa1d264"/>
                    </l:groepselement>
                </l:Gebiedengroep>
            </ow-dc:owObject>
        </sl:stand>
        <sl:stand>
            <ow-dc:owObject>
                <l:Gebiedengroep>
                    <l:identificatie>nl.imow-pv28.gebiedengroep.2a9c094918b64526b4d9e972247c533a</l:identificatie>
                    <l:noemer>gebied met afwijkend maaiveld criterium 20 procent</l:noemer>
                    <l:groepselement>
                        <l:GebiedRef xlink:href="nl.imow-pv28.gebied.8b495f1e6dea462eb160de0db4e3e599"/>
                    </l:groepselement>
                </l:Gebiedengroep>
            </ow-dc:owObject>
        </sl:stand>
        <sl:stand>
            <ow-dc:owObject>
                <l:Gebiedengroep>
                    <l:identificatie>nl.imow-pv28.gebiedengroep.357fd2beb6934390bc2c6fcbb246b08b</l:identificatie>
                    <l:noemer>provinciale vaarwegen, veiligheidszone</l:noemer>
                    <l:groepselement>
                        <l:GebiedRef xlink:href="nl.imow-pv28.gebied.71d1fe7d5d3041c8ad1a966a7fa34be5"/>
                    </l:groepselement>
                </l:Gebiedengroep>
            </ow-dc:owObject>
        </sl:stand>
        <sl:stand>
            <ow-dc:owObject>
                <l:Gebiedengroep>
                    <l:identificatie>nl.imow-pv28.gebiedengroep.360ebf09b02c47c8887e0cf46369dd43</l:identificatie>
                    <l:noemer>vrijwaringszone provinciale vaarweg</l:noemer>
                    <l:groepselement>
                        <l:GebiedRef xlink:href="nl.imow-pv28.gebied.9808597627ef481e8e51e3680b3e4397"/>
                    </l:groepselement>
                </l:Gebiedengroep>
            </ow-dc:owObject>
        </sl:stand>
        <sl:stand>
            <ow-dc:owObject>
                <l:Gebiedengroep>
                    <l:identificatie>nl.imow-pv28.gebiedengroep.3919fd63957a4b12bc548e7b8b4672ee</l:identificatie>
                    <l:noemer>provinciale wegen</l:noemer>
                    <l:groepselement>
                        <l:GebiedRef xlink:href="nl.imow-pv28.gebied.95ef19cc09f746a6a19aecf7ed5db5c2"/>
                    </l:groepselement>
                </l:Gebiedengroep>
            </ow-dc:owObject>
        </sl:stand>
        <sl:stand>
            <ow-dc:owObject>
                <l:Gebiedengroep>
                    <l:identificatie>nl.imow-pv28.gebiedengroep.3fa1b3bb2cb94b19a34ec973e800540d</l:identificatie>
                    <l:noemer>risicogebied externe veiligheid Eemhaven en Distripark Albrandswaard</l:noemer>
                    <l:groepselement>
                        <l:GebiedRef xlink:href="nl.imow-pv28.gebied.f86778910e54445f866174676f54ad96"/>
                    </l:groepselement>
                </l:Gebiedengroep>
            </ow-dc:owObject>
        </sl:stand>
        <sl:stand>
            <ow-dc:owObject>
                <l:Gebiedengroep>
                    <l:identificatie>nl.imow-pv28.gebiedengroep.40d8c9eba6dd434a904a4572ba270909</l:identificatie>
                    <l:noemer>A-locatie bos</l:noemer>
                    <l:groepselement>
                        <l:GebiedRef xlink:href="nl.imow-pv28.gebied.a62fa43c8ad84cc48dd90139c288b4e2"/>
                    </l:groepselement>
                </l:Gebiedengroep>
            </ow-dc:owObject>
        </sl:stand>
        <sl:stand>
            <ow-dc:owObject>
                <l:Gebiedengroep>
                    <l:identificatie>nl.imow-pv28.gebiedengroep.42d7e574b255444c82b9a000c80daa07</l:identificatie>
                    <l:noemer>Werelderfgoed Neder-Germaanse Limes, kernzone 2</l:noemer>
                    <l:groepselement>
                        <l:GebiedRef xlink:href="nl.imow-pv28.gebied.09e902c433a9443bac2c47e5d5feb2e1"/>
                    </l:groepselement>
                </l:Gebiedengroep>
            </ow-dc:owObject>
        </sl:stand>
        <sl:stand>
            <ow-dc:owObject>
                <l:Gebiedengroep>
                    <l:identificatie>nl.imow-pv28.gebiedengroep.43d164e7c98a48d0bbb85a832b27df80</l:identificatie>
                    <l:noemer>natuurnetwerk Nederland: blijvend agrarisch gebied binnen Natura 2000-gebied</l:noemer>
                    <l:groepselement>
                        <l:GebiedRef xlink:href="nl.imow-pv28.gebied.84132eba9caa4570bef852c6deab6f7b"/>
                    </l:groepselement>
                </l:Gebiedengroep>
            </ow-dc:owObject>
        </sl:stand>
        <sl:stand>
            <ow-dc:owObject>
                <l:Gebiedengroep>
                    <l:identificatie>nl.imow-pv28.gebiedengroep.4d6a0f309a014d0bb7d8c31f6cb563cc</l:identificatie>
                    <l:noemer>recreatietoervaartnet</l:noemer>
                    <l:groepselement>
                        <l:GebiedRef xlink:href="nl.imow-pv28.gebied.9cb8b45676974b3e8cbd593170f60bfb"/>
                    </l:groepselement>
                </l:Gebiedengroep>
            </ow-dc:owObject>
        </sl:stand>
        <sl:stand>
            <ow-dc:owObject>
                <l:Gebiedengroep>
                    <l:identificatie>nl.imow-pv28.gebiedengroep.5255c9703b724e999853947db4edb926</l:identificatie>
                    <l:noemer>kantorengebied categorie 2</l:noemer>
                    <l:groepselement>
                        <l:GebiedRef xlink:href="nl.imow-pv28.gebied.57d9592580094bae965036b1a5d979ed"/>
                    </l:groepselement>
                </l:Gebiedengroep>
            </ow-dc:owObject>
        </sl:stand>
        <sl:stand>
            <ow-dc:owObject>
                <l:Gebiedengroep>
                    <l:identificatie>nl.imow-pv28.gebiedengroep.5565f80c237244c7b2473aa44a548c22</l:identificatie>
                    <l:noemer>regionale waterkering</l:noemer>
                    <l:groepselement>
                        <l:GebiedRef xlink:href="nl.imow-pv28.gebied.397e1956183d44f0a3b567859ec69de2"/>
                        <l:GebiedRef xlink:href="nl.imow-pv28.gebied.e5b6a7b484ef4a46bde4b3865fd5204d"/>
                        <l:GebiedRef xlink:href="nl.imow-pv28.gebied.af291b28a26646218049a7c5b290038a"/>
                        <l:GebiedRef xlink:href="nl.imow-pv28.gebied.dce17511e39e44658dd2f48a738157ee"/>
                        <l:GebiedRef xlink:href="nl.imow-pv28.gebied.16fe56aaf10c48dcbaba77c47094259a"/>
                        <l:GebiedRef xlink:href="nl.imow-pv28.gebied.0c549e97d00941e7a7215d550ad79f9f"/>
                        <l:GebiedRef xlink:href="nl.imow-pv28.gebied.f8026a1a15da4aa38e200f1312ece0f9"/>
                    </l:groepselement>
                </l:Gebiedengroep>
            </ow-dc:owObject>
        </sl:stand>
        <sl:stand>
            <ow-dc:owObject>
                <l:Gebiedengroep>
                    <l:identificatie>nl.imow-pv28.gebiedengroep.575ec7cd8e1b41d8b45b0263d13d96e3</l:identificatie>
                    <l:noemer>glastuinbouwgebied</l:noemer>
                    <l:groepselement>
                        <l:GebiedRef xlink:href="nl.imow-pv28.gebied.a6e25734a54745beb8603321045da2b1"/>
                        <l:GebiedRef xlink:href="nl.imow-pv28.gebied.e3365e63dda1400e8294e879183dd9aa"/>
                        <l:GebiedRef xlink:href="nl.imow-pv28.gebied.5fba96c6573c4feeac0cfb44c43dffc2"/>
                        <l:GebiedRef xlink:href="nl.imow-pv28.gebied.6db85312774c4d8188ba67fb2694a7d0"/>
                        <l:GebiedRef xlink:href="nl.imow-pv28.gebied.3d9c162b463b436fac4d01dc12edbc20"/>
                    </l:groepselement>
                </l:Gebiedengroep>
            </ow-dc:owObject>
        </sl:stand>
        <sl:stand>
            <ow-dc:owObject>
                <l:Gebiedengroep>
                    <l:identificatie>nl.imow-pv28.gebiedengroep.57d1d385d5564c4d82e3416b0413b0f7</l:identificatie>
                    <l:noemer>bosreservaat</l:noemer>
                    <l:groepselement>
                        <l:GebiedRef xlink:href="nl.imow-pv28.gebied.0e39879298404c6c85a427d5d697c775"/>
                    </l:groepselement>
                </l:Gebiedengroep>
            </ow-dc:owObject>
        </sl:stand>
        <sl:stand>
            <ow-dc:owObject>
                <l:Gebiedengroep>
                    <l:identificatie>nl.imow-pv28.gebiedengroep.591420ee64bd44abb0be242946e2f2ab</l:identificatie>
                    <l:noemer>Werelderfgoed Neder-Germaanse Limes, kernzone 1</l:noemer>
                    <l:groepselement>
                        <l:GebiedRef xlink:href="nl.imow-pv28.gebied.0e62c0e9cc3245e5b27e8fca80fcd634"/>
                    </l:groepselement>
                </l:Gebiedengroep>
            </ow-dc:owObject>
        </sl:stand>
        <sl:stand>
            <ow-dc:owObject>
                <l:Gebiedengroep>
                    <l:identificatie>nl.imow-pv28.gebiedengroep.5a03750abf334f7a83425b38ed6b7fe5</l:identificatie>
                    <l:noemer>bijzondere molenbiotoop</l:noemer>
                    <l:groepselement>
                        <l:GebiedRef xlink:href="nl.imow-pv28.gebied.0e27d39580274222b6b771def8e3cfdc"/>
                    </l:groepselement>
                </l:Gebiedengroep>
            </ow-dc:owObject>
        </sl:stand>
        <sl:stand>
            <ow-dc:owObject>
                <l:Gebiedengroep>
                    <l:identificatie>nl.imow-pv28.gebiedengroep.5c68488630ba42469c5cf42a794fb504</l:identificatie>
                    <l:noemer>lange afstand wandelpaden</l:noemer>
                    <l:groepselement>
                        <l:GebiedRef xlink:href="nl.imow-pv28.gebied.835122de14554b76861f2175c9b08507"/>
                    </l:groepselement>
                </l:Gebiedengroep>
            </ow-dc:owObject>
        </sl:stand>
        <sl:stand>
            <ow-dc:owObject>
                <l:Gebiedengroep>
                    <l:identificatie>nl.imow-pv28.gebiedengroep.5cd62163381d42a7b72df320049a57b3</l:identificatie>
                    <l:noemer>bedrijventerrein met locaties voor perifere detailhandelsvestigingen (PDV)</l:noemer>
                    <l:groepselement>
                        <l:GebiedRef xlink:href="nl.imow-pv28.gebied.ef05639dfcb0430f9e64a5da61febec1"/>
                    </l:groepselement>
                </l:Gebiedengroep>
            </ow-dc:owObject>
        </sl:stand>
        <sl:stand>
            <ow-dc:owObject>
                <l:Gebiedengroep>
                    <l:identificatie>nl.imow-pv28.gebiedengroep.5d7f2ac3a9e5422586d70a1264ab1bdc</l:identificatie>
                    <l:noemer>gebieden met beschermingscategorie 3, buitengebied</l:noemer>
                    <l:groepselement>
                        <l:GebiedRef xlink:href="nl.imow-pv28.gebied.ba1e54b17ebb41fdab256556f77d1e13"/>
                    </l:groepselement>
                </l:Gebiedengroep>
            </ow-dc:owObject>
        </sl:stand>
        <sl:stand>
            <ow-dc:owObject>
                <l:Gebiedengroep>
                    <l:identificatie>nl.imow-pv28.gebiedengroep.5f685cce1072496cabcb25dd2a46b1a3</l:identificatie>
                    <l:noemer>stiltegebieden</l:noemer>
                    <l:groepselement>
                        <l:GebiedRef xlink:href="nl.imow-pv28.gebied.9d044fa49dd545eeb6e271536d038fe5"/>
                    </l:groepselement>
                </l:Gebiedengroep>
            </ow-dc:owObject>
        </sl:stand>
        <sl:stand>
            <ow-dc:owObject>
                <l:Gebiedengroep>
                    <l:identificatie>nl.imow-pv28.gebiedengroep.622d11b9b7f348faa9cf7a1c7405ec67</l:identificatie>
                    <l:noemer>boom- en sierteeltgebied PCT-terrein</l:noemer>
                    <l:groepselement>
                        <l:GebiedRef xlink:href="nl.imow-pv28.gebied.bf70ecd334aa47338e5e804ff911bbae"/>
                    </l:groepselement>
                </l:Gebiedengroep>
            </ow-dc:owObject>
        </sl:stand>
        <sl:stand>
            <ow-dc:owObject>
                <l:Gebiedengroep>
                    <l:identificatie>nl.imow-pv28.gebiedengroep.624d9b8a97844426a0a9888fb97544a5</l:identificatie>
                    <l:noemer>glastuinbouwgebied Glasparel en Knibbelweg Oost</l:noemer>
                    <l:groepselement>
                        <l:GebiedRef xlink:href="nl.imow-pv28.gebied.5fba96c6573c4feeac0cfb44c43dffc2"/>
                    </l:groepselement>
                </l:Gebiedengroep>
            </ow-dc:owObject>
        </sl:stand>
        <sl:stand>
            <ow-dc:owObject>
                <l:Gebiedengroep>
                    <l:identificatie>nl.imow-pv28.gebiedengroep.663a577f689e47d781a1280100c9105f</l:identificatie>
                    <l:noemer>veiligheidszone Nieuwe Waterweg en Nieuwe Maas</l:noemer>
                    <l:groepselement>
                        <l:GebiedRef xlink:href="nl.imow-pv28.gebied.b8e52c9b34d54837a852fa0fe66062c8"/>
                    </l:groepselement>
                </l:Gebiedengroep>
            </ow-dc:owObject>
        </sl:stand>
        <sl:stand>
            <ow-dc:owObject>
                <l:Gebiedengroep>
                    <l:identificatie>nl.imow-pv28.gebiedengroep.6ba2c654b04e420399f672f10258fc23</l:identificatie>
                    <l:noemer>hoofdfietsnetwerk</l:noemer>
                    <l:groepselement>
                        <l:GebiedRef xlink:href="nl.imow-pv28.gebied.e634208175f44313ac6231be9b6f5634"/>
                        <l:GebiedRef xlink:href="nl.imow-pv28.gebied.f95b73a4fe0c4c5b9e121ee099141345"/>
                    </l:groepselement>
                </l:Gebiedengroep>
            </ow-dc:owObject>
        </sl:stand>
        <sl:stand>
            <ow-dc:owObject>
                <l:Gebiedengroep>
                    <l:identificatie>nl.imow-pv28.gebiedengroep.6e36f52825824b6d958e3c0172edea62</l:identificatie>
                    <l:noemer>gebieden met beschermingscategorie 2, recreatiegebied</l:noemer>
                    <l:groepselement>
                        <l:GebiedRef xlink:href="nl.imow-pv28.gebied.9e8f76511c6e457da4a6bb002b08ec1e"/>
                    </l:groepselement>
                </l:Gebiedengroep>
            </ow-dc:owObject>
        </sl:stand>
        <sl:stand>
            <ow-dc:owObject>
                <l:Gebiedengroep>
                    <l:identificatie>nl.imow-pv28.gebiedengroep.6e3aa2f223dc46d19e993512f3a02892</l:identificatie>
                    <l:noemer>waterwingebieden</l:noemer>
                    <l:groepselement>
                        <l:GebiedRef xlink:href="nl.imow-pv28.gebied.64763b16ea1b4ec1bd638581e823338d"/>
                    </l:groepselement>
                </l:Gebiedengroep>
            </ow-dc:owObject>
        </sl:stand>
        <sl:stand>
            <ow-dc:owObject>
                <l:Gebiedengroep>
                    <l:identificatie>nl.imow-pv28.gebiedengroep.6f1900082e4c4886a09494005fa0e02b</l:identificatie>
                    <l:noemer>beperkingengebied provinciale weg</l:noemer>
                    <l:groepselement>
                        <l:GebiedRef xlink:href="nl.imow-pv28.gebied.4e8b34eff14044aa9e55ce60549578a1"/>
                    </l:groepselement>
                </l:Gebiedengroep>
            </ow-dc:owObject>
        </sl:stand>
        <sl:stand>
            <ow-dc:owObject>
                <l:Gebiedengroep>
                    <l:identificatie>nl.imow-pv28.gebiedengroep.6f4e87f6f1f144b7ac77f8146e10c54f</l:identificatie>
                    <l:noemer>groen erfgoed, eendekooi</l:noemer>
                    <l:groepselement>
                        <l:GebiedRef xlink:href="nl.imow-pv28.gebied.83c7d90ad2e349d28675dedd8174be98"/>
                    </l:groepselement>
                </l:Gebiedengroep>
            </ow-dc:owObject>
        </sl:stand>
        <sl:stand>
            <ow-dc:owObject>
                <l:Gebiedengroep>
                    <l:identificatie>nl.imow-pv28.gebiedengroep.703187fed2b4471a9f90306e56be4295</l:identificatie>
                    <l:noemer>gebied voor aanvullende strategische voorraden</l:noemer>
                    <l:groepselement>
                        <l:GebiedRef xlink:href="nl.imow-pv28.gebied.5d7a19e78f16412284a94f3c290dac2b"/>
                    </l:groepselement>
                </l:Gebiedengroep>
            </ow-dc:owObject>
        </sl:stand>
        <sl:stand>
            <ow-dc:owObject>
                <l:Gebiedengroep>
                    <l:identificatie>nl.imow-pv28.gebiedengroep.75fa0933c24a45ca8cbe4b2b45bee88b</l:identificatie>
                    <l:noemer>risicogebied externe veiligheid Waalhaven</l:noemer>
                    <l:groepselement>
                        <l:GebiedRef xlink:href="nl.imow-pv28.gebied.0b18c4276a9b44ad9e3dba3dfffb8d6d"/>
                    </l:groepselement>
                </l:Gebiedengroep>
            </ow-dc:owObject>
        </sl:stand>
        <sl:stand>
            <ow-dc:owObject>
                <l:Gebiedengroep>
                    <l:identificatie>nl.imow-pv28.gebiedengroep.776e1d43bee94a46aea7b5aaa1d64b55</l:identificatie>
                    <l:noemer>landgoedbiotoop</l:noemer>
                    <l:groepselement>
                        <l:GebiedRef xlink:href="nl.imow-pv28.gebied.5115e7a97f5a48ee9b89190942415620"/>
                    </l:groepselement>
                </l:Gebiedengroep>
            </ow-dc:owObject>
        </sl:stand>
        <sl:stand>
            <ow-dc:owObject>
                <l:Gebiedengroep>
                    <l:identificatie>nl.imow-pv28.gebiedengroep.7b3a909ce16342319d027b000490b4c2</l:identificatie>
                    <l:noemer>risicogebied externe veiligheid Maasvlakte 1 en Maasvlakte 2</l:noemer>
                    <l:groepselement>
                        <l:GebiedRef xlink:href="nl.imow-pv28.gebied.0293dc150bf64835853f953970eb938b"/>
                    </l:groepselement>
                </l:Gebiedengroep>
            </ow-dc:owObject>
        </sl:stand>
        <sl:stand>
            <ow-dc:owObject>
                <l:Gebiedengroep>
                    <l:identificatie>nl.imow-pv28.gebiedengroep.7c5b5063d4a643629c23f3367bd28e2d</l:identificatie>
                    <l:noemer>maatwerkgebied glastuinbouw</l:noemer>
                    <l:groepselement>
                        <l:GebiedRef xlink:href="nl.imow-pv28.gebied.a44a22881f8048cd9eb6566c7a84de55"/>
                        <l:GebiedRef xlink:href="nl.imow-pv28.gebied.e360aa46642e4d35932db553dcce1281"/>
                        <l:GebiedRef xlink:href="nl.imow-pv28.gebied.00432ac04fd645f18065e8cbbe1c03cd"/>
                    </l:groepselement>
                </l:Gebiedengroep>
            </ow-dc:owObject>
        </sl:stand>
        <sl:stand>
            <ow-dc:owObject>
                <l:Gebiedengroep>
                    <l:identificatie>nl.imow-pv28.gebiedengroep.7ef0b82e37284b20981e24d2105df062</l:identificatie>
                    <l:noemer>cluster voor grote ruimtevragers</l:noemer>
                    <l:groepselement>
                        <l:GebiedRef xlink:href="nl.imow-pv28.gebied.8964e6e81c794dd9b6cb0dbd71ee1b58"/>
                    </l:groepselement>
                </l:Gebiedengroep>
            </ow-dc:owObject>
        </sl:stand>
        <sl:stand>
            <ow-dc:owObject>
                <l:Gebiedengroep>
                    <l:identificatie>nl.imow-pv28.gebiedengroep.804e986cf44d4686b65bda20e7433c2c</l:identificatie>
                    <l:noemer>risicogebied externe veiligheid Botlek – Vondelingenplaat</l:noemer>
                    <l:groepselement>
                        <l:GebiedRef xlink:href="nl.imow-pv28.gebied.e0e9fc65b400406ebe4ec6e10730c261"/>
                    </l:groepselement>
                </l:Gebiedengroep>
            </ow-dc:owObject>
        </sl:stand>
        <sl:stand>
            <ow-dc:owObject>
                <l:Gebiedengroep>
                    <l:identificatie>nl.imow-pv28.gebiedengroep.8075f81f7edf45999a96d28d2679e791</l:identificatie>
                    <l:noemer>provinciale vaarwegen</l:noemer>
                    <l:groepselement>
                        <l:GebiedRef xlink:href="nl.imow-pv28.gebied.dfd732217f67497a974e880c9a00c6a5"/>
                        <l:GebiedRef xlink:href="nl.imow-pv28.gebied.83b15859ed0a4d198fd1fe6ec21ad5ec"/>
                        <l:GebiedRef xlink:href="nl.imow-pv28.gebied.eefd9d74780e42c69c12cac8006568af"/>
                        <l:GebiedRef xlink:href="nl.imow-pv28.gebied.71d1fe7d5d3041c8ad1a966a7fa34be5"/>
                    </l:groepselement>
                </l:Gebiedengroep>
            </ow-dc:owObject>
        </sl:stand>
        <sl:stand>
            <ow-dc:owObject>
                <l:Gebiedengroep>
                    <l:identificatie>nl.imow-pv28.gebiedengroep.8341a5eeaed246c9bcf12c320c301083</l:identificatie>
                    <l:noemer>provinciale vaarwegen, overige delen</l:noemer>
                    <l:groepselement>
                        <l:GebiedRef xlink:href="nl.imow-pv28.gebied.eefd9d74780e42c69c12cac8006568af"/>
                    </l:groepselement>
                </l:Gebiedengroep>
            </ow-dc:owObject>
        </sl:stand>
        <sl:stand>
            <ow-dc:owObject>
                <l:Gebiedengroep>
                    <l:identificatie>nl.imow-pv28.gebiedengroep.83d83c7150d34da99d1f29bee0ff247a</l:identificatie>
                    <l:noemer>Hoogheemraadschap van Schieland en de Krimpenerwaard</l:noemer>
                    <l:groepselement>
                        <l:GebiedRef xlink:href="nl.imow-pv28.gebied.d7f5c8cfb0ed4f9792a508f492020d9d"/>
                    </l:groepselement>
                </l:Gebiedengroep>
            </ow-dc:owObject>
        </sl:stand>
        <sl:stand>
            <ow-dc:owObject>
                <l:Gebiedengroep>
                    <l:identificatie>nl.imow-pv28.gebiedengroep.85b1424c035040cb9f4835de69079f5c</l:identificatie>
                    <l:noemer>boom- en sierteeltgebied – maatwerk</l:noemer>
                    <l:groepselement>
                        <l:GebiedRef xlink:href="nl.imow-pv28.gebied.51d61cfa50c640b78275dc577041945e"/>
                    </l:groepselement>
                </l:Gebiedengroep>
            </ow-dc:owObject>
        </sl:stand>
        <sl:stand>
            <ow-dc:owObject>
                <l:Gebiedengroep>
                    <l:identificatie>nl.imow-pv28.gebiedengroep.8686401760cc4f2b9c42819d3f96b88c</l:identificatie>
                    <l:noemer>grote buitenstedelijke bouwlocatie - bedrijventerrein zachte capaciteit</l:noemer>
                    <l:groepselement>
                        <l:GebiedRef xlink:href="nl.imow-pv28.gebied.f6baa87916c64df8a87bb6814449e42d"/>
                    </l:groepselement>
                </l:Gebiedengroep>
            </ow-dc:owObject>
        </sl:stand>
        <sl:stand>
            <ow-dc:owObject>
                <l:Gebiedengroep>
                    <l:identificatie>nl.imow-pv28.gebiedengroep.877d9a144b934c3d8174def216be9d5f</l:identificatie>
                    <l:noemer>Werelderfgoed Neder-Germaanse Limes</l:noemer>
                    <l:groepselement>
                        <l:GebiedRef xlink:href="nl.imow-pv28.gebied.09e902c433a9443bac2c47e5d5feb2e1"/>
                        <l:GebiedRef xlink:href="nl.imow-pv28.gebied.0e62c0e9cc3245e5b27e8fca80fcd634"/>
                        <l:GebiedRef xlink:href="nl.imow-pv28.gebied.3b804dad26e84ea7a3ed038536f7d851"/>
                    </l:groepselement>
                </l:Gebiedengroep>
            </ow-dc:owObject>
        </sl:stand>
        <sl:stand>
            <ow-dc:owObject>
                <l:Gebiedengroep>
                    <l:identificatie>nl.imow-pv28.gebiedengroep.87990b42605e48a99ad31877e54826c9</l:identificatie>
                    <l:noemer>bollenteeltgebied</l:noemer>
                    <l:groepselement>
                        <l:GebiedRef xlink:href="nl.imow-pv28.gebied.a2a21744238c4520959d5b367e7360e4"/>
                    </l:groepselement>
                </l:Gebiedengroep>
            </ow-dc:owObject>
        </sl:stand>
        <sl:stand>
            <ow-dc:owObject>
                <l:Gebiedengroep>
                    <l:identificatie>nl.imow-pv28.gebiedengroep.8957e7362f854b869516224224bf9792</l:identificatie>
                    <l:noemer>regionale waterkering klasse I (gemiddelde overschrijdingskans 1/10 jaar)</l:noemer>
                    <l:groepselement>
                        <l:GebiedRef xlink:href="nl.imow-pv28.gebied.f8026a1a15da4aa38e200f1312ece0f9"/>
                    </l:groepselement>
                </l:Gebiedengroep>
            </ow-dc:owObject>
        </sl:stand>
        <sl:stand>
            <ow-dc:owObject>
                <l:Gebiedengroep>
                    <l:identificatie>nl.imow-pv28.gebiedengroep.8bc449ff7d8c441d90baa1fe2a52a6c2</l:identificatie>
                    <l:noemer>gebied binnen voormalige bebouwingscontour 2003 binnen LiB-5 contour Schiphol</l:noemer>
                    <l:groepselement>
                        <l:GebiedRef xlink:href="nl.imow-pv28.gebied.98e2d89c6d70448d8aac4dfbf5cad5e2"/>
                    </l:groepselement>
                </l:Gebiedengroep>
            </ow-dc:owObject>
        </sl:stand>
        <sl:stand>
            <ow-dc:owObject>
                <l:Gebiedengroep>
                    <l:identificatie>nl.imow-pv28.gebiedengroep.8dbe6246e08d496f9e42221e870ea961</l:identificatie>
                    <l:noemer>beperkingengebied provinciale vaarweg</l:noemer>
                    <l:groepselement>
                        <l:GebiedRef xlink:href="nl.imow-pv28.gebied.21b3fc0e4ea1436683032682e4aaaab3"/>
                    </l:groepselement>
                </l:Gebiedengroep>
            </ow-dc:owObject>
        </sl:stand>
        <sl:stand>
            <ow-dc:owObject>
                <l:Gebiedengroep>
                    <l:identificatie>nl.imow-pv28.gebiedengroep.8e0d1c8042224107b467e4f548dbcc62</l:identificatie>
                    <l:noemer>regionale waterkering klasse IV (gemiddelde overschrijdingskans 1/300 jaar)</l:noemer>
                    <l:groepselement>
                        <l:GebiedRef xlink:href="nl.imow-pv28.gebied.af291b28a26646218049a7c5b290038a"/>
                    </l:groepselement>
                </l:Gebiedengroep>
            </ow-dc:owObject>
        </sl:stand>
        <sl:stand>
            <ow-dc:owObject>
                <l:Gebiedengroep>
                    <l:identificatie>nl.imow-pv28.gebiedengroep.8e2b4542533a48eb8ca043b9be754d65</l:identificatie>
                    <l:noemer>natuurnetwerk Nederland: waternatuur</l:noemer>
                    <l:groepselement>
                        <l:GebiedRef xlink:href="nl.imow-pv28.gebied.e5e713c0baf646c1ad8ed36865093b1a"/>
                    </l:groepselement>
                </l:Gebiedengroep>
            </ow-dc:owObject>
        </sl:stand>
        <sl:stand>
            <ow-dc:owObject>
                <l:Gebiedengroep>
                    <l:identificatie>nl.imow-pv28.gebiedengroep.90ae8e85e6684cc3b5817401ec7469bc</l:identificatie>
                    <l:noemer>vitale infrastructuur openbare drinkwatervoorziening</l:noemer>
                    <l:groepselement>
                        <l:GebiedRef xlink:href="nl.imow-pv28.gebied.3114f9bdb5934f3b8c6f3d795561ac0f"/>
                    </l:groepselement>
                </l:Gebiedengroep>
            </ow-dc:owObject>
        </sl:stand>
        <sl:stand>
            <ow-dc:owObject>
                <l:Gebiedengroep>
                    <l:identificatie>nl.imow-pv28.gebiedengroep.916ba3f58f9345f38a0cc8e0b96fa942</l:identificatie>
                    <l:noemer>kantorengebied categorie 3</l:noemer>
                    <l:groepselement>
                        <l:GebiedRef xlink:href="nl.imow-pv28.gebied.f8d5accaa7cc4ae7a515dc2fd5221345"/>
                    </l:groepselement>
                </l:Gebiedengroep>
            </ow-dc:owObject>
        </sl:stand>
        <sl:stand>
            <ow-dc:owObject>
                <l:Gebiedengroep>
                    <l:identificatie>nl.imow-pv28.gebiedengroep.9196ccbe9bfc41d48b13b785241fc8bc</l:identificatie>
                    <l:noemer>groen erfgoed, landschap met oude boskernen, houtwallen en heggen</l:noemer>
                    <l:groepselement>
                        <l:GebiedRef xlink:href="nl.imow-pv28.gebied.7b451d5fd3304e0397c9ccc99a2a3e4f"/>
                    </l:groepselement>
                </l:Gebiedengroep>
            </ow-dc:owObject>
        </sl:stand>
        <sl:stand>
            <ow-dc:owObject>
                <l:Gebiedengroep>
                    <l:identificatie>nl.imow-pv28.gebiedengroep.937c2bbea56942798ff2adad93a16c3a</l:identificatie>
                    <l:noemer>beperkingengebieden gesloten stortplaatsen</l:noemer>
                    <l:groepselement>
                        <l:GebiedRef xlink:href="nl.imow-pv28.gebied.0c3aa8146f694408b76322e1638141c3"/>
                    </l:groepselement>
                </l:Gebiedengroep>
            </ow-dc:owObject>
        </sl:stand>
        <sl:stand>
            <ow-dc:owObject>
                <l:Gebiedengroep>
                    <l:identificatie>nl.imow-pv28.gebiedengroep.9532570d92934e9b8335ff39e2b54fda</l:identificatie>
                    <l:noemer>Bijzonder provinciaal landschap Midden-Delfland</l:noemer>
                    <l:groepselement>
                        <l:GebiedRef xlink:href="nl.imow-pv28.gebied.9e421b515d2942039940ace7bae6038d"/>
                    </l:groepselement>
                </l:Gebiedengroep>
            </ow-dc:owObject>
        </sl:stand>
        <sl:stand>
            <ow-dc:owObject>
                <l:Gebiedengroep>
                    <l:identificatie>nl.imow-pv28.gebiedengroep.95fbcae115f3423783c45fbc83ae8901</l:identificatie>
                    <l:noemer>kantorengebied categorie 1</l:noemer>
                    <l:groepselement>
                        <l:GebiedRef xlink:href="nl.imow-pv28.gebied.1818fad5c946492aada45a46b8d9d5ef"/>
                    </l:groepselement>
                </l:Gebiedengroep>
            </ow-dc:owObject>
        </sl:stand>
        <sl:stand>
            <ow-dc:owObject>
                <l:Gebiedengroep>
                    <l:identificatie>nl.imow-pv28.gebiedengroep.992ef07a3d154d398666ce9595d262c6</l:identificatie>
                    <l:noemer>regionale waterkering klasse V (gemiddelde overschrijdingskans 1/1000 jaar)</l:noemer>
                    <l:groepselement>
                        <l:GebiedRef xlink:href="nl.imow-pv28.gebied.16fe56aaf10c48dcbaba77c47094259a"/>
                    </l:groepselement>
                </l:Gebiedengroep>
            </ow-dc:owObject>
        </sl:stand>
        <sl:stand>
            <ow-dc:owObject>
                <l:Gebiedengroep>
                    <l:identificatie>nl.imow-pv28.gebiedengroep.9f377b5a9d7742ba9146cefc0d74e6ac</l:identificatie>
                    <l:noemer>niet-basisnet transportroutes in verband met groepsrisico</l:noemer>
                    <l:groepselement>
                        <l:GebiedRef xlink:href="nl.imow-pv28.gebied.25bbb21561824907ba3b2f4378503cac"/>
                    </l:groepselement>
                </l:Gebiedengroep>
            </ow-dc:owObject>
        </sl:stand>
        <sl:stand>
            <ow-dc:owObject>
                <l:Gebiedengroep>
                    <l:identificatie>nl.imow-pv28.gebiedengroep.a0f036b15f4e425a9aff46764ea9798f</l:identificatie>
                    <l:noemer>provinciale vaarwegen, veiligheidsstrook</l:noemer>
                    <l:groepselement>
                        <l:GebiedRef xlink:href="nl.imow-pv28.gebied.83b15859ed0a4d198fd1fe6ec21ad5ec"/>
                    </l:groepselement>
                </l:Gebiedengroep>
            </ow-dc:owObject>
        </sl:stand>
        <sl:stand>
            <ow-dc:owObject>
                <l:Gebiedengroep>
                    <l:identificatie>nl.imow-pv28.gebiedengroep.a5c996fd37c849508470866f5582213a</l:identificatie>
                    <l:noemer>regionale wateren</l:noemer>
                    <l:groepselement>
                        <l:GebiedRef xlink:href="nl.imow-pv28.gebied.a10fcecbf7bc448d83fc2a09cba5c8f3"/>
                        <l:GebiedRef xlink:href="nl.imow-pv28.gebied.5a67b660c76c44f3bc58862ae2ea0efa"/>
                        <l:GebiedRef xlink:href="nl.imow-pv28.gebied.e4a35e7a505a4b7ca52f03648fdf85c9"/>
                        <l:GebiedRef xlink:href="nl.imow-pv28.gebied.d7f5c8cfb0ed4f9792a508f492020d9d"/>
                        <l:GebiedRef xlink:href="nl.imow-pv28.gebied.d1b682cf30b244d6a0d7e884796839d5"/>
                        <l:GebiedRef xlink:href="nl.imow-pv28.gebied.296bf3a596cf44e295597a21ad0b8b2b"/>
                        <l:GebiedRef xlink:href="nl.imow-pv28.gebied.3ce8c60a772a456f827b27a510d7d758"/>
                    </l:groepselement>
                </l:Gebiedengroep>
            </ow-dc:owObject>
        </sl:stand>
        <sl:stand>
            <ow-dc:owObject>
                <l:Gebiedengroep>
                    <l:identificatie>nl.imow-pv28.gebiedengroep.aa7f69ee93be4a72b94954c64c3f18be</l:identificatie>
                    <l:noemer>boringsvrije zones</l:noemer>
                    <l:groepselement>
                        <l:GebiedRef xlink:href="nl.imow-pv28.gebied.9fa3c376abcd41f293e927f4165c5132"/>
                    </l:groepselement>
                </l:Gebiedengroep>
            </ow-dc:owObject>
        </sl:stand>
        <sl:stand>
            <ow-dc:owObject>
                <l:Gebiedengroep>
                    <l:identificatie>nl.imow-pv28.gebiedengroep.ab668bca85b34fef8d34180572afbb87</l:identificatie>
                    <l:noemer>natuurnetwerk Nederland: prioritaire nieuwe natuur</l:noemer>
                    <l:groepselement>
                        <l:GebiedRef xlink:href="nl.imow-pv28.gebied.7a6ae2a4092d46c391833d7f37d8128d"/>
                    </l:groepselement>
                </l:Gebiedengroep>
            </ow-dc:owObject>
        </sl:stand>
        <sl:stand>
            <ow-dc:owObject>
                <l:Gebiedengroep>
                    <l:identificatie>nl.imow-pv28.gebiedengroep.b0b79bb1f1e44999ba1a4a235d35a220</l:identificatie>
                    <l:noemer>Waterschap Rivierenland</l:noemer>
                    <l:groepselement>
                        <l:GebiedRef xlink:href="nl.imow-pv28.gebied.3ce8c60a772a456f827b27a510d7d758"/>
                    </l:groepselement>
                </l:Gebiedengroep>
            </ow-dc:owObject>
        </sl:stand>
        <sl:stand>
            <ow-dc:owObject>
                <l:Gebiedengroep>
                    <l:identificatie>nl.imow-pv28.gebiedengroep.b6689cc041684c5da343ffc97070376f</l:identificatie>
                    <l:noemer>Hoogheemraadschap van Delfland</l:noemer>
                    <l:groepselement>
                        <l:GebiedRef xlink:href="nl.imow-pv28.gebied.5a67b660c76c44f3bc58862ae2ea0efa"/>
                    </l:groepselement>
                </l:Gebiedengroep>
            </ow-dc:owObject>
        </sl:stand>
        <sl:stand>
            <ow-dc:owObject>
                <l:Gebiedengroep>
                    <l:identificatie>nl.imow-pv28.gebiedengroep.bba51709bac5464bb72f41cb649ba43c</l:identificatie>
                    <l:noemer>gebieden met beschermingscategorie 3</l:noemer>
                    <l:groepselement>
                        <l:GebiedRef xlink:href="nl.imow-pv28.gebied.ba1e54b17ebb41fdab256556f77d1e13"/>
                    </l:groepselement>
                </l:Gebiedengroep>
            </ow-dc:owObject>
        </sl:stand>
        <sl:stand>
            <ow-dc:owObject>
                <l:Gebiedengroep>
                    <l:identificatie>nl.imow-pv28.gebiedengroep.bcd0eac6c4ce469abe1da8a0e64fc644</l:identificatie>
                    <l:noemer>regionale waterkering handhaven (theoretisch) profiel legger</l:noemer>
                    <l:groepselement>
                        <l:GebiedRef xlink:href="nl.imow-pv28.gebied.397e1956183d44f0a3b567859ec69de2"/>
                    </l:groepselement>
                </l:Gebiedengroep>
            </ow-dc:owObject>
        </sl:stand>
        <sl:stand>
            <ow-dc:owObject>
                <l:Gebiedengroep>
                    <l:identificatie>nl.imow-pv28.gebiedengroep.be651970732942cd8573ea998e3ca933</l:identificatie>
                    <l:noemer>Werelderfgoed Hollandse Waterlinies</l:noemer>
                    <l:groepselement>
                        <l:GebiedRef xlink:href="nl.imow-pv28.gebied.8aab252b035d4d4fae6bc7f48f1b9556"/>
                    </l:groepselement>
                </l:Gebiedengroep>
            </ow-dc:owObject>
        </sl:stand>
        <sl:stand>
            <ow-dc:owObject>
                <l:Gebiedengroep>
                    <l:identificatie>nl.imow-pv28.gebiedengroep.c25d75d7607248658d767150d4868a12</l:identificatie>
                    <l:noemer>grote buitenstedelijke bouwlocatie - woningbouwlocatie</l:noemer>
                    <l:groepselement>
                        <l:GebiedRef xlink:href="nl.imow-pv28.gebied.7e3e2c98c4e544b3a4bacb54752e1724"/>
                    </l:groepselement>
                </l:Gebiedengroep>
            </ow-dc:owObject>
        </sl:stand>
        <sl:stand>
            <ow-dc:owObject>
                <l:Gebiedengroep>
                    <l:identificatie>nl.imow-pv28.gebiedengroep.c374ebfbc42d46aa9812a06e14b59fb8</l:identificatie>
                    <l:noemer>Hoogheemraadschap van Rijnland</l:noemer>
                    <l:groepselement>
                        <l:GebiedRef xlink:href="nl.imow-pv28.gebied.e4a35e7a505a4b7ca52f03648fdf85c9"/>
                    </l:groepselement>
                </l:Gebiedengroep>
            </ow-dc:owObject>
        </sl:stand>
        <sl:stand>
            <ow-dc:owObject>
                <l:Gebiedengroep>
                    <l:identificatie>nl.imow-pv28.gebiedengroep.c3f4712e6ff34b249e9a68959f81fc4a</l:identificatie>
                    <l:noemer>stationsomgeving</l:noemer>
                    <l:groepselement>
                        <l:GebiedRef xlink:href="nl.imow-pv28.gebied.4d5b9ce5c03b411986e240963db5f035"/>
                    </l:groepselement>
                </l:Gebiedengroep>
            </ow-dc:owObject>
        </sl:stand>
        <sl:stand>
            <ow-dc:owObject>
                <l:Gebiedengroep>
                    <l:identificatie>nl.imow-pv28.gebiedengroep.c4afb1abd9a24b85aa6a0f916492d0d8</l:identificatie>
                    <l:noemer>grondwaterbeschermingsgebieden</l:noemer>
                    <l:groepselement>
                        <l:GebiedRef xlink:href="nl.imow-pv28.gebied.23525dee8876419cb34cb6f2a76ac2d1"/>
                        <l:GebiedRef xlink:href="nl.imow-pv28.gebied.64763b16ea1b4ec1bd638581e823338d"/>
                        <l:GebiedRef xlink:href="nl.imow-pv28.gebied.9fa3c376abcd41f293e927f4165c5132"/>
                        <l:GebiedRef xlink:href="nl.imow-pv28.gebied.5d7a19e78f16412284a94f3c290dac2b"/>
                    </l:groepselement>
                </l:Gebiedengroep>
            </ow-dc:owObject>
        </sl:stand>
        <sl:stand>
            <ow-dc:owObject>
                <l:Gebiedengroep>
                    <l:identificatie>nl.imow-pv28.gebiedengroep.ce84ec86da9f4b2c953af4596aa69296</l:identificatie>
                    <l:noemer>watergebonden bedrijventerrein</l:noemer>
                    <l:groepselement>
                        <l:GebiedRef xlink:href="nl.imow-pv28.gebied.7d7413590b7d44ee9f12e6907bbe50ab"/>
                    </l:groepselement>
                </l:Gebiedengroep>
            </ow-dc:owObject>
        </sl:stand>
        <sl:stand>
            <ow-dc:owObject>
                <l:Gebiedengroep>
                    <l:identificatie>nl.imow-pv28.gebiedengroep.cf086f99989647ed862cf97d2ab63fce</l:identificatie>
                    <l:noemer>regionale waterkering klasse II (gemiddelde overschrijdingskans 1/30 jaar)</l:noemer>
                    <l:groepselement>
                        <l:GebiedRef xlink:href="nl.imow-pv28.gebied.e5b6a7b484ef4a46bde4b3865fd5204d"/>
                    </l:groepselement>
                </l:Gebiedengroep>
            </ow-dc:owObject>
        </sl:stand>
        <sl:stand>
            <ow-dc:owObject>
                <l:Gebiedengroep>
                    <l:identificatie>nl.imow-pv28.gebiedengroep.d6ab91991dea4a40850baca476797afd</l:identificatie>
                    <l:noemer>gebied met een hoge of zeer hoge bekende archeologische waarde</l:noemer>
                    <l:groepselement>
                        <l:GebiedRef xlink:href="nl.imow-pv28.gebied.c276b5eec6f74b03b7e0f65afcfb8db4"/>
                    </l:groepselement>
                </l:Gebiedengroep>
            </ow-dc:owObject>
        </sl:stand>
        <sl:stand>
            <ow-dc:owObject>
                <l:Gebiedengroep>
                    <l:identificatie>nl.imow-pv28.gebiedengroep.d6fa60616e93497693fca56d8c2dbaf7</l:identificatie>
                    <l:noemer>bedrijventerrein</l:noemer>
                    <l:groepselement>
                        <l:GebiedRef xlink:href="nl.imow-pv28.gebied.762109bae3f94f6ca60bd80d5594ab5d"/>
                    </l:groepselement>
                </l:Gebiedengroep>
            </ow-dc:owObject>
        </sl:stand>
        <sl:stand>
            <ow-dc:owObject>
                <l:Gebiedengroep>
                    <l:identificatie>nl.imow-pv28.gebiedengroep.dc11276e8fb241d7b0ae3cb9f420ff6a</l:identificatie>
                    <l:noemer>gebieden met beschermingscategorie 2</l:noemer>
                    <l:groepselement>
                        <l:GebiedRef xlink:href="nl.imow-pv28.gebied.9e8f76511c6e457da4a6bb002b08ec1e"/>
                        <l:GebiedRef xlink:href="nl.imow-pv28.gebied.ac0f589efc464f8893ddb35c230309e3"/>
                        <l:GebiedRef xlink:href="nl.imow-pv28.gebied.6b2ded7644854d89be287e78e83dbb03"/>
                    </l:groepselement>
                </l:Gebiedengroep>
            </ow-dc:owObject>
        </sl:stand>
        <sl:stand>
            <ow-dc:owObject>
                <l:Gebiedengroep>
                    <l:identificatie>nl.imow-pv28.gebiedengroep.dc65090e16dd49c1a73ea7cb3f3cd6d0</l:identificatie>
                    <l:noemer>gebieden met beschermingscategorie 1, kroonjuweel cultureel erfgoed</l:noemer>
                    <l:groepselement>
                        <l:GebiedRef xlink:href="nl.imow-pv28.gebied.323c09fa72184354a53352db35f18523"/>
                    </l:groepselement>
                </l:Gebiedengroep>
            </ow-dc:owObject>
        </sl:stand>
        <sl:stand>
            <ow-dc:owObject>
                <l:Gebiedengroep>
                    <l:identificatie>nl.imow-pv28.gebiedengroep.df962b99d9564700901ed70f9d78d22b</l:identificatie>
                    <l:noemer>gebieden met beschermingscategorie 2, groene buffer</l:noemer>
                    <l:groepselement>
                        <l:GebiedRef xlink:href="nl.imow-pv28.gebied.ac0f589efc464f8893ddb35c230309e3"/>
                    </l:groepselement>
                </l:Gebiedengroep>
            </ow-dc:owObject>
        </sl:stand>
        <sl:stand>
            <ow-dc:owObject>
                <l:Gebiedengroep>
                    <l:identificatie>nl.imow-pv28.gebiedengroep.dfe1331ea38c4d9f88bb99ac7f76512c</l:identificatie>
                    <l:noemer>provinciale vaarwegen, vaarstrook</l:noemer>
                    <l:groepselement>
                        <l:GebiedRef xlink:href="nl.imow-pv28.gebied.dfd732217f67497a974e880c9a00c6a5"/>
                    </l:groepselement>
                </l:Gebiedengroep>
            </ow-dc:owObject>
        </sl:stand>
        <sl:stand>
            <ow-dc:owObject>
                <l:Gebiedengroep>
                    <l:identificatie>nl.imow-pv28.gebiedengroep.e8fdbbd595e34a41a849ec0a653ae353</l:identificatie>
                    <l:noemer>natuurnetwerk Nederland</l:noemer>
                    <l:groepselement>
                        <l:GebiedRef xlink:href="nl.imow-pv28.gebied.7a6ae2a4092d46c391833d7f37d8128d"/>
                        <l:GebiedRef xlink:href="nl.imow-pv28.gebied.e5e713c0baf646c1ad8ed36865093b1a"/>
                        <l:GebiedRef xlink:href="nl.imow-pv28.gebied.84132eba9caa4570bef852c6deab6f7b"/>
                        <l:GebiedRef xlink:href="nl.imow-pv28.gebied.fb199b72723d4014b0fda42c458c5cd8"/>
                        <l:GebiedRef xlink:href="nl.imow-pv28.gebied.25c87173844d4e14abc60c235b53d981"/>
                        <l:GebiedRef xlink:href="nl.imow-pv28.gebied.7b5e7ca95deb47578b749e9ac7472986"/>
                        <l:GebiedRef xlink:href="nl.imow-pv28.gebied.1f5a62a4983d4598820c28839aa1d264"/>
                    </l:groepselement>
                </l:Gebiedengroep>
            </ow-dc:owObject>
        </sl:stand>
        <sl:stand>
            <ow-dc:owObject>
                <l:Gebiedengroep>
                    <l:identificatie>nl.imow-pv28.gebiedengroep.ea57c0c1365249b69db0415554efa0dc</l:identificatie>
                    <l:noemer>Waterschap Hollandse Delta</l:noemer>
                    <l:groepselement>
                        <l:GebiedRef xlink:href="nl.imow-pv28.gebied.296bf3a596cf44e295597a21ad0b8b2b"/>
                    </l:groepselement>
                </l:Gebiedengroep>
            </ow-dc:owObject>
        </sl:stand>
        <sl:stand>
            <ow-dc:owObject>
                <l:Gebiedengroep>
                    <l:identificatie>nl.imow-pv28.gebiedengroep.ed9336df71d44faba42d6e1d55dac27d</l:identificatie>
                    <l:noemer>groen erfgoed, kansrijk gebied groen erfgoed</l:noemer>
                    <l:groepselement>
                        <l:GebiedRef xlink:href="nl.imow-pv28.gebied.e6d5142627b443888f4e04527fc099a1"/>
                    </l:groepselement>
                </l:Gebiedengroep>
            </ow-dc:owObject>
        </sl:stand>
        <sl:stand>
            <ow-dc:owObject>
                <l:Gebiedengroep>
                    <l:identificatie>nl.imow-pv28.gebiedengroep.efcab119e88640be906e2986762bb68c</l:identificatie>
                    <l:noemer>gebied binnen LiB-5 contour Schiphol</l:noemer>
                    <l:groepselement>
                        <l:GebiedRef xlink:href="nl.imow-pv28.gebied.ab2b706e9a404baca282a899dc9fa95c"/>
                    </l:groepselement>
                </l:Gebiedengroep>
            </ow-dc:owObject>
        </sl:stand>
        <sl:stand>
            <ow-dc:owObject>
                <l:Gebiedengroep>
                    <l:identificatie>nl.imow-pv28.gebiedengroep.f150616f95934c9ba5d6fb59b47c3d4c</l:identificatie>
                    <l:noemer>natuurnetwerk Nederland: ecologische verbinding</l:noemer>
                    <l:groepselement>
                        <l:GebiedRef xlink:href="nl.imow-pv28.gebied.7b5e7ca95deb47578b749e9ac7472986"/>
                    </l:groepselement>
                </l:Gebiedengroep>
            </ow-dc:owObject>
        </sl:stand>
        <sl:stand>
            <ow-dc:owObject>
                <l:Gebiedengroep>
                    <l:identificatie>nl.imow-pv28.gebiedengroep.f1b34748b348461e8a359f26bfaad557</l:identificatie>
                    <l:noemer>locatie voor windenergie</l:noemer>
                    <l:groepselement>
                        <l:GebiedRef xlink:href="nl.imow-pv28.gebied.6fba1b83529743b1bcd3eabea54a2ace"/>
                    </l:groepselement>
                </l:Gebiedengroep>
            </ow-dc:owObject>
        </sl:stand>
        <sl:stand>
            <ow-dc:owObject>
                <l:Gebiedengroep>
                    <l:identificatie>nl.imow-pv28.gebiedengroep.fa813083b69d4d1197397d1f92b0d657</l:identificatie>
                    <l:noemer>regionale waterkering klasse IVa (gemiddelde overschrijdingskans 1/500 jaar)</l:noemer>
                    <l:groepselement>
                        <l:GebiedRef xlink:href="nl.imow-pv28.gebied.dce17511e39e44658dd2f48a738157ee"/>
                    </l:groepselement>
                </l:Gebiedengroep>
            </ow-dc:owObject>
        </sl:stand>
        <sl:stand>
            <ow-dc:owObject>
                <l:Gebiedengroep>
                    <l:identificatie>nl.imow-pv28.gebiedengroep.fb80ee182ba040ecad072dc78413275a</l:identificatie>
                    <l:noemer>boom- en sierteeltgebied</l:noemer>
                    <l:groepselement>
                        <l:GebiedRef xlink:href="nl.imow-pv28.gebied.92b1022ca447440a8baf54eea28d104c"/>
                    </l:groepselement>
                </l:Gebiedengroep>
            </ow-dc:owObject>
        </sl:stand>
        <sl:stand>
            <ow-dc:owObject>
                <l:Gebiedengroep>
                    <l:identificatie>nl.imow-pv28.gebiedengroep.fe5c871ecaa6483c9e1124f51ea2884a</l:identificatie>
                    <l:noemer>gebied met afwijkend maaiveld criterium 12,5 procent</l:noemer>
                    <l:groepselement>
                        <l:GebiedRef xlink:href="nl.imow-pv28.gebied.1b14b0f06533435199e2bf3b692ea284"/>
                    </l:groepselement>
                </l:Gebiedengroep>
            </ow-dc:owObject>
        </sl:stand>
        <sl:stand>
            <ow-dc:owObject>
                <l:Gebiedengroep>
                    <l:identificatie>nl.imow-pv28.gebiedengroep.fe9014b1eb534e029530785ebacb4617</l:identificatie>
                    <l:noemer>regionale waterkering klasse III (gemiddelde overschrijdingskans 1/100 jaar)</l:noemer>
                    <l:groepselement>
                        <l:GebiedRef xlink:href="nl.imow-pv28.gebied.0c549e97d00941e7a7215d550ad79f9f"/>
                    </l:groepselement>
                </l:Gebiedengroep>
            </ow-dc:owObject>
        </sl:stand>
        <sl:stand>
            <ow-dc:owObject>
                <l:Gebiedengroep>
                    <l:identificatie>nl.imow-pv28.gebiedengroep.ff59aa3a8fdc4f818a3cd45587ab63ce</l:identificatie>
                    <l:noemer>gebied met grondwaterbeheer Rotterdam</l:noemer>
                    <l:groepselement>
                        <l:GebiedRef xlink:href="nl.imow-pv28.gebied.80ec37c91ffc4623807c435054fcbf10"/>
                    </l:groepselement>
                </l:Gebiedengroep>
            </ow-dc:owObject>
        </sl:stand>
        <sl:stand>
            <ow-dc:owObject>
                <l:Gebiedengroep>
                    <l:identificatie>nl.imow-pv28.gebiedengroep.ff66fc5fcef94458b196c1fe493f6e95</l:identificatie>
                    <l:noemer>molenbiotoop</l:noemer>
                    <l:groepselement>
                        <l:GebiedRef xlink:href="nl.imow-pv28.gebied.47a0f0c4746247038236f33cb801b5ed"/>
                        <l:GebiedRef xlink:href="nl.imow-pv28.gebied.8eaf11e74b8d4e378141fdf35c560997"/>
                    </l:groepselement>
                </l:Gebiedengroep>
            </ow-dc:owObject>
        </sl:stand>
    </sl:standBestand>
</ow-dc:owBestand>
