<?xml version="1.0" encoding="UTF-8" standalone="yes"?>
<ow-dc:owBestand xmlns:rol="http://www.geostandaarden.nl/imow/regelsoplocatie" xmlns:schemaLocation="http://www.geostandaarden.nl/imow/bestanden/deelbestand https://register.geostandaarden.nl/xmlschema/tpod/v2.0.0/bestanden-ow/deelbestand-ow/IMOW_Deelbestand.xsd" xmlns:rg="http://www.geostandaarden.nl/imow/regelingsgebied" xmlns:da="http://www.geostandaarden.nl/imow/datatypenalgemeen" xmlns:l="http://www.geostandaarden.nl/imow/locatie" xmlns:sym="http://www.geostandaarden.nl/imow/symbolisatie" xmlns:xsi="http://www.w3.org/2001/XMLSchema-instance" xmlns:kaart="http://www.geostandaarden.nl/imow/kaart" xmlns="http://www.geostandaarden.nl/bestanden-ow/manifest-ow" xmlns:xlink="http://www.w3.org/1999/xlink" xmlns:ow-dc="http://www.geostandaarden.nl/imow/bestanden/deelbestand" xmlns:ga="http://www.geostandaarden.nl/imow/gebiedsaanwijzing" xmlns:sl="http://www.geostandaarden.nl/bestanden-ow/standlevering-generiek" xmlns:p="http://www.geostandaarden.nl/imow/pons" xmlns:regels="http://www.geostandaarden.nl/imow/regels" xmlns:ow="http://www.geostandaarden.nl/imow/owobject" xmlns:vt="http://www.geostandaarden.nl/imow/vrijetekst" xmlns:op="http://www.geostandaarden.nl/imow/opobject">
    <sl:standBestand>
        <sl:dataset>Onbekend</sl:dataset>
        <sl:inhoud>
            <sl:gebied>Onbekend</sl:gebied>
            <sl:leveringsId>Onbekend</sl:leveringsId>
            <sl:objectTypen>
                <sl:objectType>Kaart</sl:objectType>
            </sl:objectTypen>
        </sl:inhoud>
        <sl:stand>
            <ow-dc:owObject>
                <kaart:Kaart>
                    <kaart:identificatie>nl.imow-pv28.kaart.07fff3a4628b4c2699293986daafca71</kaart:identificatie>
                    <kaart:naam>Bijzonder provinciaal landschap</kaart:naam>
                    <kaart:nummer>28</kaart:nummer>
                    <kaart:uitsnede>
                        <kaart:Kaartextent>
                            <kaart:minX>76192.688</kaart:minX>
                            <kaart:minY>435072.927</kaart:minY>
                            <kaart:maxX>92891.369</kaart:maxX>
                            <kaart:maxY>450252.821</kaart:maxY>
                        </kaart:Kaartextent>
                    </kaart:uitsnede>
                    <kaart:kaartlagen>
                        <kaart:Kaartlaag>
                            <kaart:identificatie>nl.imow-pv28.kaartlaag.8c4d075cb8214e718843a0bd4bf4b851</kaart:identificatie>
                            <kaart:naam>bijzonder provinciaal landschap Midden-Delfland</kaart:naam>
                            <kaart:niveau>1</kaart:niveau>
                            <kaart:gebiedsaanwijzingweergave>
<ga:GebiedsaanwijzingRef xlink:href="nl.imow-pv28.gebiedsaanwijzing.be40e6f1571c472983cbe6469d762dcd"/>
                            </kaart:gebiedsaanwijzingweergave>
                        </kaart:Kaartlaag>
                    </kaart:kaartlagen>
                </kaart:Kaart>
            </ow-dc:owObject>
        </sl:stand>
        <sl:stand>
            <ow-dc:owObject>
                <kaart:Kaart>
                    <kaart:identificatie>nl.imow-pv28.kaart.125a5601b5aa4c90ac11b6a994c0c46d</kaart:identificatie>
                    <kaart:naam>Regionale wateren - beheer</kaart:naam>
                    <kaart:nummer>8</kaart:nummer>
                    <kaart:uitsnede>
                        <kaart:Kaartextent>
                            <kaart:minX>48148.554</kaart:minX>
                            <kaart:minY>408079.123</kaart:minY>
                            <kaart:maxX>130476.656</kaart:maxX>
                            <kaart:maxY>482677.28</kaart:maxY>
                        </kaart:Kaartextent>
                    </kaart:uitsnede>
                    <kaart:kaartlagen>
                        <kaart:Kaartlaag>
                            <kaart:identificatie>nl.imow-pv28.kaartlaag.cf2292b8ad304137b132cdfb8f35219a</kaart:identificatie>
                            <kaart:naam>gebied met grondwaterbeheer Rotterdam</kaart:naam>
                            <kaart:niveau>1</kaart:niveau>
                            <kaart:gebiedsaanwijzingweergave>
<ga:GebiedsaanwijzingRef xlink:href="nl.imow-pv28.gebiedsaanwijzing.893403889cb44e51a486e3e30e49c496"/>
                            </kaart:gebiedsaanwijzingweergave>
                        </kaart:Kaartlaag>
                        <kaart:Kaartlaag>
                            <kaart:identificatie>nl.imow-pv28.kaartlaag.f13dd71ce6e04aaba5b8663f23cfb4ef</kaart:identificatie>
                            <kaart:naam>Waterschap Rivierenland</kaart:naam>
                            <kaart:niveau>2</kaart:niveau>
                            <kaart:gebiedsaanwijzingweergave>
<ga:GebiedsaanwijzingRef xlink:href="nl.imow-pv28.gebiedsaanwijzing.5154e6be253f47589361fcb7d560f2c9"/>
                            </kaart:gebiedsaanwijzingweergave>
                        </kaart:Kaartlaag>
                        <kaart:Kaartlaag>
                            <kaart:identificatie>nl.imow-pv28.kaartlaag.29f4868fca5a4c86a8121d88380f8cb1</kaart:identificatie>
                            <kaart:naam>Waterschap Hollandse Delta</kaart:naam>
                            <kaart:niveau>3</kaart:niveau>
                            <kaart:gebiedsaanwijzingweergave>
<ga:GebiedsaanwijzingRef xlink:href="nl.imow-pv28.gebiedsaanwijzing.606e76f9ec9f4378b2ed4893cc5a7cc3"/>
                            </kaart:gebiedsaanwijzingweergave>
                        </kaart:Kaartlaag>
                        <kaart:Kaartlaag>
                            <kaart:identificatie>nl.imow-pv28.kaartlaag.47cfc109638c4a9cbd29f2d5c36a7f82</kaart:identificatie>
                            <kaart:naam>Waterschap Amstel, Gooi en Vecht</kaart:naam>
                            <kaart:niveau>4</kaart:niveau>
                            <kaart:gebiedsaanwijzingweergave>
<ga:GebiedsaanwijzingRef xlink:href="nl.imow-pv28.gebiedsaanwijzing.70950cf785da428d98fb8275034176c6"/>
                            </kaart:gebiedsaanwijzingweergave>
                        </kaart:Kaartlaag>
                        <kaart:Kaartlaag>
                            <kaart:identificatie>nl.imow-pv28.kaartlaag.97e52a81f0374dd2b63b0c3fe06115a0</kaart:identificatie>
                            <kaart:naam>Hoogheemraadschap De Stichtse Rijnlanden</kaart:naam>
                            <kaart:niveau>5</kaart:niveau>
                            <kaart:gebiedsaanwijzingweergave>
<ga:GebiedsaanwijzingRef xlink:href="nl.imow-pv28.gebiedsaanwijzing.d0737fe753414ad98fadc5d1a9b28c6e"/>
                            </kaart:gebiedsaanwijzingweergave>
                        </kaart:Kaartlaag>
                        <kaart:Kaartlaag>
                            <kaart:identificatie>nl.imow-pv28.kaartlaag.20440bb23f104078b21dbbc946298e68</kaart:identificatie>
                            <kaart:naam>Hoogheemraadschap van Schieland en de Krimpenerwaard</kaart:naam>
                            <kaart:niveau>6</kaart:niveau>
                            <kaart:gebiedsaanwijzingweergave>
<ga:GebiedsaanwijzingRef xlink:href="nl.imow-pv28.gebiedsaanwijzing.11e2d689b671419fa0d0f6b239457d55"/>
                            </kaart:gebiedsaanwijzingweergave>
                        </kaart:Kaartlaag>
                        <kaart:Kaartlaag>
                            <kaart:identificatie>nl.imow-pv28.kaartlaag.a86702e270014da98c53a2967e56cadc</kaart:identificatie>
                            <kaart:naam>Hoogheemraadschap van Rijnland</kaart:naam>
                            <kaart:niveau>7</kaart:niveau>
                            <kaart:gebiedsaanwijzingweergave>
<ga:GebiedsaanwijzingRef xlink:href="nl.imow-pv28.gebiedsaanwijzing.151cd043ef714e1d9c8deaba687baf79"/>
                            </kaart:gebiedsaanwijzingweergave>
                        </kaart:Kaartlaag>
                        <kaart:Kaartlaag>
                            <kaart:identificatie>nl.imow-pv28.kaartlaag.9278e9dcd444459aac174211adde4e15</kaart:identificatie>
                            <kaart:naam>Hoogheemraadschap van Delfland</kaart:naam>
                            <kaart:niveau>8</kaart:niveau>
                            <kaart:gebiedsaanwijzingweergave>
<ga:GebiedsaanwijzingRef xlink:href="nl.imow-pv28.gebiedsaanwijzing.cb141c4ea69d4bc6a8a0a0fc9df12407"/>
                            </kaart:gebiedsaanwijzingweergave>
                        </kaart:Kaartlaag>
                    </kaart:kaartlagen>
                </kaart:Kaart>
            </ow-dc:owObject>
        </sl:stand>
        <sl:stand>
            <ow-dc:owObject>
                <kaart:Kaart>
                    <kaart:identificatie>nl.imow-pv28.kaart.12ce871837a04a9a8490994ff6258fc7</kaart:identificatie>
                    <kaart:naam>Werelderfgoed</kaart:naam>
                    <kaart:nummer>21</kaart:nummer>
                    <kaart:uitsnede>
                        <kaart:Kaartextent>
                            <kaart:minX>83572.861</kaart:minX>
                            <kaart:minY>425644.05</kaart:minY>
                            <kaart:maxX>130189.322</kaart:maxX>
                            <kaart:maxY>471048.163</kaart:maxY>
                        </kaart:Kaartextent>
                    </kaart:uitsnede>
                    <kaart:kaartlagen>
                        <kaart:Kaartlaag>
                            <kaart:identificatie>nl.imow-pv28.kaartlaag.a02aeb28de64483badd8c6e5142d4b22</kaart:identificatie>
                            <kaart:naam>Neder-Germaanse Limes, verwachtingenzone</kaart:naam>
                            <kaart:niveau>1</kaart:niveau>
                            <kaart:gebiedsaanwijzingweergave>
<ga:GebiedsaanwijzingRef xlink:href="nl.imow-pv28.gebiedsaanwijzing.b5574c3b866e4b05bb96bfac20051784"/>
                            </kaart:gebiedsaanwijzingweergave>
                        </kaart:Kaartlaag>
                        <kaart:Kaartlaag>
                            <kaart:identificatie>nl.imow-pv28.kaartlaag.384ca50e658d44648c752823d87cff9e</kaart:identificatie>
                            <kaart:naam>Werelderfgoed Neder-Germaanse Limes, bufferzone</kaart:naam>
                            <kaart:niveau>2</kaart:niveau>
                            <kaart:gebiedsaanwijzingweergave>
<ga:GebiedsaanwijzingRef xlink:href="nl.imow-pv28.gebiedsaanwijzing.81405fc22ca24931bdc398f50e11c5f4"/>
                            </kaart:gebiedsaanwijzingweergave>
                        </kaart:Kaartlaag>
                        <kaart:Kaartlaag>
                            <kaart:identificatie>nl.imow-pv28.kaartlaag.58a68cb0f8474f42ada1d64406d224e5</kaart:identificatie>
                            <kaart:naam>Werelderfgoed Neder-Germaanse Limes, kernzone 2</kaart:naam>
                            <kaart:niveau>3</kaart:niveau>
                            <kaart:gebiedsaanwijzingweergave>
<ga:GebiedsaanwijzingRef xlink:href="nl.imow-pv28.gebiedsaanwijzing.0d9a941b11d045188c0af057c868b5cb"/>
                            </kaart:gebiedsaanwijzingweergave>
                        </kaart:Kaartlaag>
                        <kaart:Kaartlaag>
                            <kaart:identificatie>nl.imow-pv28.kaartlaag.abff81c1c16b478e9807884bccffb9f7</kaart:identificatie>
                            <kaart:naam>Werelderfgoed Neder-Germaanse Limes</kaart:naam>
                            <kaart:niveau>5</kaart:niveau>
                            <kaart:gebiedsaanwijzingweergave>
<ga:GebiedsaanwijzingRef xlink:href="nl.imow-pv28.gebiedsaanwijzing.0d9a941b11d045188c0af057c868b5cb"/>
                            </kaart:gebiedsaanwijzingweergave>
                        </kaart:Kaartlaag>
                        <kaart:Kaartlaag>
                            <kaart:identificatie>nl.imow-pv28.kaartlaag.4f58758881af423bb37c4fe84672e1c6</kaart:identificatie>
                            <kaart:naam>Werelderfgoed Hollandse Waterlinies</kaart:naam>
                            <kaart:niveau>6</kaart:niveau>
                            <kaart:gebiedsaanwijzingweergave>
<ga:GebiedsaanwijzingRef xlink:href="nl.imow-pv28.gebiedsaanwijzing.23eac7048772405886991773e4ec2a0d"/>
                            </kaart:gebiedsaanwijzingweergave>
                        </kaart:Kaartlaag>
                        <kaart:Kaartlaag>
                            <kaart:identificatie>nl.imow-pv28.kaartlaag.41b592138cf14704ae13652245c11775</kaart:identificatie>
                            <kaart:naam>Werelderfgoed Neder-Germaanse Limes, kernzone 1</kaart:naam>
                            <kaart:niveau>4</kaart:niveau>
                            <kaart:gebiedsaanwijzingweergave>
<ga:GebiedsaanwijzingRef xlink:href="nl.imow-pv28.gebiedsaanwijzing.01507a2992f04fe4bf4bcb9d5ff9b845"/>
                            </kaart:gebiedsaanwijzingweergave>
                        </kaart:Kaartlaag>
                    </kaart:kaartlagen>
                </kaart:Kaart>
            </ow-dc:owObject>
        </sl:stand>
        <sl:stand>
            <ow-dc:owObject>
                <kaart:Kaart>
                    <kaart:identificatie>nl.imow-pv28.kaart.181cb0f99c554867b77e96c5968962b0</kaart:identificatie>
                    <kaart:naam>Houtopstanden</kaart:naam>
                    <kaart:nummer>12</kaart:nummer>
                    <kaart:uitsnede>
                        <kaart:Kaartextent>
                            <kaart:minX>51753.802</kaart:minX>
                            <kaart:minY>411375.315</kaart:minY>
                            <kaart:maxX>130195.877</kaart:maxX>
                            <kaart:maxY>480861.495</kaart:maxY>
                        </kaart:Kaartextent>
                    </kaart:uitsnede>
                    <kaart:kaartlagen>
                        <kaart:Kaartlaag>
                            <kaart:identificatie>nl.imow-pv28.kaartlaag.f3c281b142bc44219e3b2b738a20a7a8</kaart:identificatie>
                            <kaart:naam>groen erfgoed, landschap met oude boskernen, houtwallen en heggen</kaart:naam>
                            <kaart:niveau>1</kaart:niveau>
                            <kaart:gebiedsaanwijzingweergave>
<ga:GebiedsaanwijzingRef xlink:href="nl.imow-pv28.gebiedsaanwijzing.a21ae56d608d4d70bce0381e8893c028"/>
                            </kaart:gebiedsaanwijzingweergave>
                        </kaart:Kaartlaag>
                        <kaart:Kaartlaag>
                            <kaart:identificatie>nl.imow-pv28.kaartlaag.4e9ba46d64394cc2b3f604556bd2e095</kaart:identificatie>
                            <kaart:naam>groen erfgoed, kansrijk gebied groen erfgoed</kaart:naam>
                            <kaart:niveau>2</kaart:niveau>
                            <kaart:gebiedsaanwijzingweergave>
<ga:GebiedsaanwijzingRef xlink:href="nl.imow-pv28.gebiedsaanwijzing.233f50fa629046088d02b3770b6fb939"/>
                            </kaart:gebiedsaanwijzingweergave>
                        </kaart:Kaartlaag>
                        <kaart:Kaartlaag>
                            <kaart:identificatie>nl.imow-pv28.kaartlaag.51111dc3a1a64b758f1353ca495bc948</kaart:identificatie>
                            <kaart:naam>groen erfgoed, eendekooi</kaart:naam>
                            <kaart:niveau>3</kaart:niveau>
                            <kaart:gebiedsaanwijzingweergave>
<ga:GebiedsaanwijzingRef xlink:href="nl.imow-pv28.gebiedsaanwijzing.527e307d6727470182b0b4d56c192a5b"/>
                            </kaart:gebiedsaanwijzingweergave>
                        </kaart:Kaartlaag>
                        <kaart:Kaartlaag>
                            <kaart:identificatie>nl.imow-pv28.kaartlaag.8d238da7dd9e4656b9ab489a7446f8cd</kaart:identificatie>
                            <kaart:naam>groen erfgoed, cultuurhistorisch bosje of klein landschapselement</kaart:naam>
                            <kaart:niveau>4</kaart:niveau>
                            <kaart:gebiedsaanwijzingweergave>
<ga:GebiedsaanwijzingRef xlink:href="nl.imow-pv28.gebiedsaanwijzing.7d649a051c7647d39efc580d47691353"/>
                            </kaart:gebiedsaanwijzingweergave>
                        </kaart:Kaartlaag>
                        <kaart:Kaartlaag>
                            <kaart:identificatie>nl.imow-pv28.kaartlaag.8b96c6d98b904950ae6c026c0a4ccbc7</kaart:identificatie>
                            <kaart:naam>bosreservaat</kaart:naam>
                            <kaart:niveau>5</kaart:niveau>
                            <kaart:gebiedsaanwijzingweergave>
<ga:GebiedsaanwijzingRef xlink:href="nl.imow-pv28.gebiedsaanwijzing.689b15ee5a304b188216d1d1b308ae4b"/>
                            </kaart:gebiedsaanwijzingweergave>
                        </kaart:Kaartlaag>
                        <kaart:Kaartlaag>
                            <kaart:identificatie>nl.imow-pv28.kaartlaag.3da83151bf2f47f3b8361c7ab95d9b50</kaart:identificatie>
                            <kaart:naam>A-locatie bos</kaart:naam>
                            <kaart:niveau>6</kaart:niveau>
                            <kaart:gebiedsaanwijzingweergave>
<ga:GebiedsaanwijzingRef xlink:href="nl.imow-pv28.gebiedsaanwijzing.e06ccbd7febf4de1b501f3dacf9c39b2"/>
                            </kaart:gebiedsaanwijzingweergave>
                        </kaart:Kaartlaag>
                    </kaart:kaartlagen>
                </kaart:Kaart>
            </ow-dc:owObject>
        </sl:stand>
        <sl:stand>
            <ow-dc:owObject>
                <kaart:Kaart>
                    <kaart:identificatie>nl.imow-pv28.kaart.1882329ff3264da6898cb86a114770e9</kaart:identificatie>
                    <kaart:naam>Provinciale wegen</kaart:naam>
                    <kaart:nummer>6</kaart:nummer>
                    <kaart:uitsnede>
                        <kaart:Kaartextent>
                            <kaart:minX>59773.788</kaart:minX>
                            <kaart:minY>411644.956</kaart:minY>
                            <kaart:maxX>126969.133</kaart:maxX>
                            <kaart:maxY>482535.672</kaart:maxY>
                        </kaart:Kaartextent>
                    </kaart:uitsnede>
                    <kaart:kaartlagen>
                        <kaart:Kaartlaag>
                            <kaart:identificatie>nl.imow-pv28.kaartlaag.e15ebf5b25f040d7b4a87b7a09bbcfb7</kaart:identificatie>
                            <kaart:naam>provinciale wegen</kaart:naam>
                            <kaart:niveau>2</kaart:niveau>
                            <kaart:gebiedsaanwijzingweergave>
<ga:GebiedsaanwijzingRef xlink:href="nl.imow-pv28.gebiedsaanwijzing.76ce3a7295c14309ab07ea5a8454ac73"/>
                            </kaart:gebiedsaanwijzingweergave>
                        </kaart:Kaartlaag>
                        <kaart:Kaartlaag>
                            <kaart:identificatie>nl.imow-pv28.kaartlaag.f68ce9651bc148ee9cbd9ccade9e97aa</kaart:identificatie>
                            <kaart:naam>beperkingengebied provinciale weg</kaart:naam>
                            <kaart:niveau>1</kaart:niveau>
                            <kaart:gebiedsaanwijzingweergave>
<ga:GebiedsaanwijzingRef xlink:href="nl.imow-pv28.gebiedsaanwijzing.54924792934a4ff7a804c0f2ffd44cf0"/>
                            </kaart:gebiedsaanwijzingweergave>
                        </kaart:Kaartlaag>
                    </kaart:kaartlagen>
                </kaart:Kaart>
            </ow-dc:owObject>
        </sl:stand>
        <sl:stand>
            <ow-dc:owObject>
                <kaart:Kaart>
                    <kaart:identificatie>nl.imow-pv28.kaart.2efb6745fe834b5caa5b9be4fa159067</kaart:identificatie>
                    <kaart:naam>Bedrijventerreinen</kaart:naam>
                    <kaart:nummer>19</kaart:nummer>
                    <kaart:uitsnede>
                        <kaart:Kaartextent>
                            <kaart:minX>54395.848</kaart:minX>
                            <kaart:minY>410452.79</kaart:minY>
                            <kaart:maxX>129812.832</kaart:maxX>
                            <kaart:maxY>480262.041</kaart:maxY>
                        </kaart:Kaartextent>
                    </kaart:uitsnede>
                    <kaart:kaartlagen>
                        <kaart:Kaartlaag>
                            <kaart:identificatie>nl.imow-pv28.kaartlaag.2aa26d93d94242eaa3e9483b081b5ff6</kaart:identificatie>
                            <kaart:naam>cluster voor grote ruimtevragers</kaart:naam>
                            <kaart:niveau>2</kaart:niveau>
                            <kaart:gebiedsaanwijzingweergave>
<ga:GebiedsaanwijzingRef xlink:href="nl.imow-pv28.gebiedsaanwijzing.34201544acb54248a36ba05328ccfd01"/>
                            </kaart:gebiedsaanwijzingweergave>
                        </kaart:Kaartlaag>
                        <kaart:Kaartlaag>
                            <kaart:identificatie>nl.imow-pv28.kaartlaag.1dd50096e61c40cf9814c0a53a0e00c7</kaart:identificatie>
                            <kaart:naam>watergebonden bedrijventerrein</kaart:naam>
                            <kaart:niveau>3</kaart:niveau>
                            <kaart:gebiedsaanwijzingweergave>
<ga:GebiedsaanwijzingRef xlink:href="nl.imow-pv28.gebiedsaanwijzing.738ddcde2a054b04bdf3e38c8060fb53"/>
                            </kaart:gebiedsaanwijzingweergave>
                        </kaart:Kaartlaag>
                        <kaart:Kaartlaag>
                            <kaart:identificatie>nl.imow-pv28.kaartlaag.93990cc7886e483c811498cbe34be8b8</kaart:identificatie>
                            <kaart:naam>bedrijventerrein</kaart:naam>
                            <kaart:niveau>4</kaart:niveau>
                            <kaart:gebiedsaanwijzingweergave>
<ga:GebiedsaanwijzingRef xlink:href="nl.imow-pv28.gebiedsaanwijzing.82ce1db1cdc447e2ad3ee876e7d6be69"/>
                            </kaart:gebiedsaanwijzingweergave>
                        </kaart:Kaartlaag>
                    </kaart:kaartlagen>
                </kaart:Kaart>
            </ow-dc:owObject>
        </sl:stand>
        <sl:stand>
            <ow-dc:owObject>
                <kaart:Kaart>
                    <kaart:identificatie>nl.imow-pv28.kaart.3d86866c24a34866beaa25123a2fdc14</kaart:identificatie>
                    <kaart:naam>LiB-5 contour Schiphol</kaart:naam>
                    <kaart:nummer>15</kaart:nummer>
                    <kaart:uitsnede>
                        <kaart:Kaartextent>
                            <kaart:minX>91772</kaart:minX>
                            <kaart:minY>457543.14</kaart:minY>
                            <kaart:maxX>119423.337</kaart:maxX>
                            <kaart:maxY>476423.91</kaart:maxY>
                        </kaart:Kaartextent>
                    </kaart:uitsnede>
                    <kaart:kaartlagen>
                        <kaart:Kaartlaag>
                            <kaart:identificatie>nl.imow-pv28.kaartlaag.68419905cc7c42c8957f7a67db2b68ca</kaart:identificatie>
                            <kaart:naam>gebied binnen LiB-5 contour Schiphol</kaart:naam>
                            <kaart:niveau>2</kaart:niveau>
                            <kaart:gebiedsaanwijzingweergave>
<ga:GebiedsaanwijzingRef xlink:href="nl.imow-pv28.gebiedsaanwijzing.60dfd10080a94f6ba44319d47c7079bc"/>
                            </kaart:gebiedsaanwijzingweergave>
                        </kaart:Kaartlaag>
                        <kaart:Kaartlaag>
                            <kaart:identificatie>nl.imow-pv28.kaartlaag.3aa8c3be3bcd4ef295ffc50465f33593</kaart:identificatie>
                            <kaart:naam>gebied binnen voormalige bebouwingscontour 2003 binnen LiB-5 contour Schiphol</kaart:naam>
                            <kaart:niveau>1</kaart:niveau>
                            <kaart:gebiedsaanwijzingweergave>
<ga:GebiedsaanwijzingRef xlink:href="nl.imow-pv28.gebiedsaanwijzing.9ef1ee07fcaa49a992d770300256c4de"/>
                            </kaart:gebiedsaanwijzingweergave>
                        </kaart:Kaartlaag>
                    </kaart:kaartlagen>
                </kaart:Kaart>
            </ow-dc:owObject>
        </sl:stand>
        <sl:stand>
            <ow-dc:owObject>
                <kaart:Kaart>
                    <kaart:identificatie>nl.imow-pv28.kaart.4a71b73d6aae4839a999b17e4887bd3c</kaart:identificatie>
                    <kaart:naam>Ruimtelijke kwaliteit en beschermingscategoriën</kaart:naam>
                    <kaart:nummer>16</kaart:nummer>
                    <kaart:uitsnede>
                        <kaart:Kaartextent>
                            <kaart:minX>43662.62</kaart:minX>
                            <kaart:minY>406692</kaart:minY>
                            <kaart:maxX>130480.876</kaart:maxX>
                            <kaart:maxY>482649.607</kaart:maxY>
                        </kaart:Kaartextent>
                    </kaart:uitsnede>
                    <kaart:kaartlagen>
                        <kaart:Kaartlaag>
                            <kaart:identificatie>nl.imow-pv28.kaartlaag.3916ff1a072b479baf983d4ee7742432</kaart:identificatie>
                            <kaart:naam>gebieden met beschermingscategorie 3, buitengebied</kaart:naam>
                            <kaart:niveau>1</kaart:niveau>
                            <kaart:gebiedsaanwijzingweergave>
<ga:GebiedsaanwijzingRef xlink:href="nl.imow-pv28.gebiedsaanwijzing.4559980d38b24a13a5d4b793d9943c9f"/>
                            </kaart:gebiedsaanwijzingweergave>
                        </kaart:Kaartlaag>
                        <kaart:Kaartlaag>
                            <kaart:identificatie>nl.imow-pv28.kaartlaag.2748c54b78f84cf1ae0d1dd7214fd340</kaart:identificatie>
                            <kaart:naam>gebieden met beschermingscategorie 3</kaart:naam>
                            <kaart:niveau>2</kaart:niveau>
                            <kaart:gebiedsaanwijzingweergave>
<ga:GebiedsaanwijzingRef xlink:href="nl.imow-pv28.gebiedsaanwijzing.f8e91a366bde4a78be711f04fcec307e"/>
                            </kaart:gebiedsaanwijzingweergave>
                        </kaart:Kaartlaag>
                        <kaart:Kaartlaag>
                            <kaart:identificatie>nl.imow-pv28.kaartlaag.b9a59dfab536461aa68f2ded6715f589</kaart:identificatie>
                            <kaart:naam>gebieden met beschermingscategorie 2, recreatiegebied</kaart:naam>
                            <kaart:niveau>3</kaart:niveau>
                            <kaart:gebiedsaanwijzingweergave>
<ga:GebiedsaanwijzingRef xlink:href="nl.imow-pv28.gebiedsaanwijzing.76ecbb1861084c179aa40d2542e03b55"/>
                            </kaart:gebiedsaanwijzingweergave>
                        </kaart:Kaartlaag>
                        <kaart:Kaartlaag>
                            <kaart:identificatie>nl.imow-pv28.kaartlaag.22580e3b7d1640258172b5e945a19793</kaart:identificatie>
                            <kaart:naam>gebieden met beschermingscategorie 2, groene buffer</kaart:naam>
                            <kaart:niveau>4</kaart:niveau>
                            <kaart:gebiedsaanwijzingweergave>
<ga:GebiedsaanwijzingRef xlink:href="nl.imow-pv28.gebiedsaanwijzing.025d5ffa3f8a45de96856d755e2bc907"/>
                            </kaart:gebiedsaanwijzingweergave>
                        </kaart:Kaartlaag>
                        <kaart:Kaartlaag>
                            <kaart:identificatie>nl.imow-pv28.kaartlaag.38f5e83408604e1e996f60383de2b86a</kaart:identificatie>
                            <kaart:naam>gebieden met beschermingscategorie 2, belangrijk weidevogelgebied</kaart:naam>
                            <kaart:niveau>5</kaart:niveau>
                            <kaart:gebiedsaanwijzingweergave>
<ga:GebiedsaanwijzingRef xlink:href="nl.imow-pv28.gebiedsaanwijzing.c2c7a02139d74b3b96a424ce678db93c"/>
                            </kaart:gebiedsaanwijzingweergave>
                        </kaart:Kaartlaag>
                        <kaart:Kaartlaag>
                            <kaart:identificatie>nl.imow-pv28.kaartlaag.4849bcb13c3b45a78dd7dd24cd36f369</kaart:identificatie>
                            <kaart:naam>gebieden met beschermingscategorie 2</kaart:naam>
                            <kaart:niveau>6</kaart:niveau>
                            <kaart:gebiedsaanwijzingweergave>
<ga:GebiedsaanwijzingRef xlink:href="nl.imow-pv28.gebiedsaanwijzing.c19e3afe22cd4c919281b0bf046d14e7"/>
                            </kaart:gebiedsaanwijzingweergave>
                        </kaart:Kaartlaag>
                        <kaart:Kaartlaag>
                            <kaart:identificatie>nl.imow-pv28.kaartlaag.1f369e78efdb4ac7b2969fe665f7685d</kaart:identificatie>
                            <kaart:naam>gebieden met beschermingscategorie 1, kroonjuweel cultureel erfgoed</kaart:naam>
                            <kaart:niveau>7</kaart:niveau>
                            <kaart:gebiedsaanwijzingweergave>
<ga:GebiedsaanwijzingRef xlink:href="nl.imow-pv28.gebiedsaanwijzing.152fbe20862c45b79c97f31c31ae2985"/>
                            </kaart:gebiedsaanwijzingweergave>
                        </kaart:Kaartlaag>
                        <kaart:Kaartlaag>
                            <kaart:identificatie>nl.imow-pv28.kaartlaag.0891ff4ad4d343a3b571df4eee39c68d</kaart:identificatie>
                            <kaart:naam>gebieden met beschermingscategorie 1, beschermd grasland in de bollenstreek</kaart:naam>
                            <kaart:niveau>8</kaart:niveau>
                            <kaart:gebiedsaanwijzingweergave>
<ga:GebiedsaanwijzingRef xlink:href="nl.imow-pv28.gebiedsaanwijzing.c7f3a2b653454249ad96754881139386"/>
                            </kaart:gebiedsaanwijzingweergave>
                        </kaart:Kaartlaag>
                        <kaart:Kaartlaag>
                            <kaart:identificatie>nl.imow-pv28.kaartlaag.440aa09143944ef4886f327a1d9bf12d</kaart:identificatie>
                            <kaart:naam>natuurnetwerk Nederland</kaart:naam>
                            <kaart:niveau>9</kaart:niveau>
                            <kaart:gebiedsaanwijzingweergave>
<ga:GebiedsaanwijzingRef xlink:href="nl.imow-pv28.gebiedsaanwijzing.2b085cd976e74264afc9f3ce1de98f24"/>
                            </kaart:gebiedsaanwijzingweergave>
                        </kaart:Kaartlaag>
                        <kaart:Kaartlaag>
                            <kaart:identificatie>nl.imow-pv28.kaartlaag.a8468bfedf974489a002523e6a03f574</kaart:identificatie>
                            <kaart:naam>gebieden met beschermingscategorie 1</kaart:naam>
                            <kaart:niveau>10</kaart:niveau>
                            <kaart:gebiedsaanwijzingweergave>
<ga:GebiedsaanwijzingRef xlink:href="nl.imow-pv28.gebiedsaanwijzing.b9e1cb06d7644ad98e52811a6ba44174"/>
                            </kaart:gebiedsaanwijzingweergave>
                        </kaart:Kaartlaag>
                    </kaart:kaartlagen>
                </kaart:Kaart>
            </ow-dc:owObject>
        </sl:stand>
        <sl:stand>
            <ow-dc:owObject>
                <kaart:Kaart>
                    <kaart:identificatie>nl.imow-pv28.kaart.626f419639a140bf9cbfa1a84040a63a</kaart:identificatie>
                    <kaart:naam>Recreatietoervaartnet</kaart:naam>
                    <kaart:nummer>25</kaart:nummer>
                    <kaart:uitsnede>
                        <kaart:Kaartextent>
                            <kaart:minX>60986.716</kaart:minX>
                            <kaart:minY>410419.625</kaart:minY>
                            <kaart:maxX>125596.843</kaart:maxX>
                            <kaart:maxY>479054.736</kaart:maxY>
                        </kaart:Kaartextent>
                    </kaart:uitsnede>
                    <kaart:kaartlagen>
                        <kaart:Kaartlaag>
                            <kaart:identificatie>nl.imow-pv28.kaartlaag.34efdabb13f0438996b99822a3ee469b</kaart:identificatie>
                            <kaart:naam>recreatietoervaartnet</kaart:naam>
                            <kaart:niveau>1</kaart:niveau>
                            <kaart:gebiedsaanwijzingweergave>
<ga:GebiedsaanwijzingRef xlink:href="nl.imow-pv28.gebiedsaanwijzing.102d1ce833dc4c5797e89189a6c804b1"/>
                            </kaart:gebiedsaanwijzingweergave>
                        </kaart:Kaartlaag>
                    </kaart:kaartlagen>
                </kaart:Kaart>
            </ow-dc:owObject>
        </sl:stand>
        <sl:stand>
            <ow-dc:owObject>
                <kaart:Kaart>
                    <kaart:identificatie>nl.imow-pv28.kaart.6ba7291816dc454ebaac5c75a7e4d841</kaart:identificatie>
                    <kaart:naam>Stiltegebieden</kaart:naam>
                    <kaart:nummer>2</kaart:nummer>
                    <kaart:uitsnede>
                        <kaart:Kaartextent>
                            <kaart:minX>52254.406</kaart:minX>
                            <kaart:minY>407652.001</kaart:minY>
                            <kaart:maxX>130222.233</kaart:maxX>
                            <kaart:maxY>482595.015</kaart:maxY>
                        </kaart:Kaartextent>
                    </kaart:uitsnede>
                    <kaart:kaartlagen>
                        <kaart:Kaartlaag>
                            <kaart:identificatie>nl.imow-pv28.kaartlaag.22195e220be746d0b29e007a98893448</kaart:identificatie>
                            <kaart:naam>Stiltegebieden</kaart:naam>
                            <kaart:niveau>1</kaart:niveau>
                            <kaart:gebiedsaanwijzingweergave>
<ga:GebiedsaanwijzingRef xlink:href="nl.imow-pv28.gebiedsaanwijzing.52450828727147a99dbb411ee9c819c2"/>
                            </kaart:gebiedsaanwijzingweergave>
                        </kaart:Kaartlaag>
                    </kaart:kaartlagen>
                </kaart:Kaart>
            </ow-dc:owObject>
        </sl:stand>
        <sl:stand>
            <ow-dc:owObject>
                <kaart:Kaart>
                    <kaart:identificatie>nl.imow-pv28.kaart.6bff53f3443a4fa2906b06181dacdd02</kaart:identificatie>
                    <kaart:naam>Energie</kaart:naam>
                    <kaart:nummer>24</kaart:nummer>
                    <kaart:uitsnede>
                        <kaart:Kaartextent>
                            <kaart:minX>57030.895</kaart:minX>
                            <kaart:minY>408169.426</kaart:minY>
                            <kaart:maxX>126216.809</kaart:maxX>
                            <kaart:maxY>469930.735</kaart:maxY>
                        </kaart:Kaartextent>
                    </kaart:uitsnede>
                    <kaart:kaartlagen>
                        <kaart:Kaartlaag>
                            <kaart:identificatie>nl.imow-pv28.kaartlaag.fc3447123dc14f5e84b41730eb3545c5</kaart:identificatie>
                            <kaart:naam>locatie voor windenergie</kaart:naam>
                            <kaart:niveau>1</kaart:niveau>
                            <kaart:gebiedsaanwijzingweergave>
<ga:GebiedsaanwijzingRef xlink:href="nl.imow-pv28.gebiedsaanwijzing.2a44ddca303f4164a07bf49e51902071"/>
                            </kaart:gebiedsaanwijzingweergave>
                        </kaart:Kaartlaag>
                    </kaart:kaartlagen>
                </kaart:Kaart>
            </ow-dc:owObject>
        </sl:stand>
        <sl:stand>
            <ow-dc:owObject>
                <kaart:Kaart>
                    <kaart:identificatie>nl.imow-pv28.kaart.6d8e501da97f49059e33b5740dda37c7</kaart:identificatie>
                    <kaart:naam>Archeologie</kaart:naam>
                    <kaart:nummer>22</kaart:nummer>
                    <kaart:uitsnede>
                        <kaart:Kaartextent>
                            <kaart:minX>53326.11</kaart:minX>
                            <kaart:minY>410438.67</kaart:minY>
                            <kaart:maxX>128806.91</kaart:maxX>
                            <kaart:maxY>476589.59</kaart:maxY>
                        </kaart:Kaartextent>
                    </kaart:uitsnede>
                    <kaart:kaartlagen>
                        <kaart:Kaartlaag>
                            <kaart:identificatie>nl.imow-pv28.kaartlaag.1d9d16f2d5db48819078a5a8f4128e75</kaart:identificatie>
                            <kaart:naam>gebied met een hoge of zeer hoge bekende archeologische waarde</kaart:naam>
                            <kaart:niveau>1</kaart:niveau>
                            <kaart:gebiedsaanwijzingweergave>
<ga:GebiedsaanwijzingRef xlink:href="nl.imow-pv28.gebiedsaanwijzing.46bbdedb190a48d1a363fc5a56ee823c"/>
                            </kaart:gebiedsaanwijzingweergave>
                        </kaart:Kaartlaag>
                    </kaart:kaartlagen>
                </kaart:Kaart>
            </ow-dc:owObject>
        </sl:stand>
        <sl:stand>
            <ow-dc:owObject>
                <kaart:Kaart>
                    <kaart:identificatie>nl.imow-pv28.kaart.704f32dd66e2453a8b2c0b47208bd9bd</kaart:identificatie>
                    <kaart:naam>Detailhandel, kantoren</kaart:naam>
                    <kaart:nummer>18</kaart:nummer>
                    <kaart:uitsnede>
                        <kaart:Kaartextent>
                            <kaart:minX>68609.015</kaart:minX>
                            <kaart:minY>417664.084</kaart:minY>
                            <kaart:maxX>127988.642</kaart:maxX>
                            <kaart:maxY>470813.84</kaart:maxY>
                        </kaart:Kaartextent>
                    </kaart:uitsnede>
                    <kaart:kaartlagen>
                        <kaart:Kaartlaag>
                            <kaart:identificatie>nl.imow-pv28.kaartlaag.478b8fb5d75445f89e104a49c86960b6</kaart:identificatie>
                            <kaart:naam>kantorengebied categorie 3</kaart:naam>
                            <kaart:niveau>1</kaart:niveau>
                            <kaart:gebiedsaanwijzingweergave>
<ga:GebiedsaanwijzingRef xlink:href="nl.imow-pv28.gebiedsaanwijzing.c2184543ba6448cbadbb4cf239436a8c"/>
                            </kaart:gebiedsaanwijzingweergave>
                        </kaart:Kaartlaag>
                        <kaart:Kaartlaag>
                            <kaart:identificatie>nl.imow-pv28.kaartlaag.997dffdf10034588ab80657a199cc291</kaart:identificatie>
                            <kaart:naam>kantorengebied categorie 2</kaart:naam>
                            <kaart:niveau>2</kaart:niveau>
                            <kaart:gebiedsaanwijzingweergave>
<ga:GebiedsaanwijzingRef xlink:href="nl.imow-pv28.gebiedsaanwijzing.7c7b9a554ddc429fa655f5106eb4ea39"/>
                            </kaart:gebiedsaanwijzingweergave>
                        </kaart:Kaartlaag>
                        <kaart:Kaartlaag>
                            <kaart:identificatie>nl.imow-pv28.kaartlaag.112d03d448af444a900113b44bd3a10d</kaart:identificatie>
                            <kaart:naam>kantorengebied categorie 1</kaart:naam>
                            <kaart:niveau>3</kaart:niveau>
                            <kaart:gebiedsaanwijzingweergave>
<ga:GebiedsaanwijzingRef xlink:href="nl.imow-pv28.gebiedsaanwijzing.59a0040a7adf4a7dab5576100d7f3e67"/>
                            </kaart:gebiedsaanwijzingweergave>
                        </kaart:Kaartlaag>
                        <kaart:Kaartlaag>
                            <kaart:identificatie>nl.imow-pv28.kaartlaag.744d4c172cfb43c584f1d764fede39d0</kaart:identificatie>
                            <kaart:naam>bedrijventerrein met locaties voor perifere detailhandelsvestigingen (PDV)</kaart:naam>
                            <kaart:niveau>4</kaart:niveau>
                            <kaart:gebiedsaanwijzingweergave>
<ga:GebiedsaanwijzingRef xlink:href="nl.imow-pv28.gebiedsaanwijzing.8d6ad3685cac421da6f4473ffdf77bf3"/>
                            </kaart:gebiedsaanwijzingweergave>
                        </kaart:Kaartlaag>
                    </kaart:kaartlagen>
                </kaart:Kaart>
            </ow-dc:owObject>
        </sl:stand>
        <sl:stand>
            <ow-dc:owObject>
                <kaart:Kaart>
                    <kaart:identificatie>nl.imow-pv28.kaart.817cbe951f7145dab96e2b7ed6e2d457</kaart:identificatie>
                    <kaart:naam>Regionale wateren - kans op overstroming</kaart:naam>
                    <kaart:nummer>11</kaart:nummer>
                    <kaart:uitsnede>
                        <kaart:Kaartextent>
                            <kaart:minX>48148.554</kaart:minX>
                            <kaart:minY>408079.123</kaart:minY>
                            <kaart:maxX>130476.656</kaart:maxX>
                            <kaart:maxY>482677.28</kaart:maxY>
                        </kaart:Kaartextent>
                    </kaart:uitsnede>
                    <kaart:kaartlagen>
                        <kaart:Kaartlaag>
                            <kaart:identificatie>nl.imow-pv28.kaartlaag.9273e145e05d4531a7b5d3659d59502a</kaart:identificatie>
                            <kaart:naam>gebieden met afwijkend maaiveld criterium 20 procent</kaart:naam>
                            <kaart:niveau>1</kaart:niveau>
                            <kaart:gebiedsaanwijzingweergave>
<ga:GebiedsaanwijzingRef xlink:href="nl.imow-pv28.gebiedsaanwijzing.4c738cb3b5774808a04d9d40c47d08c2"/>
                            </kaart:gebiedsaanwijzingweergave>
                        </kaart:Kaartlaag>
                        <kaart:Kaartlaag>
                            <kaart:identificatie>nl.imow-pv28.kaartlaag.459c4c6fe07e4899947aeddd3201f1cf</kaart:identificatie>
                            <kaart:naam>gebieden met afwijkend maaiveld criterium 12,5 procent</kaart:naam>
                            <kaart:niveau>2</kaart:niveau>
                            <kaart:gebiedsaanwijzingweergave>
<ga:GebiedsaanwijzingRef xlink:href="nl.imow-pv28.gebiedsaanwijzing.321dc70dbc2f4965ae9881a243f39b1f"/>
                            </kaart:gebiedsaanwijzingweergave>
                        </kaart:Kaartlaag>
                        <kaart:Kaartlaag>
                            <kaart:identificatie>nl.imow-pv28.kaartlaag.5984e2b43b354532a54dae537b1119ad</kaart:identificatie>
                            <kaart:naam>regionale wateren</kaart:naam>
                            <kaart:niveau>3</kaart:niveau>
                            <kaart:gebiedsaanwijzingweergave>
<ga:GebiedsaanwijzingRef xlink:href="nl.imow-pv28.gebiedsaanwijzing.fc097702a0e74297b63ed6e2a8bdb628"/>
                            </kaart:gebiedsaanwijzingweergave>
                        </kaart:Kaartlaag>
                    </kaart:kaartlagen>
                </kaart:Kaart>
            </ow-dc:owObject>
        </sl:stand>
        <sl:stand>
            <ow-dc:owObject>
                <kaart:Kaart>
                    <kaart:identificatie>nl.imow-pv28.kaart.8a98141e4e7c4764b3bf5199182be581</kaart:identificatie>
                    <kaart:naam>Natuurnetwerk Nederland</kaart:naam>
                    <kaart:nummer>7</kaart:nummer>
                    <kaart:uitsnede>
                        <kaart:Kaartextent>
                            <kaart:minX>43662.62</kaart:minX>
                            <kaart:minY>406692</kaart:minY>
                            <kaart:maxX>130222.233</kaart:maxX>
                            <kaart:maxY>482649.607</kaart:maxY>
                        </kaart:Kaartextent>
                    </kaart:uitsnede>
                    <kaart:kaartlagen>
                        <kaart:Kaartlaag>
                            <kaart:identificatie>nl.imow-pv28.kaartlaag.ccdda21be28c47c7a0e48ac1df3e8531</kaart:identificatie>
                            <kaart:naam>natuurnetwerk Nederland: Buijtenland van Rhoon</kaart:naam>
                            <kaart:niveau>1</kaart:niveau>
                            <kaart:gebiedsaanwijzingweergave>
<ga:GebiedsaanwijzingRef xlink:href="nl.imow-pv28.gebiedsaanwijzing.a5d61de799ab4d039ba75ec1721ec469"/>
                            </kaart:gebiedsaanwijzingweergave>
                        </kaart:Kaartlaag>
                        <kaart:Kaartlaag>
                            <kaart:identificatie>nl.imow-pv28.kaartlaag.1c8b8506d3e84a2c90c3c720bbba716d</kaart:identificatie>
                            <kaart:naam>natuurnetwerk Nederland: prioritaire nieuwe natuur</kaart:naam>
                            <kaart:niveau>2</kaart:niveau>
                            <kaart:gebiedsaanwijzingweergave>
<ga:GebiedsaanwijzingRef xlink:href="nl.imow-pv28.gebiedsaanwijzing.76614a2e609541938397a199fdbd7cb5"/>
                            </kaart:gebiedsaanwijzingweergave>
                        </kaart:Kaartlaag>
                        <kaart:Kaartlaag>
                            <kaart:identificatie>nl.imow-pv28.kaartlaag.65b8992b418c4beda9a87ad9601b9e5a</kaart:identificatie>
                            <kaart:naam>natuurnetwerk Nederland: zoekgebied natuur</kaart:naam>
                            <kaart:niveau>3</kaart:niveau>
                            <kaart:gebiedsaanwijzingweergave>
<ga:GebiedsaanwijzingRef xlink:href="nl.imow-pv28.gebiedsaanwijzing.c916e5347c434b0f95332ce6a5469778"/>
                            </kaart:gebiedsaanwijzingweergave>
                        </kaart:Kaartlaag>
                        <kaart:Kaartlaag>
                            <kaart:identificatie>nl.imow-pv28.kaartlaag.f4d2742da6174ecbb54fc4d1ec7ce150</kaart:identificatie>
                            <kaart:naam>natuurnetwerk Nederland: ecologische verbinding</kaart:naam>
                            <kaart:niveau>4</kaart:niveau>
                            <kaart:gebiedsaanwijzingweergave>
<ga:GebiedsaanwijzingRef xlink:href="nl.imow-pv28.gebiedsaanwijzing.3360d7b695984e41ae9a71d1e19a6537"/>
                            </kaart:gebiedsaanwijzingweergave>
                        </kaart:Kaartlaag>
                        <kaart:Kaartlaag>
                            <kaart:identificatie>nl.imow-pv28.kaartlaag.760cb60201504e139026ceb8aa2f10a7</kaart:identificatie>
                            <kaart:naam>natuurnetwerk Nederland: blijvend agrarisch gebied binnen Natura 2000-gebied</kaart:naam>
                            <kaart:niveau>5</kaart:niveau>
                            <kaart:gebiedsaanwijzingweergave>
<ga:GebiedsaanwijzingRef xlink:href="nl.imow-pv28.gebiedsaanwijzing.5556256f61774fbf802108d0a91f46d4"/>
                            </kaart:gebiedsaanwijzingweergave>
                        </kaart:Kaartlaag>
                        <kaart:Kaartlaag>
                            <kaart:identificatie>nl.imow-pv28.kaartlaag.d4f1a0379c53484c95cafc758c9d3759</kaart:identificatie>
                            <kaart:naam>natuurnetwerk Nederland: waternatuur</kaart:naam>
                            <kaart:niveau>6</kaart:niveau>
                            <kaart:gebiedsaanwijzingweergave>
<ga:GebiedsaanwijzingRef xlink:href="nl.imow-pv28.gebiedsaanwijzing.66bac9e124834371b374d6b01c7e209c"/>
                            </kaart:gebiedsaanwijzingweergave>
                        </kaart:Kaartlaag>
                        <kaart:Kaartlaag>
                            <kaart:identificatie>nl.imow-pv28.kaartlaag.0a65fe0dbc8b47818b3c8b3aba4360d5</kaart:identificatie>
                            <kaart:naam>natuurnetwerk Nederland: bestaande en nieuwe natuur</kaart:naam>
                            <kaart:niveau>7</kaart:niveau>
                            <kaart:gebiedsaanwijzingweergave>
<ga:GebiedsaanwijzingRef xlink:href="nl.imow-pv28.gebiedsaanwijzing.094dcef04de844b3b45a4e1022a212d2"/>
                            </kaart:gebiedsaanwijzingweergave>
                        </kaart:Kaartlaag>
                        <kaart:Kaartlaag>
                            <kaart:identificatie>nl.imow-pv28.kaartlaag.71dad3d29cca401cadebad66ab487548</kaart:identificatie>
                            <kaart:naam>natuurnetwerk Nederland</kaart:naam>
                            <kaart:niveau>8</kaart:niveau>
                            <kaart:gebiedsaanwijzingweergave>
<ga:GebiedsaanwijzingRef xlink:href="nl.imow-pv28.gebiedsaanwijzing.2b085cd976e74264afc9f3ce1de98f24"/>
                            </kaart:gebiedsaanwijzingweergave>
                        </kaart:Kaartlaag>
                    </kaart:kaartlagen>
                </kaart:Kaart>
            </ow-dc:owObject>
        </sl:stand>
        <sl:stand>
            <ow-dc:owObject>
                <kaart:Kaart>
                    <kaart:identificatie>nl.imow-pv28.kaart.914281f5f96247688be8d83a166cb607</kaart:identificatie>
                    <kaart:naam>Regionale wateren - peilbesluitgebieden</kaart:naam>
                    <kaart:nummer>9</kaart:nummer>
                    <kaart:uitsnede>
                        <kaart:Kaartextent>
                            <kaart:minX>49774.535</kaart:minX>
                            <kaart:minY>408106.094</kaart:minY>
                            <kaart:maxX>130476.656</kaart:maxX>
                            <kaart:maxY>481464.38</kaart:maxY>
                        </kaart:Kaartextent>
                    </kaart:uitsnede>
                    <kaart:kaartlagen>
                        <kaart:Kaartlaag>
                            <kaart:identificatie>nl.imow-pv28.kaartlaag.2cb9fdf4710f4565b5b78164978ec0f5</kaart:identificatie>
                            <kaart:naam>peilbesluitgebieden</kaart:naam>
                            <kaart:niveau>1</kaart:niveau>
                            <kaart:gebiedsaanwijzingweergave>
<ga:GebiedsaanwijzingRef xlink:href="nl.imow-pv28.gebiedsaanwijzing.a3914afdb6ff43059b9a7930b9d98246"/>
                            </kaart:gebiedsaanwijzingweergave>
                        </kaart:Kaartlaag>
                    </kaart:kaartlagen>
                </kaart:Kaart>
            </ow-dc:owObject>
        </sl:stand>
        <sl:stand>
            <ow-dc:owObject>
                <kaart:Kaart>
                    <kaart:identificatie>nl.imow-pv28.kaart.9afb166cdc7241cb91f01e622e251985</kaart:identificatie>
                    <kaart:naam>Drinkwatervoorziening infrastructuur</kaart:naam>
                    <kaart:nummer>27</kaart:nummer>
                    <kaart:uitsnede>
                        <kaart:Kaartextent>
                            <kaart:minX>48281.652</kaart:minX>
                            <kaart:minY>418858.871</kaart:minY>
                            <kaart:maxX>129928.337</kaart:maxX>
                            <kaart:maxY>467066.158</kaart:maxY>
                        </kaart:Kaartextent>
                    </kaart:uitsnede>
                    <kaart:kaartlagen>
                        <kaart:Kaartlaag>
                            <kaart:identificatie>nl.imow-pv28.kaartlaag.5e3751c388564157ade05038b319ff65</kaart:identificatie>
                            <kaart:naam>vitale infrastructuur openbare drinkwatervoorziening</kaart:naam>
                            <kaart:niveau>1</kaart:niveau>
                            <kaart:gebiedsaanwijzingweergave>
<ga:GebiedsaanwijzingRef xlink:href="nl.imow-pv28.gebiedsaanwijzing.0df671e3b1e24aa5b0c69d85070463f8"/>
                            </kaart:gebiedsaanwijzingweergave>
                        </kaart:Kaartlaag>
                    </kaart:kaartlagen>
                </kaart:Kaart>
            </ow-dc:owObject>
        </sl:stand>
        <sl:stand>
            <ow-dc:owObject>
                <kaart:Kaart>
                    <kaart:identificatie>nl.imow-pv28.kaart.a043db7fc90647449e46eedb66ba5954</kaart:identificatie>
                    <kaart:naam>Teeltgebieden</kaart:naam>
                    <kaart:nummer>20</kaart:nummer>
                    <kaart:uitsnede>
                        <kaart:Kaartextent>
                            <kaart:minX>67033.43</kaart:minX>
                            <kaart:minY>411739.591</kaart:minY>
                            <kaart:maxX>113616.113</kaart:maxX>
                            <kaart:maxY>481412.312</kaart:maxY>
                        </kaart:Kaartextent>
                    </kaart:uitsnede>
                    <kaart:kaartlagen>
                        <kaart:Kaartlaag>
                            <kaart:identificatie>nl.imow-pv28.kaartlaag.4d35b09db441439b84d14f70b251b405</kaart:identificatie>
                            <kaart:naam>compensatiegebied bollenteelt</kaart:naam>
                            <kaart:niveau>1</kaart:niveau>
                            <kaart:gebiedsaanwijzingweergave>
<ga:GebiedsaanwijzingRef xlink:href="nl.imow-pv28.gebiedsaanwijzing.7ba37f12a892428181ae32b60dd443ab"/>
                            </kaart:gebiedsaanwijzingweergave>
                        </kaart:Kaartlaag>
                        <kaart:Kaartlaag>
                            <kaart:identificatie>nl.imow-pv28.kaartlaag.3643fe962b694bd6ad90fe7ac5355f7d</kaart:identificatie>
                            <kaart:naam>bollenteeltgebied</kaart:naam>
                            <kaart:niveau>2</kaart:niveau>
                            <kaart:gebiedsaanwijzingweergave>
<ga:GebiedsaanwijzingRef xlink:href="nl.imow-pv28.gebiedsaanwijzing.496a9c4653bc406eb95600d2329b9f51"/>
                            </kaart:gebiedsaanwijzingweergave>
                        </kaart:Kaartlaag>
                        <kaart:Kaartlaag>
                            <kaart:identificatie>nl.imow-pv28.kaartlaag.7df8f79ee4bb4fe3971f562a4a492c5d</kaart:identificatie>
                            <kaart:naam>boom- en sierteeltgebied – maatwerk</kaart:naam>
                            <kaart:niveau>3</kaart:niveau>
                            <kaart:gebiedsaanwijzingweergave>
<ga:GebiedsaanwijzingRef xlink:href="nl.imow-pv28.gebiedsaanwijzing.cf9581b498a145ce95b2db55ab61c590"/>
                            </kaart:gebiedsaanwijzingweergave>
                        </kaart:Kaartlaag>
                        <kaart:Kaartlaag>
                            <kaart:identificatie>nl.imow-pv28.kaartlaag.175cdccfb4d2474cbcccdd380a86d436</kaart:identificatie>
                            <kaart:naam>boom- en sierteeltgebied PCT-terrein</kaart:naam>
                            <kaart:niveau>4</kaart:niveau>
                            <kaart:gebiedsaanwijzingweergave>
<ga:GebiedsaanwijzingRef xlink:href="nl.imow-pv28.gebiedsaanwijzing.44992a08de16480990c1372e59b86a65"/>
                            </kaart:gebiedsaanwijzingweergave>
                        </kaart:Kaartlaag>
                        <kaart:Kaartlaag>
                            <kaart:identificatie>nl.imow-pv28.kaartlaag.95350148076b49de9bd3da5c0cd80b1e</kaart:identificatie>
                            <kaart:naam>boom- en sierteeltgebied</kaart:naam>
                            <kaart:niveau>5</kaart:niveau>
                            <kaart:gebiedsaanwijzingweergave>
<ga:GebiedsaanwijzingRef xlink:href="nl.imow-pv28.gebiedsaanwijzing.f9f12232bbd44f9b9a64b00745ab709f"/>
                            </kaart:gebiedsaanwijzingweergave>
                        </kaart:Kaartlaag>
                        <kaart:Kaartlaag>
                            <kaart:identificatie>nl.imow-pv28.kaartlaag.c4dda1d2f5c345feb88b6f2377bd08e9</kaart:identificatie>
                            <kaart:naam>maatwerkgebied glastuinbouw</kaart:naam>
                            <kaart:niveau>6</kaart:niveau>
                            <kaart:gebiedsaanwijzingweergave>
<ga:GebiedsaanwijzingRef xlink:href="nl.imow-pv28.gebiedsaanwijzing.1a6651c45c5d4a4c865d294f7d1e03ef"/>
                            </kaart:gebiedsaanwijzingweergave>
                        </kaart:Kaartlaag>
                        <kaart:Kaartlaag>
                            <kaart:identificatie>nl.imow-pv28.kaartlaag.eb4c506538d74228be15642f756f84a8</kaart:identificatie>
                            <kaart:naam>glastuinbouwgebied Tinte</kaart:naam>
                            <kaart:niveau>7</kaart:niveau>
                            <kaart:gebiedsaanwijzingweergave>
<ga:GebiedsaanwijzingRef xlink:href="nl.imow-pv28.gebiedsaanwijzing.7f97ccfc4a224868900b9dec50f474f7"/>
                            </kaart:gebiedsaanwijzingweergave>
                        </kaart:Kaartlaag>
                        <kaart:Kaartlaag>
                            <kaart:identificatie>nl.imow-pv28.kaartlaag.51347dba8bf241d49e2f03ebf89da030</kaart:identificatie>
                            <kaart:naam>glastuinbouwgebied Glasparel en Knibbelweg Oost</kaart:naam>
                            <kaart:niveau>8</kaart:niveau>
                            <kaart:gebiedsaanwijzingweergave>
<ga:GebiedsaanwijzingRef xlink:href="nl.imow-pv28.gebiedsaanwijzing.b48afad8f5c14107b43d3d12b06ce83b"/>
                            </kaart:gebiedsaanwijzingweergave>
                        </kaart:Kaartlaag>
                        <kaart:Kaartlaag>
                            <kaart:identificatie>nl.imow-pv28.kaartlaag.7c0c6b6d5b56410fbf16aeac7b54e830</kaart:identificatie>
                            <kaart:naam>glastuinbouwgebied Westland-Oostland</kaart:naam>
                            <kaart:niveau>9</kaart:niveau>
                            <kaart:gebiedsaanwijzingweergave>
<ga:GebiedsaanwijzingRef xlink:href="nl.imow-pv28.gebiedsaanwijzing.27b212ef371544aba732983e612ec705"/>
                            </kaart:gebiedsaanwijzingweergave>
                        </kaart:Kaartlaag>
                        <kaart:Kaartlaag>
                            <kaart:identificatie>nl.imow-pv28.kaartlaag.85306d9634834cf5b50149fc0ba60405</kaart:identificatie>
                            <kaart:naam>glastuinbouwgebied</kaart:naam>
                            <kaart:niveau>10</kaart:niveau>
                            <kaart:gebiedsaanwijzingweergave>
<ga:GebiedsaanwijzingRef xlink:href="nl.imow-pv28.gebiedsaanwijzing.1c36904502204513bb9494cfa72692d0"/>
                            </kaart:gebiedsaanwijzingweergave>
                        </kaart:Kaartlaag>
                    </kaart:kaartlagen>
                </kaart:Kaart>
            </ow-dc:owObject>
        </sl:stand>
        <sl:stand>
            <ow-dc:owObject>
                <kaart:Kaart>
                    <kaart:identificatie>nl.imow-pv28.kaart.c04b6510fdc842f895d81e7451d20b43</kaart:identificatie>
                    <kaart:naam>Externe veiligheid</kaart:naam>
                    <kaart:nummer>14</kaart:nummer>
                    <kaart:uitsnede>
                        <kaart:Kaartextent>
                            <kaart:minX>55697.056</kaart:minX>
                            <kaart:minY>421976.277</kaart:minY>
                            <kaart:maxX>106349.948</kaart:maxX>
                            <kaart:maxY>454333.287</kaart:maxY>
                        </kaart:Kaartextent>
                    </kaart:uitsnede>
                    <kaart:kaartlagen>
                        <kaart:Kaartlaag>
                            <kaart:identificatie>nl.imow-pv28.kaartlaag.eb662d7c4c0b46edafa61113461812a1</kaart:identificatie>
                            <kaart:naam>niet-basisnet transportroutes in verband met groepsrisico</kaart:naam>
                            <kaart:niveau>1</kaart:niveau>
                            <kaart:gebiedsaanwijzingweergave>
<ga:GebiedsaanwijzingRef xlink:href="nl.imow-pv28.gebiedsaanwijzing.e0b4d23a68164f268b69d81629325302"/>
                            </kaart:gebiedsaanwijzingweergave>
                        </kaart:Kaartlaag>
                        <kaart:Kaartlaag>
                            <kaart:identificatie>nl.imow-pv28.kaartlaag.aada153673d64356ac4091cec0bcf106</kaart:identificatie>
                            <kaart:naam>uitzondering veiligheidszone Nieuwe Waterweg en Nieuwe Maas risicogebieden externe veiligheid</kaart:naam>
                            <kaart:niveau>2</kaart:niveau>
                            <kaart:gebiedsaanwijzingweergave>
<ga:GebiedsaanwijzingRef xlink:href="nl.imow-pv28.gebiedsaanwijzing.594e0e56b79d4f3d86fd86b433536b39"/>
                            </kaart:gebiedsaanwijzingweergave>
                        </kaart:Kaartlaag>
                        <kaart:Kaartlaag>
                            <kaart:identificatie>nl.imow-pv28.kaartlaag.bf14479ecb0f4638af69b88de0777285</kaart:identificatie>
                            <kaart:naam>veiligheidszone Nieuwe Waterweg en Nieuwe Maas</kaart:naam>
                            <kaart:niveau>3</kaart:niveau>
                            <kaart:gebiedsaanwijzingweergave>
<ga:GebiedsaanwijzingRef xlink:href="nl.imow-pv28.gebiedsaanwijzing.49cc9579602c4315ae2309c9553075df"/>
                            </kaart:gebiedsaanwijzingweergave>
                        </kaart:Kaartlaag>
                        <kaart:Kaartlaag>
                            <kaart:identificatie>nl.imow-pv28.kaartlaag.67cc331f64c5437aaaf10d5949c57471</kaart:identificatie>
                            <kaart:naam>risicogebied externe veiligheid Waalhaven</kaart:naam>
                            <kaart:niveau>4</kaart:niveau>
                            <kaart:gebiedsaanwijzingweergave>
<ga:GebiedsaanwijzingRef xlink:href="nl.imow-pv28.gebiedsaanwijzing.f2a3f3cae0c1407eb689cedc7c016514"/>
                            </kaart:gebiedsaanwijzingweergave>
                        </kaart:Kaartlaag>
                        <kaart:Kaartlaag>
                            <kaart:identificatie>nl.imow-pv28.kaartlaag.c02b1f8d26e44cb4b28bc2a5c4ce5669</kaart:identificatie>
                            <kaart:naam>risicogebied externe veiligheid Eemhaven en Distripark</kaart:naam>
                            <kaart:niveau>5</kaart:niveau>
                            <kaart:gebiedsaanwijzingweergave>
<ga:GebiedsaanwijzingRef xlink:href="nl.imow-pv28.gebiedsaanwijzing.56a6d7fd16ab4b5d9b4aadd10a5a1808"/>
                            </kaart:gebiedsaanwijzingweergave>
                        </kaart:Kaartlaag>
                        <kaart:Kaartlaag>
                            <kaart:identificatie>nl.imow-pv28.kaartlaag.66a028d4861b42b6a4456e3dd2c7c212</kaart:identificatie>
                            <kaart:naam>risicogebied externe veiligheid Zeehavens Dordrecht</kaart:naam>
                            <kaart:niveau>6</kaart:niveau>
                            <kaart:gebiedsaanwijzingweergave>
<ga:GebiedsaanwijzingRef xlink:href="nl.imow-pv28.gebiedsaanwijzing.868fb1df5bf947b6895fd5e013d146d0"/>
                            </kaart:gebiedsaanwijzingweergave>
                        </kaart:Kaartlaag>
                        <kaart:Kaartlaag>
                            <kaart:identificatie>nl.imow-pv28.kaartlaag.1b5fd4f4a9dc486f8f64978f82773b19</kaart:identificatie>
                            <kaart:naam>risicogebied externe veiligheid Maasvlakte 1 en Maasvlakte 2</kaart:naam>
                            <kaart:niveau>7</kaart:niveau>
                            <kaart:gebiedsaanwijzingweergave>
<ga:GebiedsaanwijzingRef xlink:href="nl.imow-pv28.gebiedsaanwijzing.4c9128a7370747cebd5d607b2fdfec98"/>
                            </kaart:gebiedsaanwijzingweergave>
                        </kaart:Kaartlaag>
                        <kaart:Kaartlaag>
                            <kaart:identificatie>nl.imow-pv28.kaartlaag.c66e71e971314b7fa6a0ad959e2f2a4c</kaart:identificatie>
                            <kaart:naam>risicogebied externe veiligheid Europoort en Landtong</kaart:naam>
                            <kaart:niveau>8</kaart:niveau>
                            <kaart:gebiedsaanwijzingweergave>
<ga:GebiedsaanwijzingRef xlink:href="nl.imow-pv28.gebiedsaanwijzing.fdf7e092a18b45e18a54f9a2963bce25"/>
                            </kaart:gebiedsaanwijzingweergave>
                        </kaart:Kaartlaag>
                        <kaart:Kaartlaag>
                            <kaart:identificatie>nl.imow-pv28.kaartlaag.904de677d33e41c989340b7e010faa76</kaart:identificatie>
                            <kaart:naam>risicogebied externe veiligheid Botlek – Vondelingenplaat</kaart:naam>
                            <kaart:niveau>9</kaart:niveau>
                            <kaart:gebiedsaanwijzingweergave>
<ga:GebiedsaanwijzingRef xlink:href="nl.imow-pv28.gebiedsaanwijzing.28c0239203cf4f6ab1c147c7f4b3a317"/>
                            </kaart:gebiedsaanwijzingweergave>
                        </kaart:Kaartlaag>
                    </kaart:kaartlagen>
                </kaart:Kaart>
            </ow-dc:owObject>
        </sl:stand>
        <sl:stand>
            <ow-dc:owObject>
                <kaart:Kaart>
                    <kaart:identificatie>nl.imow-pv28.kaart.c32f5e070ba640af90cad82325967750</kaart:identificatie>
                    <kaart:naam>Ontgrondingen</kaart:naam>
                    <kaart:nummer>13</kaart:nummer>
                    <kaart:uitsnede>
                        <kaart:Kaartextent>
                            <kaart:minX>57005.251</kaart:minX>
                            <kaart:minY>437437.569</kaart:minY>
                            <kaart:maxX>68042.741</kaart:maxX>
                            <kaart:maxY>445954.294</kaart:maxY>
                        </kaart:Kaartextent>
                    </kaart:uitsnede>
                    <kaart:kaartlagen>
                        <kaart:Kaartlaag>
                            <kaart:identificatie>nl.imow-pv28.kaartlaag.016804e9090d4bb1a54e3f314426ec51</kaart:identificatie>
                            <kaart:naam>Maasvlakte</kaart:naam>
                            <kaart:niveau>1</kaart:niveau>
                            <kaart:gebiedsaanwijzingweergave>
<ga:GebiedsaanwijzingRef xlink:href="nl.imow-pv28.gebiedsaanwijzing.d9a050c1d7f84d40956caf6e8daa5c2e"/>
                            </kaart:gebiedsaanwijzingweergave>
                        </kaart:Kaartlaag>
                    </kaart:kaartlagen>
                </kaart:Kaart>
            </ow-dc:owObject>
        </sl:stand>
        <sl:stand>
            <ow-dc:owObject>
                <kaart:Kaart>
                    <kaart:identificatie>nl.imow-pv28.kaart.d2ec23b374994163be4675e2712084e3</kaart:identificatie>
                    <kaart:naam>Grondwaterbeschermingsgebieden</kaart:naam>
                    <kaart:nummer>3</kaart:nummer>
                    <kaart:uitsnede>
                        <kaart:Kaartextent>
                            <kaart:minX>0</kaart:minX>
                            <kaart:minY>300000.000</kaart:minY>
                            <kaart:maxX>300000.000</kaart:maxX>
                            <kaart:maxY>650000.000</kaart:maxY>
                        </kaart:Kaartextent>
                    </kaart:uitsnede>
                    <kaart:kaartlagen>
                        <kaart:Kaartlaag>
                            <kaart:identificatie>nl.imow-pv28.kaartlaag.076fdefb0f0949169f1d153be8ac6a45</kaart:identificatie>
                            <kaart:naam>waterwingebieden</kaart:naam>
                            <kaart:niveau>4</kaart:niveau>
                            <kaart:gebiedsaanwijzingweergave>
<ga:GebiedsaanwijzingRef xlink:href="nl.imow-pv28.gebiedsaanwijzing.fcd061e1a7ff4eb0bb9622df1e3454d9"/>
                            </kaart:gebiedsaanwijzingweergave>
                        </kaart:Kaartlaag>
                        <kaart:Kaartlaag>
                            <kaart:identificatie>nl.imow-pv28.kaartlaag.172f3991d71843eab4e21ba1505f579b</kaart:identificatie>
                            <kaart:naam>grondwaterbeschermingszones</kaart:naam>
                            <kaart:niveau>3</kaart:niveau>
                            <kaart:gebiedsaanwijzingweergave>
<ga:GebiedsaanwijzingRef xlink:href="nl.imow-pv28.gebiedsaanwijzing.4e76e7c624964ead98e502ef4014ab47"/>
                            </kaart:gebiedsaanwijzingweergave>
                        </kaart:Kaartlaag>
                        <kaart:Kaartlaag>
                            <kaart:identificatie>nl.imow-pv28.kaartlaag.d62281eb6c10454aac8e7f407e3dd465</kaart:identificatie>
                            <kaart:naam>grondwaterbeschermingsgebieden</kaart:naam>
                            <kaart:niveau>5</kaart:niveau>
                            <kaart:gebiedsaanwijzingweergave>
<ga:GebiedsaanwijzingRef xlink:href="nl.imow-pv28.gebiedsaanwijzing.e2b6f32d1f7c4d32b7a9ac4a33add55b"/>
                            </kaart:gebiedsaanwijzingweergave>
                        </kaart:Kaartlaag>
                        <kaart:Kaartlaag>
                            <kaart:identificatie>nl.imow-pv28.kaartlaag.7c38596a9f914478aafe3aa77ddb79db</kaart:identificatie>
                            <kaart:naam>boringsvrije zones</kaart:naam>
                            <kaart:niveau>2</kaart:niveau>
                            <kaart:gebiedsaanwijzingweergave>
<ga:GebiedsaanwijzingRef xlink:href="nl.imow-pv28.gebiedsaanwijzing.9a676e0b615248e1a90994a119aeeec1"/>
                            </kaart:gebiedsaanwijzingweergave>
                        </kaart:Kaartlaag>
                        <kaart:Kaartlaag>
                            <kaart:identificatie>nl.imow-pv28.kaartlaag.93dd5747af874f6e9d040279e043c12d</kaart:identificatie>
                            <kaart:naam>gebied voor aanvullende strategische voorraden</kaart:naam>
                            <kaart:niveau>1</kaart:niveau>
                            <kaart:gebiedsaanwijzingweergave>
<ga:GebiedsaanwijzingRef xlink:href="nl.imow-pv28.gebiedsaanwijzing.fcb3015f9a8643f5b2bddbed7c46c17f"/>
                            </kaart:gebiedsaanwijzingweergave>
                        </kaart:Kaartlaag>
                    </kaart:kaartlagen>
                </kaart:Kaart>
            </ow-dc:owObject>
        </sl:stand>
        <sl:stand>
            <ow-dc:owObject>
                <kaart:Kaart>
                    <kaart:identificatie>nl.imow-pv28.kaart.dcb2b24079d2438ab3c28fa23239abbb</kaart:identificatie>
                    <kaart:naam>Zuid-Holland</kaart:naam>
                    <kaart:nummer>1</kaart:nummer>
                    <kaart:uitsnede>
                        <kaart:Kaartextent>
                            <kaart:minX>43662.62</kaart:minX>
                            <kaart:minY>406692</kaart:minY>
                            <kaart:maxX>130480.876</kaart:maxX>
                            <kaart:maxY>483120</kaart:maxY>
                        </kaart:Kaartextent>
                    </kaart:uitsnede>
                    <kaart:kaartlagen>
                        <kaart:Kaartlaag>
                            <kaart:identificatie>nl.imow-pv28.kaartlaag.31139f8110ef46b9b5f6b0dcd5654197</kaart:identificatie>
                            <kaart:naam>Zuid-Holland</kaart:naam>
                            <kaart:niveau>1</kaart:niveau>
                            <kaart:gebiedsaanwijzingweergave>
<ga:GebiedsaanwijzingRef xlink:href="nl.imow-pv28.gebiedsaanwijzing.8480c7b05de4469997eb497a294ff130"/>
                            </kaart:gebiedsaanwijzingweergave>
                        </kaart:Kaartlaag>
                    </kaart:kaartlagen>
                </kaart:Kaart>
            </ow-dc:owObject>
        </sl:stand>
        <sl:stand>
            <ow-dc:owObject>
                <kaart:Kaart>
                    <kaart:identificatie>nl.imow-pv28.kaart.e7598ba36d934b9da324b7ee5e301efb</kaart:identificatie>
                    <kaart:naam>Stedelijke ontwikkelingen</kaart:naam>
                    <kaart:nummer>17</kaart:nummer>
                    <kaart:uitsnede>
                        <kaart:Kaartextent>
                            <kaart:minX>54355.372</kaart:minX>
                            <kaart:minY>412764.3</kaart:minY>
                            <kaart:maxX>129358.367</kaart:maxX>
                            <kaart:maxY>480582.719</kaart:maxY>
                        </kaart:Kaartextent>
                    </kaart:uitsnede>
                    <kaart:kaartlagen>
                        <kaart:Kaartlaag>
                            <kaart:identificatie>nl.imow-pv28.kaartlaag.06951f9213034686bfacb9337f6ffa57</kaart:identificatie>
                            <kaart:naam>grote buitenstedelijke bouwlocatie</kaart:naam>
                            <kaart:niveau>1</kaart:niveau>
                            <kaart:gebiedsaanwijzingweergave>
<ga:GebiedsaanwijzingRef xlink:href="nl.imow-pv28.gebiedsaanwijzing.2ba3ed6eaa5c4543bc23860111194418"/>
<ga:GebiedsaanwijzingRef xlink:href="nl.imow-pv28.gebiedsaanwijzing.5673ffe69eb448d59e2b8fb5c7194cae"/>
<ga:GebiedsaanwijzingRef xlink:href="nl.imow-pv28.gebiedsaanwijzing.4a08207231ff448394217401ff91ea29"/>
<ga:GebiedsaanwijzingRef xlink:href="nl.imow-pv28.gebiedsaanwijzing.d7174f79bbc749e1bce864f713b0d211"/>
<ga:GebiedsaanwijzingRef xlink:href="nl.imow-pv28.gebiedsaanwijzing.46caaaab5caa4b958e83d13c4b78a4d7"/>
                            </kaart:gebiedsaanwijzingweergave>
                        </kaart:Kaartlaag>
                        <kaart:Kaartlaag>
                            <kaart:identificatie>nl.imow-pv28.kaartlaag.49b9a773ab9f452984e08c6457c8cda7</kaart:identificatie>
                            <kaart:naam>stationsomgeving</kaart:naam>
                            <kaart:niveau>2</kaart:niveau>
                            <kaart:gebiedsaanwijzingweergave>
<ga:GebiedsaanwijzingRef xlink:href="nl.imow-pv28.gebiedsaanwijzing.8877ce929e0a4586944c7f93bf1804c1"/>
                            </kaart:gebiedsaanwijzingweergave>
                        </kaart:Kaartlaag>
                    </kaart:kaartlagen>
                </kaart:Kaart>
            </ow-dc:owObject>
        </sl:stand>
        <sl:stand>
            <ow-dc:owObject>
                <kaart:Kaart>
                    <kaart:identificatie>nl.imow-pv28.kaart.ef33cfa3571246b88084643d034692a8</kaart:identificatie>
                    <kaart:naam>Provinciale en regionale vaarwegen</kaart:naam>
                    <kaart:nummer>5</kaart:nummer>
                    <kaart:uitsnede>
                        <kaart:Kaartextent>
                            <kaart:minX>66748.62</kaart:minX>
                            <kaart:minY>426020.972</kaart:minY>
                            <kaart:maxX>130180.266</kaart:maxX>
                            <kaart:maxY>481464.38</kaart:maxY>
                        </kaart:Kaartextent>
                    </kaart:uitsnede>
                    <kaart:kaartlagen>
                        <kaart:Kaartlaag>
                            <kaart:identificatie>nl.imow-pv28.kaartlaag.1fd644a3c5d545dcaccda4304f4a656f</kaart:identificatie>
                            <kaart:naam>regionale vaarwegen</kaart:naam>
                            <kaart:niveau>1</kaart:niveau>
                            <kaart:gebiedsaanwijzingweergave>
<ga:GebiedsaanwijzingRef xlink:href="nl.imow-pv28.gebiedsaanwijzing.4f502361499e43ea98f8e66020a80cb9"/>
                            </kaart:gebiedsaanwijzingweergave>
                        </kaart:Kaartlaag>
                        <kaart:Kaartlaag>
                            <kaart:identificatie>nl.imow-pv28.kaartlaag.968b79cd61284156a2aa0b0630800ed0</kaart:identificatie>
                            <kaart:naam>vrijwaringszone provinciale vaarweg</kaart:naam>
                            <kaart:niveau>2</kaart:niveau>
                            <kaart:gebiedsaanwijzingweergave>
<ga:GebiedsaanwijzingRef xlink:href="nl.imow-pv28.gebiedsaanwijzing.b25db9f63b8c45c986351cd808966519"/>
                            </kaart:gebiedsaanwijzingweergave>
                        </kaart:Kaartlaag>
                        <kaart:Kaartlaag>
                            <kaart:identificatie>nl.imow-pv28.kaartlaag.93ada3beeeea4eea84f364bd1ba218ab</kaart:identificatie>
                            <kaart:naam>beperkingengebied provinciale vaarweg</kaart:naam>
                            <kaart:niveau>3</kaart:niveau>
                            <kaart:gebiedsaanwijzingweergave>
<ga:GebiedsaanwijzingRef xlink:href="nl.imow-pv28.gebiedsaanwijzing.255b90e37d1d40e9af3fe806914cd13e"/>
                            </kaart:gebiedsaanwijzingweergave>
                        </kaart:Kaartlaag>
                        <kaart:Kaartlaag>
                            <kaart:identificatie>nl.imow-pv28.kaartlaag.d6e05440880849549d125386faef213e</kaart:identificatie>
                            <kaart:naam>provinciale vaarwegen, overige delen</kaart:naam>
                            <kaart:niveau>4</kaart:niveau>
                            <kaart:gebiedsaanwijzingweergave>
<ga:GebiedsaanwijzingRef xlink:href="nl.imow-pv28.gebiedsaanwijzing.805d0b62fa2a4c688efa22b1f4a9d401"/>
                            </kaart:gebiedsaanwijzingweergave>
                        </kaart:Kaartlaag>
                        <kaart:Kaartlaag>
                            <kaart:identificatie>nl.imow-pv28.kaartlaag.8cef60650db74db5856870b15187dc75</kaart:identificatie>
                            <kaart:naam>provinciale vaarwegen, veiligheidszone</kaart:naam>
                            <kaart:niveau>5</kaart:niveau>
                            <kaart:gebiedsaanwijzingweergave>
<ga:GebiedsaanwijzingRef xlink:href="nl.imow-pv28.gebiedsaanwijzing.ce03c136a53a45989bb501afcce16576"/>
                            </kaart:gebiedsaanwijzingweergave>
                        </kaart:Kaartlaag>
                        <kaart:Kaartlaag>
                            <kaart:identificatie>nl.imow-pv28.kaartlaag.c5021f64730e4f03b3293adc5063f9c1</kaart:identificatie>
                            <kaart:naam>provinciale vaarwegen, veiligheidsstrook</kaart:naam>
                            <kaart:niveau>6</kaart:niveau>
                            <kaart:gebiedsaanwijzingweergave>
<ga:GebiedsaanwijzingRef xlink:href="nl.imow-pv28.gebiedsaanwijzing.ad9d2c1aa92e42a4bd2a31ddfc1faa75"/>
                            </kaart:gebiedsaanwijzingweergave>
                        </kaart:Kaartlaag>
                        <kaart:Kaartlaag>
                            <kaart:identificatie>nl.imow-pv28.kaartlaag.fbdae1c8ff7240d39cb091f4b14bcdfc</kaart:identificatie>
                            <kaart:naam>provinciale vaarwegen, vaarstrook</kaart:naam>
                            <kaart:niveau>7</kaart:niveau>
                            <kaart:gebiedsaanwijzingweergave>
<ga:GebiedsaanwijzingRef xlink:href="nl.imow-pv28.gebiedsaanwijzing.af5b8ca7052a4473aae16005ce8aaf62"/>
                            </kaart:gebiedsaanwijzingweergave>
                        </kaart:Kaartlaag>
                        <kaart:Kaartlaag>
                            <kaart:identificatie>nl.imow-pv28.kaartlaag.17ce6aa7f83347fdb2bcbf4497482323</kaart:identificatie>
                            <kaart:naam>provinciale vaarwegen</kaart:naam>
                            <kaart:niveau>8</kaart:niveau>
                            <kaart:gebiedsaanwijzingweergave>
<ga:GebiedsaanwijzingRef xlink:href="nl.imow-pv28.gebiedsaanwijzing.2377659f2d744b1897bd574161555b59"/>
                            </kaart:gebiedsaanwijzingweergave>
                        </kaart:Kaartlaag>
                    </kaart:kaartlagen>
                </kaart:Kaart>
            </ow-dc:owObject>
        </sl:stand>
        <sl:stand>
            <ow-dc:owObject>
                <kaart:Kaart>
                    <kaart:identificatie>nl.imow-pv28.kaart.ef3e7f162e25485d823870ba22e250dd</kaart:identificatie>
                    <kaart:naam>Gesloten stortplaatsen</kaart:naam>
                    <kaart:nummer>4</kaart:nummer>
                    <kaart:uitsnede>
                        <kaart:Kaartextent>
                            <kaart:minX>61408.8</kaart:minX>
                            <kaart:minY>438122.513</kaart:minY>
                            <kaart:maxX>105588.852</kaart:maxX>
                            <kaart:maxY>468621.899</kaart:maxY>
                        </kaart:Kaartextent>
                    </kaart:uitsnede>
                    <kaart:kaartlagen>
                        <kaart:Kaartlaag>
                            <kaart:identificatie>nl.imow-pv28.kaartlaag.b073406ab59d4ca8ba66e5a30313bfce</kaart:identificatie>
                            <kaart:naam>beperkingengebieden gesloten stortplaatsen</kaart:naam>
                            <kaart:niveau>1</kaart:niveau>
                            <kaart:gebiedsaanwijzingweergave>
<ga:GebiedsaanwijzingRef xlink:href="nl.imow-pv28.gebiedsaanwijzing.8d9848c807364ad79d1fab170155e8c2"/>
                            </kaart:gebiedsaanwijzingweergave>
                        </kaart:Kaartlaag>
                    </kaart:kaartlagen>
                </kaart:Kaart>
            </ow-dc:owObject>
        </sl:stand>
        <sl:stand>
            <ow-dc:owObject>
                <kaart:Kaart>
                    <kaart:identificatie>nl.imow-pv28.kaart.f0deee50fba9431ebd6d4302aaac7d44</kaart:identificatie>
                    <kaart:naam>Regionale waterkeringen - veiligheid</kaart:naam>
                    <kaart:nummer>10</kaart:nummer>
                    <kaart:uitsnede>
                        <kaart:Kaartextent>
                            <kaart:minX>56942.01</kaart:minX>
                            <kaart:minY>410456.812</kaart:minY>
                            <kaart:maxX>130216.223</kaart:maxX>
                            <kaart:maxY>481381.055</kaart:maxY>
                        </kaart:Kaartextent>
                    </kaart:uitsnede>
                    <kaart:kaartlagen>
                        <kaart:Kaartlaag>
                            <kaart:identificatie>nl.imow-pv28.kaartlaag.9ccdcba130b6488f932d40e344129163</kaart:identificatie>
                            <kaart:naam>regionale waterkeringen</kaart:naam>
                            <kaart:niveau>1</kaart:niveau>
                            <kaart:gebiedsaanwijzingweergave>
<ga:GebiedsaanwijzingRef xlink:href="nl.imow-pv28.gebiedsaanwijzing.85888f4a78884dea85359b5a30ef28c7"/>
<ga:GebiedsaanwijzingRef xlink:href="nl.imow-pv28.gebiedsaanwijzing.10f2778705ee41b68d935b9ca968d130"/>
<ga:GebiedsaanwijzingRef xlink:href="nl.imow-pv28.gebiedsaanwijzing.9488d599cfb546a38de40f838881dd43"/>
<ga:GebiedsaanwijzingRef xlink:href="nl.imow-pv28.gebiedsaanwijzing.d6408dd89118484284b563b12ae791d7"/>
<ga:GebiedsaanwijzingRef xlink:href="nl.imow-pv28.gebiedsaanwijzing.0ba588d4cfce48bcbe72903c01b4e562"/>
<ga:GebiedsaanwijzingRef xlink:href="nl.imow-pv28.gebiedsaanwijzing.0399a556bb2c4cfaa5eb40bbf49c6408"/>
<ga:GebiedsaanwijzingRef xlink:href="nl.imow-pv28.gebiedsaanwijzing.ebae125074cf4e6cb44e792397b3b9b7"/>
<ga:GebiedsaanwijzingRef xlink:href="nl.imow-pv28.gebiedsaanwijzing.c59ed69263f84a198a01785f311b4182"/>
                            </kaart:gebiedsaanwijzingweergave>
                        </kaart:Kaartlaag>
                    </kaart:kaartlagen>
                </kaart:Kaart>
            </ow-dc:owObject>
        </sl:stand>
        <sl:stand>
            <ow-dc:owObject>
                <kaart:Kaart>
                    <kaart:identificatie>nl.imow-pv28.kaart.fd84ea59c5544acb87d5e0419d2d5eb0</kaart:identificatie>
                    <kaart:naam>Cultureel erfgoed</kaart:naam>
                    <kaart:nummer>23</kaart:nummer>
                    <kaart:uitsnede>
                        <kaart:Kaartextent>
                            <kaart:minX>54068.005</kaart:minX>
                            <kaart:minY>411243.113</kaart:minY>
                            <kaart:maxX>128381.931</kaart:maxX>
                            <kaart:maxY>477579.33</kaart:maxY>
                        </kaart:Kaartextent>
                    </kaart:uitsnede>
                    <kaart:kaartlagen>
                        <kaart:Kaartlaag>
                            <kaart:identificatie>nl.imow-pv28.kaartlaag.094c3313893d422babad27afb7e8125c</kaart:identificatie>
                            <kaart:naam>kasteelbiotoop</kaart:naam>
                            <kaart:niveau>1</kaart:niveau>
                            <kaart:gebiedsaanwijzingweergave>
<ga:GebiedsaanwijzingRef xlink:href="nl.imow-pv28.gebiedsaanwijzing.e4087f556c14476e99bd26a3c85e52f1"/>
                            </kaart:gebiedsaanwijzingweergave>
                        </kaart:Kaartlaag>
                        <kaart:Kaartlaag>
                            <kaart:identificatie>nl.imow-pv28.kaartlaag.a7c56be3cbfc491692245e53792e44b1</kaart:identificatie>
                            <kaart:naam>landgoedbiotoop</kaart:naam>
                            <kaart:niveau>2</kaart:niveau>
                            <kaart:gebiedsaanwijzingweergave>
<ga:GebiedsaanwijzingRef xlink:href="nl.imow-pv28.gebiedsaanwijzing.4e45aea7d9e643879f7b57cd7113f4e9"/>
                            </kaart:gebiedsaanwijzingweergave>
                        </kaart:Kaartlaag>
                        <kaart:Kaartlaag>
                            <kaart:identificatie>nl.imow-pv28.kaartlaag.8f3ce4b3b9024de58e34ac4ce5470f04</kaart:identificatie>
                            <kaart:naam>bijzondere molenbiotoop</kaart:naam>
                            <kaart:niveau>3</kaart:niveau>
                            <kaart:gebiedsaanwijzingweergave>
<ga:GebiedsaanwijzingRef xlink:href="nl.imow-pv28.gebiedsaanwijzing.8b6271d628744abea919caf8a4ea7a16"/>
                            </kaart:gebiedsaanwijzingweergave>
                        </kaart:Kaartlaag>
                        <kaart:Kaartlaag>
                            <kaart:identificatie>nl.imow-pv28.kaartlaag.89110ff4169148a6a978fff301daee92</kaart:identificatie>
                            <kaart:naam>molenbiotoop</kaart:naam>
                            <kaart:niveau>4</kaart:niveau>
                            <kaart:gebiedsaanwijzingweergave>
<ga:GebiedsaanwijzingRef xlink:href="nl.imow-pv28.gebiedsaanwijzing.6f2c4602c2b64fc190688c414987eed0"/>
                            </kaart:gebiedsaanwijzingweergave>
                        </kaart:Kaartlaag>
                    </kaart:kaartlagen>
                </kaart:Kaart>
            </ow-dc:owObject>
        </sl:stand>
        <sl:stand>
            <ow-dc:owObject>
                <kaart:Kaart>
                    <kaart:identificatie>nl.imow-pv28.kaart.ff88e03ec6ee499186601415ec2f5abb</kaart:identificatie>
                    <kaart:naam>Hoofdfietsnetwerk en lange afstand wandelpaden</kaart:naam>
                    <kaart:nummer>26</kaart:nummer>
                    <kaart:uitsnede>
                        <kaart:Kaartextent>
                            <kaart:minX>48154.938</kaart:minX>
                            <kaart:minY>408101.823</kaart:minY>
                            <kaart:maxX>130380.312</kaart:maxX>
                            <kaart:maxY>482534.113</kaart:maxY>
                        </kaart:Kaartextent>
                    </kaart:uitsnede>
                    <kaart:kaartlagen>
                        <kaart:Kaartlaag>
                            <kaart:identificatie>nl.imow-pv28.kaartlaag.d90d122b7d1046a0a0dcd8381913b1af</kaart:identificatie>
                            <kaart:naam>lange afstand wandelpaden</kaart:naam>
                            <kaart:niveau>1</kaart:niveau>
                            <kaart:gebiedsaanwijzingweergave>
<ga:GebiedsaanwijzingRef xlink:href="nl.imow-pv28.gebiedsaanwijzing.6a2f7d6f2f83485895335526466ddf83"/>
                            </kaart:gebiedsaanwijzingweergave>
                        </kaart:Kaartlaag>
                        <kaart:Kaartlaag>
                            <kaart:identificatie>nl.imow-pv28.kaartlaag.8269430022c44d5d9e6402b67c508395</kaart:identificatie>
                            <kaart:naam>hoofdfietsnetwerk</kaart:naam>
                            <kaart:niveau>2</kaart:niveau>
                            <kaart:gebiedsaanwijzingweergave>
<ga:GebiedsaanwijzingRef xlink:href="nl.imow-pv28.gebiedsaanwijzing.8caa262aa7b34c2dbaa01c4fbd683c59"/>
                            </kaart:gebiedsaanwijzingweergave>
                        </kaart:Kaartlaag>
                    </kaart:kaartlagen>
                </kaart:Kaart>
            </ow-dc:owObject>
        </sl:stand>
    </sl:standBestand>
</ow-dc:owBestand>
