<?xml version="1.0" encoding="UTF-8" standalone="yes"?>
<ow-dc:owBestand xmlns:rol="http://www.geostandaarden.nl/imow/regelsoplocatie" xmlns:schemaLocation="http://www.geostandaarden.nl/imow/bestanden/deelbestand https://register.geostandaarden.nl/xmlschema/tpod/v2.0.0/bestanden-ow/deelbestand-ow/IMOW_Deelbestand.xsd" xmlns:rg="http://www.geostandaarden.nl/imow/regelingsgebied" xmlns:da="http://www.geostandaarden.nl/imow/datatypenalgemeen" xmlns:l="http://www.geostandaarden.nl/imow/locatie" xmlns:sym="http://www.geostandaarden.nl/imow/symbolisatie" xmlns:xsi="http://www.w3.org/2001/XMLSchema-instance" xmlns:kaart="http://www.geostandaarden.nl/imow/kaart" xmlns="http://www.geostandaarden.nl/bestanden-ow/manifest-ow" xmlns:xlink="http://www.w3.org/1999/xlink" xmlns:ow-dc="http://www.geostandaarden.nl/imow/bestanden/deelbestand" xmlns:ga="http://www.geostandaarden.nl/imow/gebiedsaanwijzing" xmlns:sl="http://www.geostandaarden.nl/bestanden-ow/standlevering-generiek" xmlns:p="http://www.geostandaarden.nl/imow/pons" xmlns:regels="http://www.geostandaarden.nl/imow/regels" xmlns:ow="http://www.geostandaarden.nl/imow/owobject" xmlns:vt="http://www.geostandaarden.nl/imow/vrijetekst" xmlns:op="http://www.geostandaarden.nl/imow/opobject">
    <sl:standBestand>
        <sl:dataset>Onbekend</sl:dataset>
        <sl:inhoud>
            <sl:gebied>Onbekend</sl:gebied>
            <sl:leveringsId>Onbekend</sl:leveringsId>
            <sl:objectTypen>
                <sl:objectType>Omgevingswaarderegel</sl:objectType>
            </sl:objectTypen>
        </sl:inhoud>
        <sl:stand>
            <ow-dc:owObject>
                <regels:Omgevingswaarderegel>
                    <regels:identificatie>nl.imow-pv28.juridischeregel.0ea38af85e67494fb8381eb358d48aa7</regels:identificatie>
                    <regels:idealisatie>http://standaarden.omgevingswet.overheid.nl/idealisatie/id/concept/Exact</regels:idealisatie>
                    <regels:artikelOfLid>
                        <regels:RegeltekstRef xlink:href="nl.imow-pv28.regeltekst.060d8c6785744f2497a402034871c1ed"/>
                    </regels:artikelOfLid>
                    <regels:thema>http://standaarden.omgevingswet.overheid.nl/thema/id/concept/WaterEnWatersystemen</regels:thema>
                    <regels:locatieaanduiding>
                        <l:LocatieRef xlink:href="nl.imow-pv28.gebiedengroep.bcd0eac6c4ce469abe1da8a0e64fc644"/>
                        <l:LocatieRef xlink:href="nl.imow-pv28.gebiedengroep.8957e7362f854b869516224224bf9792"/>
                        <l:LocatieRef xlink:href="nl.imow-pv28.gebiedengroep.cf086f99989647ed862cf97d2ab63fce"/>
                        <l:LocatieRef xlink:href="nl.imow-pv28.gebiedengroep.8e0d1c8042224107b467e4f548dbcc62"/>
                        <l:LocatieRef xlink:href="nl.imow-pv28.gebiedengroep.fa813083b69d4d1197397d1f92b0d657"/>
                        <l:LocatieRef xlink:href="nl.imow-pv28.gebiedengroep.992ef07a3d154d398666ce9595d262c6"/>
                    </regels:locatieaanduiding>
                    <regels:gebiedsaanwijzing>
                        <ga:GebiedsaanwijzingRef xlink:href="nl.imow-pv28.gebiedsaanwijzing.10f2778705ee41b68d935b9ca968d130"/>
                        <ga:GebiedsaanwijzingRef xlink:href="nl.imow-pv28.gebiedsaanwijzing.9488d599cfb546a38de40f838881dd43"/>
                        <ga:GebiedsaanwijzingRef xlink:href="nl.imow-pv28.gebiedsaanwijzing.d6408dd89118484284b563b12ae791d7"/>
                        <ga:GebiedsaanwijzingRef xlink:href="nl.imow-pv28.gebiedsaanwijzing.0ba588d4cfce48bcbe72903c01b4e562"/>
                        <ga:GebiedsaanwijzingRef xlink:href="nl.imow-pv28.gebiedsaanwijzing.0399a556bb2c4cfaa5eb40bbf49c6408"/>
                        <ga:GebiedsaanwijzingRef xlink:href="nl.imow-pv28.gebiedsaanwijzing.ebae125074cf4e6cb44e792397b3b9b7"/>
                    </regels:gebiedsaanwijzing>
                    <regels:kaartaanduiding>
                        <kaart:KaartRef xlink:href="nl.imow-pv28.kaart.f0deee50fba9431ebd6d4302aaac7d44"/>
                    </regels:kaartaanduiding>
                </regels:Omgevingswaarderegel>
            </ow-dc:owObject>
        </sl:stand>
        <sl:stand>
            <ow-dc:owObject>
                <regels:Omgevingswaarderegel>
                    <regels:identificatie>nl.imow-pv28.juridischeregel.16ed58ad10da4613b7e0ca1fc582a3ce</regels:identificatie>
                    <regels:idealisatie>http://standaarden.omgevingswet.overheid.nl/idealisatie/id/concept/Exact</regels:idealisatie>
                    <regels:artikelOfLid>
                        <regels:RegeltekstRef xlink:href="nl.imow-pv28.regeltekst.03b4d1856ca748bf989639760ae18fda"/>
                    </regels:artikelOfLid>
                    <regels:thema>http://standaarden.omgevingswet.overheid.nl/thema/id/concept/WaterEnWatersystemen</regels:thema>
                    <regels:locatieaanduiding>
                        <l:LocatieRef xlink:href="nl.imow-pv28.gebiedengroep.a5c996fd37c849508470866f5582213a"/>
                    </regels:locatieaanduiding>
                    <regels:gebiedsaanwijzing>
                        <ga:GebiedsaanwijzingRef xlink:href="nl.imow-pv28.gebiedsaanwijzing.fc097702a0e74297b63ed6e2a8bdb628"/>
                    </regels:gebiedsaanwijzing>
                    <regels:kaartaanduiding>
                        <kaart:KaartRef xlink:href="nl.imow-pv28.kaart.817cbe951f7145dab96e2b7ed6e2d457"/>
                    </regels:kaartaanduiding>
                </regels:Omgevingswaarderegel>
            </ow-dc:owObject>
        </sl:stand>
        <sl:stand>
            <ow-dc:owObject>
                <regels:Omgevingswaarderegel>
                    <regels:identificatie>nl.imow-pv28.juridischeregel.17ee4d16d9ec41ce9c67dbdc378a4573</regels:identificatie>
                    <regels:idealisatie>http://standaarden.omgevingswet.overheid.nl/idealisatie/id/concept/Exact</regels:idealisatie>
                    <regels:artikelOfLid>
                        <regels:RegeltekstRef xlink:href="nl.imow-pv28.regeltekst.10b62d2ce72c42febdc5716fa4291dc8"/>
                    </regels:artikelOfLid>
                    <regels:thema>http://standaarden.omgevingswet.overheid.nl/thema/id/concept/WaterEnWatersystemen</regels:thema>
                    <regels:locatieaanduiding>
                        <l:LocatieRef xlink:href="nl.imow-pv28.gebiedengroep.a5c996fd37c849508470866f5582213a"/>
                    </regels:locatieaanduiding>
                    <regels:gebiedsaanwijzing>
                        <ga:GebiedsaanwijzingRef xlink:href="nl.imow-pv28.gebiedsaanwijzing.fc097702a0e74297b63ed6e2a8bdb628"/>
                    </regels:gebiedsaanwijzing>
                    <regels:kaartaanduiding>
                        <kaart:KaartRef xlink:href="nl.imow-pv28.kaart.817cbe951f7145dab96e2b7ed6e2d457"/>
                    </regels:kaartaanduiding>
                </regels:Omgevingswaarderegel>
            </ow-dc:owObject>
        </sl:stand>
        <sl:stand>
            <ow-dc:owObject>
                <regels:Omgevingswaarderegel>
                    <regels:identificatie>nl.imow-pv28.juridischeregel.20fdef0724274a2ca1876800b2127c47</regels:identificatie>
                    <regels:idealisatie>http://standaarden.omgevingswet.overheid.nl/idealisatie/id/concept/Exact</regels:idealisatie>
                    <regels:artikelOfLid>
                        <regels:RegeltekstRef xlink:href="nl.imow-pv28.regeltekst.a82d18c3a3724774a7497dcc790fd931"/>
                    </regels:artikelOfLid>
                    <regels:thema>http://standaarden.omgevingswet.overheid.nl/thema/id/concept/WaterEnWatersystemen</regels:thema>
                    <regels:locatieaanduiding>
                        <l:LocatieRef xlink:href="nl.imow-pv28.gebiedengroep.a5c996fd37c849508470866f5582213a"/>
                    </regels:locatieaanduiding>
                    <regels:gebiedsaanwijzing>
                        <ga:GebiedsaanwijzingRef xlink:href="nl.imow-pv28.gebiedsaanwijzing.fc097702a0e74297b63ed6e2a8bdb628"/>
                    </regels:gebiedsaanwijzing>
                    <regels:kaartaanduiding>
                        <kaart:KaartRef xlink:href="nl.imow-pv28.kaart.817cbe951f7145dab96e2b7ed6e2d457"/>
                    </regels:kaartaanduiding>
                </regels:Omgevingswaarderegel>
            </ow-dc:owObject>
        </sl:stand>
        <sl:stand>
            <ow-dc:owObject>
                <regels:Omgevingswaarderegel>
                    <regels:identificatie>nl.imow-pv28.juridischeregel.2ac1c0b153c74bd5b2d4a17500fe5315</regels:identificatie>
                    <regels:idealisatie>http://standaarden.omgevingswet.overheid.nl/idealisatie/id/concept/Exact</regels:idealisatie>
                    <regels:artikelOfLid>
                        <regels:RegeltekstRef xlink:href="nl.imow-pv28.regeltekst.17c385dea28f4284b99308007b7195d2"/>
                    </regels:artikelOfLid>
                    <regels:thema>http://standaarden.omgevingswet.overheid.nl/thema/id/concept/WaterEnWatersystemen</regels:thema>
                    <regels:locatieaanduiding>
                        <l:LocatieRef xlink:href="nl.imow-pv28.gebiedengroep.a5c996fd37c849508470866f5582213a"/>
                    </regels:locatieaanduiding>
                    <regels:gebiedsaanwijzing>
                        <ga:GebiedsaanwijzingRef xlink:href="nl.imow-pv28.gebiedsaanwijzing.fc097702a0e74297b63ed6e2a8bdb628"/>
                    </regels:gebiedsaanwijzing>
                    <regels:kaartaanduiding>
                        <kaart:KaartRef xlink:href="nl.imow-pv28.kaart.817cbe951f7145dab96e2b7ed6e2d457"/>
                    </regels:kaartaanduiding>
                </regels:Omgevingswaarderegel>
            </ow-dc:owObject>
        </sl:stand>
        <sl:stand>
            <ow-dc:owObject>
                <regels:Omgevingswaarderegel>
                    <regels:identificatie>nl.imow-pv28.juridischeregel.31ac37bb33f94db0a084f0f9b05ec1b9</regels:identificatie>
                    <regels:idealisatie>http://standaarden.omgevingswet.overheid.nl/idealisatie/id/concept/Exact</regels:idealisatie>
                    <regels:artikelOfLid>
                        <regels:RegeltekstRef xlink:href="nl.imow-pv28.regeltekst.a036eec3f3b04b7aa87844a3f6a7fbf5"/>
                    </regels:artikelOfLid>
                    <regels:thema>http://standaarden.omgevingswet.overheid.nl/thema/id/concept/WaterEnWatersystemen</regels:thema>
                    <regels:locatieaanduiding>
                        <l:LocatieRef xlink:href="nl.imow-pv28.gebiedengroep.a5c996fd37c849508470866f5582213a"/>
                    </regels:locatieaanduiding>
                    <regels:gebiedsaanwijzing>
                        <ga:GebiedsaanwijzingRef xlink:href="nl.imow-pv28.gebiedsaanwijzing.fc097702a0e74297b63ed6e2a8bdb628"/>
                    </regels:gebiedsaanwijzing>
                    <regels:kaartaanduiding>
                        <kaart:KaartRef xlink:href="nl.imow-pv28.kaart.817cbe951f7145dab96e2b7ed6e2d457"/>
                    </regels:kaartaanduiding>
                    <regels:omgevingswaardeaanduiding>
                        <rol:OmgevingswaardeRef xlink:href="nl.imow-pv28.omgevingswaarde.8b97544937b24574bb3533da432883a7"/>
                    </regels:omgevingswaardeaanduiding>
                </regels:Omgevingswaarderegel>
            </ow-dc:owObject>
        </sl:stand>
        <sl:stand>
            <ow-dc:owObject>
                <regels:Omgevingswaarderegel>
                    <regels:identificatie>nl.imow-pv28.juridischeregel.383e9882ce9d4d37907ecd15871c273e</regels:identificatie>
                    <regels:idealisatie>http://standaarden.omgevingswet.overheid.nl/idealisatie/id/concept/Exact</regels:idealisatie>
                    <regels:artikelOfLid>
                        <regels:RegeltekstRef xlink:href="nl.imow-pv28.regeltekst.d70b369ab5bd483a8887b0d64f1e91ac"/>
                    </regels:artikelOfLid>
                    <regels:thema>http://standaarden.omgevingswet.overheid.nl/thema/id/concept/WaterEnWatersystemen</regels:thema>
                    <regels:locatieaanduiding>
                        <l:LocatieRef xlink:href="nl.imow-pv28.gebiedengroep.a5c996fd37c849508470866f5582213a"/>
                    </regels:locatieaanduiding>
                    <regels:gebiedsaanwijzing>
                        <ga:GebiedsaanwijzingRef xlink:href="nl.imow-pv28.gebiedsaanwijzing.fc097702a0e74297b63ed6e2a8bdb628"/>
                    </regels:gebiedsaanwijzing>
                    <regels:kaartaanduiding>
                        <kaart:KaartRef xlink:href="nl.imow-pv28.kaart.817cbe951f7145dab96e2b7ed6e2d457"/>
                    </regels:kaartaanduiding>
                </regels:Omgevingswaarderegel>
            </ow-dc:owObject>
        </sl:stand>
        <sl:stand>
            <ow-dc:owObject>
                <regels:Omgevingswaarderegel>
                    <regels:identificatie>nl.imow-pv28.juridischeregel.5d1b2ed98567445e80201838459b6380</regels:identificatie>
                    <regels:idealisatie>http://standaarden.omgevingswet.overheid.nl/idealisatie/id/concept/Exact</regels:idealisatie>
                    <regels:artikelOfLid>
                        <regels:RegeltekstRef xlink:href="nl.imow-pv28.regeltekst.59933b8b21b841fa8bb6eaaca03fb17a"/>
                    </regels:artikelOfLid>
                    <regels:thema>http://standaarden.omgevingswet.overheid.nl/thema/id/concept/WaterEnWatersystemen</regels:thema>
                    <regels:locatieaanduiding>
                        <l:LocatieRef xlink:href="nl.imow-pv28.gebiedengroep.a5c996fd37c849508470866f5582213a"/>
                    </regels:locatieaanduiding>
                    <regels:gebiedsaanwijzing>
                        <ga:GebiedsaanwijzingRef xlink:href="nl.imow-pv28.gebiedsaanwijzing.fc097702a0e74297b63ed6e2a8bdb628"/>
                    </regels:gebiedsaanwijzing>
                    <regels:kaartaanduiding>
                        <kaart:KaartRef xlink:href="nl.imow-pv28.kaart.817cbe951f7145dab96e2b7ed6e2d457"/>
                    </regels:kaartaanduiding>
                    <regels:omgevingswaardeaanduiding>
                        <rol:OmgevingswaardeRef xlink:href="nl.imow-pv28.omgevingswaarde.8b97544937b24574bb3533da432883a7"/>
                    </regels:omgevingswaardeaanduiding>
                </regels:Omgevingswaarderegel>
            </ow-dc:owObject>
        </sl:stand>
        <sl:stand>
            <ow-dc:owObject>
                <regels:Omgevingswaarderegel>
                    <regels:identificatie>nl.imow-pv28.juridischeregel.5fb13c28bca44cc5801e2da79698ff42</regels:identificatie>
                    <regels:idealisatie>http://standaarden.omgevingswet.overheid.nl/idealisatie/id/concept/Exact</regels:idealisatie>
                    <regels:artikelOfLid>
                        <regels:RegeltekstRef xlink:href="nl.imow-pv28.regeltekst.c4b15cc5a9d2420580d09315fb482e8a"/>
                    </regels:artikelOfLid>
                    <regels:thema>http://standaarden.omgevingswet.overheid.nl/thema/id/concept/WaterEnWatersystemen</regels:thema>
                    <regels:locatieaanduiding>
                        <l:LocatieRef xlink:href="nl.imow-pv28.gebiedengroep.a5c996fd37c849508470866f5582213a"/>
                    </regels:locatieaanduiding>
                    <regels:gebiedsaanwijzing>
                        <ga:GebiedsaanwijzingRef xlink:href="nl.imow-pv28.gebiedsaanwijzing.fc097702a0e74297b63ed6e2a8bdb628"/>
                    </regels:gebiedsaanwijzing>
                    <regels:kaartaanduiding>
                        <kaart:KaartRef xlink:href="nl.imow-pv28.kaart.817cbe951f7145dab96e2b7ed6e2d457"/>
                    </regels:kaartaanduiding>
                </regels:Omgevingswaarderegel>
            </ow-dc:owObject>
        </sl:stand>
        <sl:stand>
            <ow-dc:owObject>
                <regels:Omgevingswaarderegel>
                    <regels:identificatie>nl.imow-pv28.juridischeregel.62bbec5caa4b494e990b6159ceb011c1</regels:identificatie>
                    <regels:idealisatie>http://standaarden.omgevingswet.overheid.nl/idealisatie/id/concept/Exact</regels:idealisatie>
                    <regels:artikelOfLid>
                        <regels:RegeltekstRef xlink:href="nl.imow-pv28.regeltekst.f6ba982c7b854428a2c24f315e433a59"/>
                    </regels:artikelOfLid>
                    <regels:thema>http://standaarden.omgevingswet.overheid.nl/thema/id/concept/WaterEnWatersystemen</regels:thema>
                    <regels:locatieaanduiding>
                        <l:LocatieRef xlink:href="nl.imow-pv28.gebiedengroep.bcd0eac6c4ce469abe1da8a0e64fc644"/>
                        <l:LocatieRef xlink:href="nl.imow-pv28.gebiedengroep.8957e7362f854b869516224224bf9792"/>
                        <l:LocatieRef xlink:href="nl.imow-pv28.gebiedengroep.cf086f99989647ed862cf97d2ab63fce"/>
                        <l:LocatieRef xlink:href="nl.imow-pv28.gebiedengroep.8e0d1c8042224107b467e4f548dbcc62"/>
                        <l:LocatieRef xlink:href="nl.imow-pv28.gebiedengroep.fa813083b69d4d1197397d1f92b0d657"/>
                        <l:LocatieRef xlink:href="nl.imow-pv28.gebiedengroep.992ef07a3d154d398666ce9595d262c6"/>
                        <l:LocatieRef xlink:href="nl.imow-pv28.gebiedengroep.fe9014b1eb534e029530785ebacb4617"/>
                    </regels:locatieaanduiding>
                    <regels:gebiedsaanwijzing>
                        <ga:GebiedsaanwijzingRef xlink:href="nl.imow-pv28.gebiedsaanwijzing.10f2778705ee41b68d935b9ca968d130"/>
                        <ga:GebiedsaanwijzingRef xlink:href="nl.imow-pv28.gebiedsaanwijzing.9488d599cfb546a38de40f838881dd43"/>
                        <ga:GebiedsaanwijzingRef xlink:href="nl.imow-pv28.gebiedsaanwijzing.d6408dd89118484284b563b12ae791d7"/>
                        <ga:GebiedsaanwijzingRef xlink:href="nl.imow-pv28.gebiedsaanwijzing.0ba588d4cfce48bcbe72903c01b4e562"/>
                        <ga:GebiedsaanwijzingRef xlink:href="nl.imow-pv28.gebiedsaanwijzing.0399a556bb2c4cfaa5eb40bbf49c6408"/>
                        <ga:GebiedsaanwijzingRef xlink:href="nl.imow-pv28.gebiedsaanwijzing.ebae125074cf4e6cb44e792397b3b9b7"/>
                        <ga:GebiedsaanwijzingRef xlink:href="nl.imow-pv28.gebiedsaanwijzing.c59ed69263f84a198a01785f311b4182"/>
                    </regels:gebiedsaanwijzing>
                    <regels:kaartaanduiding>
                        <kaart:KaartRef xlink:href="nl.imow-pv28.kaart.f0deee50fba9431ebd6d4302aaac7d44"/>
                    </regels:kaartaanduiding>
                </regels:Omgevingswaarderegel>
            </ow-dc:owObject>
        </sl:stand>
        <sl:stand>
            <ow-dc:owObject>
                <regels:Omgevingswaarderegel>
                    <regels:identificatie>nl.imow-pv28.juridischeregel.6469b4bbba6e45fca420e96403cb9c53</regels:identificatie>
                    <regels:idealisatie>http://standaarden.omgevingswet.overheid.nl/idealisatie/id/concept/Exact</regels:idealisatie>
                    <regels:artikelOfLid>
                        <regels:RegeltekstRef xlink:href="nl.imow-pv28.regeltekst.a6f1c1e8ce634db59dcb83cd017d7bf7"/>
                    </regels:artikelOfLid>
                    <regels:thema>http://standaarden.omgevingswet.overheid.nl/thema/id/concept/WaterEnWatersystemen</regels:thema>
                    <regels:locatieaanduiding>
                        <l:LocatieRef xlink:href="nl.imow-pv28.gebiedengroep.a5c996fd37c849508470866f5582213a"/>
                    </regels:locatieaanduiding>
                    <regels:gebiedsaanwijzing>
                        <ga:GebiedsaanwijzingRef xlink:href="nl.imow-pv28.gebiedsaanwijzing.fc097702a0e74297b63ed6e2a8bdb628"/>
                    </regels:gebiedsaanwijzing>
                    <regels:kaartaanduiding>
                        <kaart:KaartRef xlink:href="nl.imow-pv28.kaart.817cbe951f7145dab96e2b7ed6e2d457"/>
                    </regels:kaartaanduiding>
                </regels:Omgevingswaarderegel>
            </ow-dc:owObject>
        </sl:stand>
        <sl:stand>
            <ow-dc:owObject>
                <regels:Omgevingswaarderegel>
                    <regels:identificatie>nl.imow-pv28.juridischeregel.660057bddee742f48d880cd0a4c6dfca</regels:identificatie>
                    <regels:idealisatie>http://standaarden.omgevingswet.overheid.nl/idealisatie/id/concept/Exact</regels:idealisatie>
                    <regels:artikelOfLid>
                        <regels:RegeltekstRef xlink:href="nl.imow-pv28.regeltekst.ac7677ae773f477eb532679f784bbb6f"/>
                    </regels:artikelOfLid>
                    <regels:thema>http://standaarden.omgevingswet.overheid.nl/thema/id/concept/WaterEnWatersystemen</regels:thema>
                    <regels:locatieaanduiding>
                        <l:LocatieRef xlink:href="nl.imow-pv28.gebiedengroep.bcd0eac6c4ce469abe1da8a0e64fc644"/>
                        <l:LocatieRef xlink:href="nl.imow-pv28.gebiedengroep.8957e7362f854b869516224224bf9792"/>
                        <l:LocatieRef xlink:href="nl.imow-pv28.gebiedengroep.cf086f99989647ed862cf97d2ab63fce"/>
                        <l:LocatieRef xlink:href="nl.imow-pv28.gebiedengroep.8e0d1c8042224107b467e4f548dbcc62"/>
                        <l:LocatieRef xlink:href="nl.imow-pv28.gebiedengroep.fa813083b69d4d1197397d1f92b0d657"/>
                        <l:LocatieRef xlink:href="nl.imow-pv28.gebiedengroep.992ef07a3d154d398666ce9595d262c6"/>
                        <l:LocatieRef xlink:href="nl.imow-pv28.gebiedengroep.fe9014b1eb534e029530785ebacb4617"/>
                    </regels:locatieaanduiding>
                    <regels:gebiedsaanwijzing>
                        <ga:GebiedsaanwijzingRef xlink:href="nl.imow-pv28.gebiedsaanwijzing.10f2778705ee41b68d935b9ca968d130"/>
                        <ga:GebiedsaanwijzingRef xlink:href="nl.imow-pv28.gebiedsaanwijzing.9488d599cfb546a38de40f838881dd43"/>
                        <ga:GebiedsaanwijzingRef xlink:href="nl.imow-pv28.gebiedsaanwijzing.d6408dd89118484284b563b12ae791d7"/>
                        <ga:GebiedsaanwijzingRef xlink:href="nl.imow-pv28.gebiedsaanwijzing.0ba588d4cfce48bcbe72903c01b4e562"/>
                        <ga:GebiedsaanwijzingRef xlink:href="nl.imow-pv28.gebiedsaanwijzing.0399a556bb2c4cfaa5eb40bbf49c6408"/>
                        <ga:GebiedsaanwijzingRef xlink:href="nl.imow-pv28.gebiedsaanwijzing.ebae125074cf4e6cb44e792397b3b9b7"/>
                        <ga:GebiedsaanwijzingRef xlink:href="nl.imow-pv28.gebiedsaanwijzing.c59ed69263f84a198a01785f311b4182"/>
                    </regels:gebiedsaanwijzing>
                    <regels:kaartaanduiding>
                        <kaart:KaartRef xlink:href="nl.imow-pv28.kaart.f0deee50fba9431ebd6d4302aaac7d44"/>
                    </regels:kaartaanduiding>
                </regels:Omgevingswaarderegel>
            </ow-dc:owObject>
        </sl:stand>
        <sl:stand>
            <ow-dc:owObject>
                <regels:Omgevingswaarderegel>
                    <regels:identificatie>nl.imow-pv28.juridischeregel.68223994822c427babea6d78fa9f1fa3</regels:identificatie>
                    <regels:idealisatie>http://standaarden.omgevingswet.overheid.nl/idealisatie/id/concept/Exact</regels:idealisatie>
                    <regels:artikelOfLid>
                        <regels:RegeltekstRef xlink:href="nl.imow-pv28.regeltekst.a8c02bef2cab48078918f0a040d51695"/>
                    </regels:artikelOfLid>
                    <regels:thema>http://standaarden.omgevingswet.overheid.nl/thema/id/concept/WaterEnWatersystemen</regels:thema>
                    <regels:locatieaanduiding>
                        <l:LocatieRef xlink:href="nl.imow-pv28.gebiedengroep.a5c996fd37c849508470866f5582213a"/>
                    </regels:locatieaanduiding>
                    <regels:gebiedsaanwijzing>
                        <ga:GebiedsaanwijzingRef xlink:href="nl.imow-pv28.gebiedsaanwijzing.fc097702a0e74297b63ed6e2a8bdb628"/>
                    </regels:gebiedsaanwijzing>
                    <regels:kaartaanduiding>
                        <kaart:KaartRef xlink:href="nl.imow-pv28.kaart.817cbe951f7145dab96e2b7ed6e2d457"/>
                    </regels:kaartaanduiding>
                    <regels:omgevingswaardeaanduiding>
                        <rol:OmgevingswaardeRef xlink:href="nl.imow-pv28.omgevingswaarde.8b97544937b24574bb3533da432883a7"/>
                    </regels:omgevingswaardeaanduiding>
                </regels:Omgevingswaarderegel>
            </ow-dc:owObject>
        </sl:stand>
        <sl:stand>
            <ow-dc:owObject>
                <regels:Omgevingswaarderegel>
                    <regels:identificatie>nl.imow-pv28.juridischeregel.7265351df0f248b7a3a13f0567833bfc</regels:identificatie>
                    <regels:idealisatie>http://standaarden.omgevingswet.overheid.nl/idealisatie/id/concept/Exact</regels:idealisatie>
                    <regels:artikelOfLid>
                        <regels:RegeltekstRef xlink:href="nl.imow-pv28.regeltekst.50fb4d4a80d849bf9c719fd85cfa8055"/>
                    </regels:artikelOfLid>
                    <regels:thema>http://standaarden.omgevingswet.overheid.nl/thema/id/concept/WaterEnWatersystemen</regels:thema>
                    <regels:locatieaanduiding>
                        <l:LocatieRef xlink:href="nl.imow-pv28.gebiedengroep.a5c996fd37c849508470866f5582213a"/>
                    </regels:locatieaanduiding>
                    <regels:gebiedsaanwijzing>
                        <ga:GebiedsaanwijzingRef xlink:href="nl.imow-pv28.gebiedsaanwijzing.fc097702a0e74297b63ed6e2a8bdb628"/>
                    </regels:gebiedsaanwijzing>
                    <regels:kaartaanduiding>
                        <kaart:KaartRef xlink:href="nl.imow-pv28.kaart.817cbe951f7145dab96e2b7ed6e2d457"/>
                    </regels:kaartaanduiding>
                    <regels:omgevingswaardeaanduiding>
                        <rol:OmgevingswaardeRef xlink:href="nl.imow-pv28.omgevingswaarde.8b97544937b24574bb3533da432883a7"/>
                    </regels:omgevingswaardeaanduiding>
                </regels:Omgevingswaarderegel>
            </ow-dc:owObject>
        </sl:stand>
        <sl:stand>
            <ow-dc:owObject>
                <regels:Omgevingswaarderegel>
                    <regels:identificatie>nl.imow-pv28.juridischeregel.839f836ae78d4a70b34a161377577a22</regels:identificatie>
                    <regels:idealisatie>http://standaarden.omgevingswet.overheid.nl/idealisatie/id/concept/Exact</regels:idealisatie>
                    <regels:artikelOfLid>
                        <regels:RegeltekstRef xlink:href="nl.imow-pv28.regeltekst.a75ff4269cd94cb4b5c938cf5693721c"/>
                    </regels:artikelOfLid>
                    <regels:thema>http://standaarden.omgevingswet.overheid.nl/thema/id/concept/WaterEnWatersystemen</regels:thema>
                    <regels:locatieaanduiding>
                        <l:LocatieRef xlink:href="nl.imow-pv28.gebiedengroep.bcd0eac6c4ce469abe1da8a0e64fc644"/>
                        <l:LocatieRef xlink:href="nl.imow-pv28.gebiedengroep.8957e7362f854b869516224224bf9792"/>
                        <l:LocatieRef xlink:href="nl.imow-pv28.gebiedengroep.cf086f99989647ed862cf97d2ab63fce"/>
                        <l:LocatieRef xlink:href="nl.imow-pv28.gebiedengroep.8e0d1c8042224107b467e4f548dbcc62"/>
                        <l:LocatieRef xlink:href="nl.imow-pv28.gebiedengroep.fa813083b69d4d1197397d1f92b0d657"/>
                        <l:LocatieRef xlink:href="nl.imow-pv28.gebiedengroep.992ef07a3d154d398666ce9595d262c6"/>
                        <l:LocatieRef xlink:href="nl.imow-pv28.gebiedengroep.fe9014b1eb534e029530785ebacb4617"/>
                    </regels:locatieaanduiding>
                    <regels:gebiedsaanwijzing>
                        <ga:GebiedsaanwijzingRef xlink:href="nl.imow-pv28.gebiedsaanwijzing.10f2778705ee41b68d935b9ca968d130"/>
                        <ga:GebiedsaanwijzingRef xlink:href="nl.imow-pv28.gebiedsaanwijzing.9488d599cfb546a38de40f838881dd43"/>
                        <ga:GebiedsaanwijzingRef xlink:href="nl.imow-pv28.gebiedsaanwijzing.d6408dd89118484284b563b12ae791d7"/>
                        <ga:GebiedsaanwijzingRef xlink:href="nl.imow-pv28.gebiedsaanwijzing.0ba588d4cfce48bcbe72903c01b4e562"/>
                        <ga:GebiedsaanwijzingRef xlink:href="nl.imow-pv28.gebiedsaanwijzing.0399a556bb2c4cfaa5eb40bbf49c6408"/>
                        <ga:GebiedsaanwijzingRef xlink:href="nl.imow-pv28.gebiedsaanwijzing.ebae125074cf4e6cb44e792397b3b9b7"/>
                        <ga:GebiedsaanwijzingRef xlink:href="nl.imow-pv28.gebiedsaanwijzing.c59ed69263f84a198a01785f311b4182"/>
                    </regels:gebiedsaanwijzing>
                    <regels:kaartaanduiding>
                        <kaart:KaartRef xlink:href="nl.imow-pv28.kaart.f0deee50fba9431ebd6d4302aaac7d44"/>
                    </regels:kaartaanduiding>
                </regels:Omgevingswaarderegel>
            </ow-dc:owObject>
        </sl:stand>
        <sl:stand>
            <ow-dc:owObject>
                <regels:Omgevingswaarderegel>
                    <regels:identificatie>nl.imow-pv28.juridischeregel.8d7b23ed4cc7426a939687f6ccea4e86</regels:identificatie>
                    <regels:idealisatie>http://standaarden.omgevingswet.overheid.nl/idealisatie/id/concept/Exact</regels:idealisatie>
                    <regels:artikelOfLid>
                        <regels:RegeltekstRef xlink:href="nl.imow-pv28.regeltekst.bd5cc7bed8db4241bd74f74bcbd4eb2b"/>
                    </regels:artikelOfLid>
                    <regels:thema>http://standaarden.omgevingswet.overheid.nl/thema/id/concept/WaterEnWatersystemen</regels:thema>
                    <regels:locatieaanduiding>
                        <l:LocatieRef xlink:href="nl.imow-pv28.gebiedengroep.bcd0eac6c4ce469abe1da8a0e64fc644"/>
                        <l:LocatieRef xlink:href="nl.imow-pv28.gebiedengroep.8957e7362f854b869516224224bf9792"/>
                        <l:LocatieRef xlink:href="nl.imow-pv28.gebiedengroep.cf086f99989647ed862cf97d2ab63fce"/>
                        <l:LocatieRef xlink:href="nl.imow-pv28.gebiedengroep.8e0d1c8042224107b467e4f548dbcc62"/>
                        <l:LocatieRef xlink:href="nl.imow-pv28.gebiedengroep.fa813083b69d4d1197397d1f92b0d657"/>
                        <l:LocatieRef xlink:href="nl.imow-pv28.gebiedengroep.992ef07a3d154d398666ce9595d262c6"/>
                    </regels:locatieaanduiding>
                    <regels:gebiedsaanwijzing>
                        <ga:GebiedsaanwijzingRef xlink:href="nl.imow-pv28.gebiedsaanwijzing.10f2778705ee41b68d935b9ca968d130"/>
                        <ga:GebiedsaanwijzingRef xlink:href="nl.imow-pv28.gebiedsaanwijzing.9488d599cfb546a38de40f838881dd43"/>
                        <ga:GebiedsaanwijzingRef xlink:href="nl.imow-pv28.gebiedsaanwijzing.d6408dd89118484284b563b12ae791d7"/>
                        <ga:GebiedsaanwijzingRef xlink:href="nl.imow-pv28.gebiedsaanwijzing.0ba588d4cfce48bcbe72903c01b4e562"/>
                        <ga:GebiedsaanwijzingRef xlink:href="nl.imow-pv28.gebiedsaanwijzing.0399a556bb2c4cfaa5eb40bbf49c6408"/>
                        <ga:GebiedsaanwijzingRef xlink:href="nl.imow-pv28.gebiedsaanwijzing.ebae125074cf4e6cb44e792397b3b9b7"/>
                    </regels:gebiedsaanwijzing>
                    <regels:kaartaanduiding>
                        <kaart:KaartRef xlink:href="nl.imow-pv28.kaart.f0deee50fba9431ebd6d4302aaac7d44"/>
                    </regels:kaartaanduiding>
                </regels:Omgevingswaarderegel>
            </ow-dc:owObject>
        </sl:stand>
        <sl:stand>
            <ow-dc:owObject>
                <regels:Omgevingswaarderegel>
                    <regels:identificatie>nl.imow-pv28.juridischeregel.907f43f8195c456cbb4b2b3af20cdcef</regels:identificatie>
                    <regels:idealisatie>http://standaarden.omgevingswet.overheid.nl/idealisatie/id/concept/Exact</regels:idealisatie>
                    <regels:artikelOfLid>
                        <regels:RegeltekstRef xlink:href="nl.imow-pv28.regeltekst.b6deea6bb63340c8809ad5e032074276"/>
                    </regels:artikelOfLid>
                    <regels:thema>http://standaarden.omgevingswet.overheid.nl/thema/id/concept/WaterEnWatersystemen</regels:thema>
                    <regels:locatieaanduiding>
                        <l:LocatieRef xlink:href="nl.imow-pv28.gebiedengroep.219db61f05764c3cb02a0a285f16ad2b"/>
                        <l:LocatieRef xlink:href="nl.imow-pv28.gebiedengroep.1e43aca72e5d496aa02b3dbd2226f81c"/>
                        <l:LocatieRef xlink:href="nl.imow-pv28.gebiedengroep.b0b79bb1f1e44999ba1a4a235d35a220"/>
                    </regels:locatieaanduiding>
                    <regels:gebiedsaanwijzing>
                        <ga:GebiedsaanwijzingRef xlink:href="nl.imow-pv28.gebiedsaanwijzing.d0737fe753414ad98fadc5d1a9b28c6e"/>
                        <ga:GebiedsaanwijzingRef xlink:href="nl.imow-pv28.gebiedsaanwijzing.70950cf785da428d98fb8275034176c6"/>
                        <ga:GebiedsaanwijzingRef xlink:href="nl.imow-pv28.gebiedsaanwijzing.5154e6be253f47589361fcb7d560f2c9"/>
                    </regels:gebiedsaanwijzing>
                    <regels:kaartaanduiding>
                        <kaart:KaartRef xlink:href="nl.imow-pv28.kaart.817cbe951f7145dab96e2b7ed6e2d457"/>
                    </regels:kaartaanduiding>
                </regels:Omgevingswaarderegel>
            </ow-dc:owObject>
        </sl:stand>
        <sl:stand>
            <ow-dc:owObject>
                <regels:Omgevingswaarderegel>
                    <regels:identificatie>nl.imow-pv28.juridischeregel.a7f2a889a33945c387fd41fd5356dc8f</regels:identificatie>
                    <regels:idealisatie>http://standaarden.omgevingswet.overheid.nl/idealisatie/id/concept/Exact</regels:idealisatie>
                    <regels:artikelOfLid>
                        <regels:RegeltekstRef xlink:href="nl.imow-pv28.regeltekst.ba513596ef8e4fa6a5d131108b70c46c"/>
                    </regels:artikelOfLid>
                    <regels:thema>http://standaarden.omgevingswet.overheid.nl/thema/id/concept/WaterEnWatersystemen</regels:thema>
                    <regels:locatieaanduiding>
                        <l:LocatieRef xlink:href="nl.imow-pv28.gebiedengroep.a5c996fd37c849508470866f5582213a"/>
                    </regels:locatieaanduiding>
                    <regels:gebiedsaanwijzing>
                        <ga:GebiedsaanwijzingRef xlink:href="nl.imow-pv28.gebiedsaanwijzing.fc097702a0e74297b63ed6e2a8bdb628"/>
                    </regels:gebiedsaanwijzing>
                    <regels:kaartaanduiding>
                        <kaart:KaartRef xlink:href="nl.imow-pv28.kaart.817cbe951f7145dab96e2b7ed6e2d457"/>
                    </regels:kaartaanduiding>
                </regels:Omgevingswaarderegel>
            </ow-dc:owObject>
        </sl:stand>
        <sl:stand>
            <ow-dc:owObject>
                <regels:Omgevingswaarderegel>
                    <regels:identificatie>nl.imow-pv28.juridischeregel.c36b08cda4824518af5c2e4a8a22e795</regels:identificatie>
                    <regels:idealisatie>http://standaarden.omgevingswet.overheid.nl/idealisatie/id/concept/Exact</regels:idealisatie>
                    <regels:artikelOfLid>
                        <regels:RegeltekstRef xlink:href="nl.imow-pv28.regeltekst.9a8ef56d97ee4577922701dff00f191c"/>
                    </regels:artikelOfLid>
                    <regels:thema>http://standaarden.omgevingswet.overheid.nl/thema/id/concept/WaterEnWatersystemen</regels:thema>
                    <regels:locatieaanduiding>
                        <l:LocatieRef xlink:href="nl.imow-pv28.gebiedengroep.bcd0eac6c4ce469abe1da8a0e64fc644"/>
                        <l:LocatieRef xlink:href="nl.imow-pv28.gebiedengroep.8957e7362f854b869516224224bf9792"/>
                        <l:LocatieRef xlink:href="nl.imow-pv28.gebiedengroep.cf086f99989647ed862cf97d2ab63fce"/>
                        <l:LocatieRef xlink:href="nl.imow-pv28.gebiedengroep.8e0d1c8042224107b467e4f548dbcc62"/>
                        <l:LocatieRef xlink:href="nl.imow-pv28.gebiedengroep.fa813083b69d4d1197397d1f92b0d657"/>
                        <l:LocatieRef xlink:href="nl.imow-pv28.gebiedengroep.992ef07a3d154d398666ce9595d262c6"/>
                        <l:LocatieRef xlink:href="nl.imow-pv28.gebiedengroep.fe9014b1eb534e029530785ebacb4617"/>
                    </regels:locatieaanduiding>
                    <regels:gebiedsaanwijzing>
                        <ga:GebiedsaanwijzingRef xlink:href="nl.imow-pv28.gebiedsaanwijzing.10f2778705ee41b68d935b9ca968d130"/>
                        <ga:GebiedsaanwijzingRef xlink:href="nl.imow-pv28.gebiedsaanwijzing.9488d599cfb546a38de40f838881dd43"/>
                        <ga:GebiedsaanwijzingRef xlink:href="nl.imow-pv28.gebiedsaanwijzing.d6408dd89118484284b563b12ae791d7"/>
                        <ga:GebiedsaanwijzingRef xlink:href="nl.imow-pv28.gebiedsaanwijzing.0ba588d4cfce48bcbe72903c01b4e562"/>
                        <ga:GebiedsaanwijzingRef xlink:href="nl.imow-pv28.gebiedsaanwijzing.0399a556bb2c4cfaa5eb40bbf49c6408"/>
                        <ga:GebiedsaanwijzingRef xlink:href="nl.imow-pv28.gebiedsaanwijzing.ebae125074cf4e6cb44e792397b3b9b7"/>
                        <ga:GebiedsaanwijzingRef xlink:href="nl.imow-pv28.gebiedsaanwijzing.c59ed69263f84a198a01785f311b4182"/>
                    </regels:gebiedsaanwijzing>
                    <regels:kaartaanduiding>
                        <kaart:KaartRef xlink:href="nl.imow-pv28.kaart.f0deee50fba9431ebd6d4302aaac7d44"/>
                    </regels:kaartaanduiding>
                    <regels:omgevingswaardeaanduiding>
                        <rol:OmgevingswaardeRef xlink:href="nl.imow-pv28.omgevingswaarde.2c4506385c94426582745dd6c07d34fb"/>
                    </regels:omgevingswaardeaanduiding>
                </regels:Omgevingswaarderegel>
            </ow-dc:owObject>
        </sl:stand>
        <sl:stand>
            <ow-dc:owObject>
                <regels:Omgevingswaarderegel>
                    <regels:identificatie>nl.imow-pv28.juridischeregel.ccdbf97a14bc40d585041ff518015990</regels:identificatie>
                    <regels:idealisatie>http://standaarden.omgevingswet.overheid.nl/idealisatie/id/concept/Exact</regels:idealisatie>
                    <regels:artikelOfLid>
                        <regels:RegeltekstRef xlink:href="nl.imow-pv28.regeltekst.801beefb35c64056ab9b2e9ce3656b3d"/>
                    </regels:artikelOfLid>
                    <regels:thema>http://standaarden.omgevingswet.overheid.nl/thema/id/concept/WaterEnWatersystemen</regels:thema>
                    <regels:locatieaanduiding>
                        <l:LocatieRef xlink:href="nl.imow-pv28.gebiedengroep.bcd0eac6c4ce469abe1da8a0e64fc644"/>
                        <l:LocatieRef xlink:href="nl.imow-pv28.gebiedengroep.8957e7362f854b869516224224bf9792"/>
                        <l:LocatieRef xlink:href="nl.imow-pv28.gebiedengroep.cf086f99989647ed862cf97d2ab63fce"/>
                        <l:LocatieRef xlink:href="nl.imow-pv28.gebiedengroep.8e0d1c8042224107b467e4f548dbcc62"/>
                        <l:LocatieRef xlink:href="nl.imow-pv28.gebiedengroep.fa813083b69d4d1197397d1f92b0d657"/>
                        <l:LocatieRef xlink:href="nl.imow-pv28.gebiedengroep.992ef07a3d154d398666ce9595d262c6"/>
                        <l:LocatieRef xlink:href="nl.imow-pv28.gebiedengroep.fe9014b1eb534e029530785ebacb4617"/>
                    </regels:locatieaanduiding>
                    <regels:gebiedsaanwijzing>
                        <ga:GebiedsaanwijzingRef xlink:href="nl.imow-pv28.gebiedsaanwijzing.10f2778705ee41b68d935b9ca968d130"/>
                        <ga:GebiedsaanwijzingRef xlink:href="nl.imow-pv28.gebiedsaanwijzing.9488d599cfb546a38de40f838881dd43"/>
                        <ga:GebiedsaanwijzingRef xlink:href="nl.imow-pv28.gebiedsaanwijzing.d6408dd89118484284b563b12ae791d7"/>
                        <ga:GebiedsaanwijzingRef xlink:href="nl.imow-pv28.gebiedsaanwijzing.0ba588d4cfce48bcbe72903c01b4e562"/>
                        <ga:GebiedsaanwijzingRef xlink:href="nl.imow-pv28.gebiedsaanwijzing.0399a556bb2c4cfaa5eb40bbf49c6408"/>
                        <ga:GebiedsaanwijzingRef xlink:href="nl.imow-pv28.gebiedsaanwijzing.ebae125074cf4e6cb44e792397b3b9b7"/>
                        <ga:GebiedsaanwijzingRef xlink:href="nl.imow-pv28.gebiedsaanwijzing.c59ed69263f84a198a01785f311b4182"/>
                    </regels:gebiedsaanwijzing>
                    <regels:kaartaanduiding>
                        <kaart:KaartRef xlink:href="nl.imow-pv28.kaart.f0deee50fba9431ebd6d4302aaac7d44"/>
                    </regels:kaartaanduiding>
                </regels:Omgevingswaarderegel>
            </ow-dc:owObject>
        </sl:stand>
        <sl:stand>
            <ow-dc:owObject>
                <regels:Omgevingswaarderegel>
                    <regels:identificatie>nl.imow-pv28.juridischeregel.f30d853359d941da9e017766304e5d7e</regels:identificatie>
                    <regels:idealisatie>http://standaarden.omgevingswet.overheid.nl/idealisatie/id/concept/Exact</regels:idealisatie>
                    <regels:artikelOfLid>
                        <regels:RegeltekstRef xlink:href="nl.imow-pv28.regeltekst.066b3aa009d04bb49aa4c3521e344103"/>
                    </regels:artikelOfLid>
                    <regels:thema>http://standaarden.omgevingswet.overheid.nl/thema/id/concept/WaterEnWatersystemen</regels:thema>
                    <regels:locatieaanduiding>
                        <l:LocatieRef xlink:href="nl.imow-pv28.gebiedengroep.bcd0eac6c4ce469abe1da8a0e64fc644"/>
                        <l:LocatieRef xlink:href="nl.imow-pv28.gebiedengroep.8957e7362f854b869516224224bf9792"/>
                        <l:LocatieRef xlink:href="nl.imow-pv28.gebiedengroep.cf086f99989647ed862cf97d2ab63fce"/>
                        <l:LocatieRef xlink:href="nl.imow-pv28.gebiedengroep.8e0d1c8042224107b467e4f548dbcc62"/>
                        <l:LocatieRef xlink:href="nl.imow-pv28.gebiedengroep.fa813083b69d4d1197397d1f92b0d657"/>
                        <l:LocatieRef xlink:href="nl.imow-pv28.gebiedengroep.992ef07a3d154d398666ce9595d262c6"/>
                        <l:LocatieRef xlink:href="nl.imow-pv28.gebiedengroep.fe9014b1eb534e029530785ebacb4617"/>
                    </regels:locatieaanduiding>
                    <regels:gebiedsaanwijzing>
                        <ga:GebiedsaanwijzingRef xlink:href="nl.imow-pv28.gebiedsaanwijzing.10f2778705ee41b68d935b9ca968d130"/>
                        <ga:GebiedsaanwijzingRef xlink:href="nl.imow-pv28.gebiedsaanwijzing.9488d599cfb546a38de40f838881dd43"/>
                        <ga:GebiedsaanwijzingRef xlink:href="nl.imow-pv28.gebiedsaanwijzing.d6408dd89118484284b563b12ae791d7"/>
                        <ga:GebiedsaanwijzingRef xlink:href="nl.imow-pv28.gebiedsaanwijzing.0ba588d4cfce48bcbe72903c01b4e562"/>
                        <ga:GebiedsaanwijzingRef xlink:href="nl.imow-pv28.gebiedsaanwijzing.0399a556bb2c4cfaa5eb40bbf49c6408"/>
                        <ga:GebiedsaanwijzingRef xlink:href="nl.imow-pv28.gebiedsaanwijzing.ebae125074cf4e6cb44e792397b3b9b7"/>
                        <ga:GebiedsaanwijzingRef xlink:href="nl.imow-pv28.gebiedsaanwijzing.c59ed69263f84a198a01785f311b4182"/>
                    </regels:gebiedsaanwijzing>
                    <regels:kaartaanduiding>
                        <kaart:KaartRef xlink:href="nl.imow-pv28.kaart.f0deee50fba9431ebd6d4302aaac7d44"/>
                    </regels:kaartaanduiding>
                </regels:Omgevingswaarderegel>
            </ow-dc:owObject>
        </sl:stand>
        <sl:stand>
            <ow-dc:owObject>
                <regels:Omgevingswaarderegel>
                    <regels:identificatie>nl.imow-pv28.juridischeregel.fa1fa0099dc24c0da0367012ce59293d</regels:identificatie>
                    <regels:idealisatie>http://standaarden.omgevingswet.overheid.nl/idealisatie/id/concept/Exact</regels:idealisatie>
                    <regels:artikelOfLid>
                        <regels:RegeltekstRef xlink:href="nl.imow-pv28.regeltekst.433f3215f7de46569ad872944cdcb887"/>
                    </regels:artikelOfLid>
                    <regels:thema>http://standaarden.omgevingswet.overheid.nl/thema/id/concept/WaterEnWatersystemen</regels:thema>
                    <regels:locatieaanduiding>
                        <l:LocatieRef xlink:href="nl.imow-pv28.gebiedengroep.1e43aca72e5d496aa02b3dbd2226f81c"/>
                    </regels:locatieaanduiding>
                    <regels:gebiedsaanwijzing>
                        <ga:GebiedsaanwijzingRef xlink:href="nl.imow-pv28.gebiedsaanwijzing.70950cf785da428d98fb8275034176c6"/>
                    </regels:gebiedsaanwijzing>
                    <regels:kaartaanduiding>
                        <kaart:KaartRef xlink:href="nl.imow-pv28.kaart.817cbe951f7145dab96e2b7ed6e2d457"/>
                    </regels:kaartaanduiding>
                    <regels:omgevingswaardeaanduiding>
                        <rol:OmgevingswaardeRef xlink:href="nl.imow-pv28.omgevingswaarde.8b97544937b24574bb3533da432883a7"/>
                    </regels:omgevingswaardeaanduiding>
                </regels:Omgevingswaarderegel>
            </ow-dc:owObject>
        </sl:stand>
    </sl:standBestand>
</ow-dc:owBestand>
