<?xml version="1.0" encoding="UTF-8" standalone="yes"?>
<ow-dc:owBestand xmlns:rol="http://www.geostandaarden.nl/imow/regelsoplocatie" xmlns:schemaLocation="http://www.geostandaarden.nl/imow/bestanden/deelbestand https://register.geostandaarden.nl/xmlschema/tpod/v2.0.0/bestanden-ow/deelbestand-ow/IMOW_Deelbestand.xsd" xmlns:rg="http://www.geostandaarden.nl/imow/regelingsgebied" xmlns:da="http://www.geostandaarden.nl/imow/datatypenalgemeen" xmlns:l="http://www.geostandaarden.nl/imow/locatie" xmlns:sym="http://www.geostandaarden.nl/imow/symbolisatie" xmlns:xsi="http://www.w3.org/2001/XMLSchema-instance" xmlns:kaart="http://www.geostandaarden.nl/imow/kaart" xmlns="http://www.geostandaarden.nl/bestanden-ow/manifest-ow" xmlns:xlink="http://www.w3.org/1999/xlink" xmlns:ow-dc="http://www.geostandaarden.nl/imow/bestanden/deelbestand" xmlns:ga="http://www.geostandaarden.nl/imow/gebiedsaanwijzing" xmlns:sl="http://www.geostandaarden.nl/bestanden-ow/standlevering-generiek" xmlns:p="http://www.geostandaarden.nl/imow/pons" xmlns:regels="http://www.geostandaarden.nl/imow/regels" xmlns:ow="http://www.geostandaarden.nl/imow/owobject" xmlns:vt="http://www.geostandaarden.nl/imow/vrijetekst" xmlns:op="http://www.geostandaarden.nl/imow/opobject">
    <sl:standBestand>
        <sl:dataset>Onbekend</sl:dataset>
        <sl:inhoud>
            <sl:gebied>Onbekend</sl:gebied>
            <sl:leveringsId>Onbekend</sl:leveringsId>
            <sl:objectTypen>
                <sl:objectType>Omgevingswaarde</sl:objectType>
            </sl:objectTypen>
        </sl:inhoud>
        <sl:stand>
            <ow-dc:owObject>
                <rol:Omgevingswaarde>
                    <rol:identificatie>nl.imow-pv28.omgevingswaarde.2c4506385c94426582745dd6c07d34fb</rol:identificatie>
                    <rol:naam>gemiddelde overschrijdingskans per jaar</rol:naam>
                    <rol:type>http://standaarden.omgevingswet.overheid.nl/typenorm/id/concept/KansPerJaar</rol:type>
                    <rol:normwaarde>
                        <rol:Normwaarde>
                            <rol:identificatie>nl.imow-pv28.normwaarde.c5a59f23d920465f82dd39d864e25935</rol:identificatie>
                            <rol:kwalitatieveWaarde>handhaven (theoretisch) profiel legger</rol:kwalitatieveWaarde>
                            <rol:locatieaanduiding>
<l:LocatieRef xlink:href="nl.imow-pv28.gebiedengroep.bcd0eac6c4ce469abe1da8a0e64fc644"/>
                            </rol:locatieaanduiding>
                        </rol:Normwaarde>
                        <rol:Normwaarde>
                            <rol:identificatie>nl.imow-pv28.normwaarde.856a362670c246f686d5504b072c9d30</rol:identificatie>
                            <rol:kwalitatieveWaarde>1/10</rol:kwalitatieveWaarde>
                            <rol:locatieaanduiding>
<l:LocatieRef xlink:href="nl.imow-pv28.gebiedengroep.8957e7362f854b869516224224bf9792"/>
                            </rol:locatieaanduiding>
                        </rol:Normwaarde>
                        <rol:Normwaarde>
                            <rol:identificatie>nl.imow-pv28.normwaarde.809b598cba9e4686b880bb3525386e97</rol:identificatie>
                            <rol:kwalitatieveWaarde>1/30</rol:kwalitatieveWaarde>
                            <rol:locatieaanduiding>
<l:LocatieRef xlink:href="nl.imow-pv28.gebiedengroep.cf086f99989647ed862cf97d2ab63fce"/>
                            </rol:locatieaanduiding>
                        </rol:Normwaarde>
                        <rol:Normwaarde>
                            <rol:identificatie>nl.imow-pv28.normwaarde.f4443736064241a0853f0e6801987ecb</rol:identificatie>
                            <rol:kwalitatieveWaarde>1/100</rol:kwalitatieveWaarde>
                            <rol:locatieaanduiding>
<l:LocatieRef xlink:href="nl.imow-pv28.gebiedengroep.fe9014b1eb534e029530785ebacb4617"/>
                            </rol:locatieaanduiding>
                        </rol:Normwaarde>
                        <rol:Normwaarde>
                            <rol:identificatie>nl.imow-pv28.normwaarde.c20257286a4f4b86b1b46eb14b25961e</rol:identificatie>
                            <rol:kwalitatieveWaarde>1/300</rol:kwalitatieveWaarde>
                            <rol:locatieaanduiding>
<l:LocatieRef xlink:href="nl.imow-pv28.gebiedengroep.8e0d1c8042224107b467e4f548dbcc62"/>
                            </rol:locatieaanduiding>
                        </rol:Normwaarde>
                        <rol:Normwaarde>
                            <rol:identificatie>nl.imow-pv28.normwaarde.398a52d5340b461192ace7f64ec2268a</rol:identificatie>
                            <rol:kwalitatieveWaarde>1/500</rol:kwalitatieveWaarde>
                            <rol:locatieaanduiding>
<l:LocatieRef xlink:href="nl.imow-pv28.gebiedengroep.fa813083b69d4d1197397d1f92b0d657"/>
                            </rol:locatieaanduiding>
                        </rol:Normwaarde>
                        <rol:Normwaarde>
                            <rol:identificatie>nl.imow-pv28.normwaarde.8d2d1d6986ae456b9e0219661d4a7684</rol:identificatie>
                            <rol:kwalitatieveWaarde>1/1000</rol:kwalitatieveWaarde>
                            <rol:locatieaanduiding>
<l:LocatieRef xlink:href="nl.imow-pv28.gebiedengroep.992ef07a3d154d398666ce9595d262c6"/>
                            </rol:locatieaanduiding>
                        </rol:Normwaarde>
                    </rol:normwaarde>
                    <rol:groep>http://standaarden.omgevingswet.overheid.nl/omgevingswaarde/id/concept/VeiligheidWaterkering</rol:groep>
                </rol:Omgevingswaarde>
            </ow-dc:owObject>
        </sl:stand>
        <sl:stand>
            <ow-dc:owObject>
                <rol:Omgevingswaarde>
                    <rol:identificatie>nl.imow-pv28.omgevingswaarde.8b97544937b24574bb3533da432883a7</rol:identificatie>
                    <rol:naam>gemiddelde kans op overstroming</rol:naam>
                    <rol:type>http://standaarden.omgevingswet.overheid.nl/typenorm/id/concept/KansPerJaar</rol:type>
                    <rol:normwaarde>
                        <rol:Normwaarde>
                            <rol:identificatie>nl.imow-pv28.normwaarde.59f929b130f4492393b31f6ad4f27636</rol:identificatie>
                            <rol:waardeInRegeltekst>waarde staat in regeltekst</rol:waardeInRegeltekst>
                            <rol:locatieaanduiding>
<l:LocatieRef xlink:href="nl.imow-pv28.gebiedengroep.a5c996fd37c849508470866f5582213a"/>
                            </rol:locatieaanduiding>
                        </rol:Normwaarde>
                    </rol:normwaarde>
                    <rol:groep>http://standaarden.omgevingswet.overheid.nl/omgevingswaarde/id/concept/Wateroverlast</rol:groep>
                </rol:Omgevingswaarde>
            </ow-dc:owObject>
        </sl:stand>
    </sl:standBestand>
</ow-dc:owBestand>
