<?xml version="1.0" encoding="UTF-8" standalone="yes"?>
<ow-dc:owBestand xmlns:rol="http://www.geostandaarden.nl/imow/regelsoplocatie" xmlns:schemaLocation="http://www.geostandaarden.nl/imow/bestanden/deelbestand https://register.geostandaarden.nl/xmlschema/tpod/v2.0.0/bestanden-ow/deelbestand-ow/IMOW_Deelbestand.xsd" xmlns:rg="http://www.geostandaarden.nl/imow/regelingsgebied" xmlns:da="http://www.geostandaarden.nl/imow/datatypenalgemeen" xmlns:l="http://www.geostandaarden.nl/imow/locatie" xmlns:sym="http://www.geostandaarden.nl/imow/symbolisatie" xmlns:xsi="http://www.w3.org/2001/XMLSchema-instance" xmlns:kaart="http://www.geostandaarden.nl/imow/kaart" xmlns="http://www.geostandaarden.nl/bestanden-ow/manifest-ow" xmlns:xlink="http://www.w3.org/1999/xlink" xmlns:ow-dc="http://www.geostandaarden.nl/imow/bestanden/deelbestand" xmlns:ga="http://www.geostandaarden.nl/imow/gebiedsaanwijzing" xmlns:sl="http://www.geostandaarden.nl/bestanden-ow/standlevering-generiek" xmlns:p="http://www.geostandaarden.nl/imow/pons" xmlns:regels="http://www.geostandaarden.nl/imow/regels" xmlns:ow="http://www.geostandaarden.nl/imow/owobject" xmlns:vt="http://www.geostandaarden.nl/imow/vrijetekst" xmlns:op="http://www.geostandaarden.nl/imow/opobject">
    <sl:standBestand>
        <sl:dataset>Onbekend</sl:dataset>
        <sl:inhoud>
            <sl:gebied>Onbekend</sl:gebied>
            <sl:leveringsId>Onbekend</sl:leveringsId>
            <sl:objectTypen>
                <sl:objectType>Omgevingsnorm</sl:objectType>
            </sl:objectTypen>
        </sl:inhoud>
        <sl:stand>
            <ow-dc:owObject>
                <rol:Omgevingsnorm>
                    <rol:identificatie>nl.imow-pv28.omgevingsnorm.0a73df5ed10648bfb976d8c7ba0e9758</rol:identificatie>
                    <rol:naam>afwijkende maaiveld criteria</rol:naam>
                    <rol:type>http://standaarden.omgevingswet.overheid.nl/typenorm/id/concept/Oppervlakte</rol:type>
                    <rol:eenheid>http://standaarden.omgevingswet.overheid.nl/eenheid/id/concept/Procent</rol:eenheid>
                    <rol:normwaarde>
                        <rol:Normwaarde>
                            <rol:identificatie>nl.imow-pv28.normwaarde.58069532c2ff4f2a920f6f1b7e0dec17</rol:identificatie>
                            <rol:kwantitatieveWaarde>20</rol:kwantitatieveWaarde>
                            <rol:locatieaanduiding>
<l:LocatieRef xlink:href="nl.imow-pv28.gebiedengroep.2a9c094918b64526b4d9e972247c533a"/>
                            </rol:locatieaanduiding>
                        </rol:Normwaarde>
                        <rol:Normwaarde>
                            <rol:identificatie>nl.imow-pv28.normwaarde.459fa887e1fa4594a38ee010c8ca230a</rol:identificatie>
                            <rol:kwantitatieveWaarde>12.5</rol:kwantitatieveWaarde>
                            <rol:locatieaanduiding>
<l:LocatieRef xlink:href="nl.imow-pv28.gebiedengroep.fe5c871ecaa6483c9e1124f51ea2884a"/>
                            </rol:locatieaanduiding>
                        </rol:Normwaarde>
                    </rol:normwaarde>
                    <rol:groep>http://standaarden.omgevingswet.overheid.nl/omgevingsnorm/id/concept/Wateroverlast</rol:groep>
                </rol:Omgevingsnorm>
            </ow-dc:owObject>
        </sl:stand>
        <sl:stand>
            <ow-dc:owObject>
                <rol:Omgevingsnorm>
                    <rol:identificatie>nl.imow-pv28.omgevingsnorm.e369242ed8f84301be865f042701bad5</rol:identificatie>
                    <rol:naam>grote buitenstedelijke bouwlocatie</rol:naam>
                    <rol:type>http://standaarden.omgevingswet.overheid.nl/typenorm/id/concept/NogToeTeVoegen</rol:type>
                    <rol:normwaarde>
                        <rol:Normwaarde>
                            <rol:identificatie>nl.imow-pv28.normwaarde.df3f673a7a25400ab5dd404cc01139f7</rol:identificatie>
                            <rol:kwalitatieveWaarde>woningbouwlocatie</rol:kwalitatieveWaarde>
                            <rol:locatieaanduiding>
<l:LocatieRef xlink:href="nl.imow-pv28.gebiedengroep.c25d75d7607248658d767150d4868a12"/>
                            </rol:locatieaanduiding>
                        </rol:Normwaarde>
                        <rol:Normwaarde>
                            <rol:identificatie>nl.imow-pv28.normwaarde.5d341f109be64f739e4a4666f81fa605</rol:identificatie>
                            <rol:kwalitatieveWaarde>bedrijventerrein zachte capaciteit</rol:kwalitatieveWaarde>
                            <rol:locatieaanduiding>
<l:LocatieRef xlink:href="nl.imow-pv28.gebiedengroep.8686401760cc4f2b9c42819d3f96b88c"/>
                            </rol:locatieaanduiding>
                        </rol:Normwaarde>
                        <rol:Normwaarde>
                            <rol:identificatie>nl.imow-pv28.normwaarde.8cff71a142844117aadfc732d6598f81</rol:identificatie>
                            <rol:kwalitatieveWaarde>bedrijventerrein harde capaciteit</rol:kwalitatieveWaarde>
                            <rol:locatieaanduiding>
<l:LocatieRef xlink:href="nl.imow-pv28.gebiedengroep.009511a9ac2843db9901f596964184ee"/>
                            </rol:locatieaanduiding>
                        </rol:Normwaarde>
                        <rol:Normwaarde>
                            <rol:identificatie>nl.imow-pv28.normwaarde.f762452aa3e5434391945a8b0f189715</rol:identificatie>
                            <rol:kwalitatieveWaarde>andere stedelijke ontwikkeling</rol:kwalitatieveWaarde>
                            <rol:locatieaanduiding>
<l:LocatieRef xlink:href="nl.imow-pv28.gebiedengroep.00ace3542f2c4fd9babfcabe12d28154"/>
                            </rol:locatieaanduiding>
                        </rol:Normwaarde>
                    </rol:normwaarde>
                    <rol:groep>http://standaarden.omgevingswet.overheid.nl/omgevingsnorm/id/concept/Overig</rol:groep>
                </rol:Omgevingsnorm>
            </ow-dc:owObject>
        </sl:stand>
    </sl:standBestand>
</ow-dc:owBestand>
