<InformatieObjectVersieMetadata schemaversie="1.3.0" xmlns="https://standaarden.overheid.nl/stop/imop/data/">
    <heeftBestanden>
        <heeftBestand>
            <Bestand>
                <bestandsnaam>gio-1.gml</bestandsnaam>
                <hash>0888610d3f37d4c041eeac08f074dc62591f5e503c88de21696db468bc24543ad3f2228d07e5a5778b2bb963dd980c91e66d2abea0fdbab80c591c0afe53bb1e</hash>
            </Bestand>
        </heeftBestand>
    </heeftBestanden>
    <heeftGeboorteregeling>/akn/nl/act/gm9920/2025/R_2025031919_4952649</heeftGeboorteregeling>
</InformatieObjectVersieMetadata>