<InformatieObjectMetadata schemaversie="1.3.0" xmlns="https://standaarden.overheid.nl/stop/imop/data/">
    <alternatieveTitels>
        <alternatieveTitel>groen erfgoed, landschap met oude boskernen, houtwallen en heggen</alternatieveTitel>
    </alternatieveTitels>
    <eindverantwoordelijke>/tooi/id/provincie/pv28</eindverantwoordelijke>
    <formaatInformatieobject>/join/id/stop/informatieobject/gio_002</formaatInformatieobject>
    <maker>/tooi/id/provincie/pv28</maker>
    <naamInformatieObject>groen erfgoed, landschap met oude boskernen, houtwallen en heggen</naamInformatieObject>
    <officieleTitel>/join/id/regdata/pv28/2024/gebiedsaanwijzing_f7ec695295d84e11a42a1c3cd2fcdbbb</officieleTitel>
    <publicatieinstructie>TeConsolideren</publicatieinstructie>
</InformatieObjectMetadata>