<InformatieObjectVersieMetadata schemaversie="1.3.0" xmlns="https://standaarden.overheid.nl/stop/imop/data/">
    <heeftBestanden>
        <heeftBestand>
            <Bestand>
                <bestandsnaam>GIO-caac1096.gml</bestandsnaam>
                <hash>861ed1fc6ab4f6e2453bff791fa27f0dc844ebd016ba2d7334f8b658e8da4867c7815831f629e08011bf5f8856df3effa77ca59ea26c25fecda71000e0196b91</hash>
            </Bestand>
        </heeftBestand>
    </heeftBestanden>
    <heeftGeboorteregeling>/akn/nl/act/pv28/2024/ZHOV</heeftGeboorteregeling>
</InformatieObjectVersieMetadata>