<InformatieObjectVersieMetadata schemaversie="1.3.0" xmlns="https://standaarden.overheid.nl/stop/imop/data/">
    <heeftBestanden>
        <heeftBestand>
            <Bestand>
                <bestandsnaam>GIO-aaa5d5f8.gml</bestandsnaam>
                <hash>f0458d553afa754186a1ada7483f12ad4f0f310f5d90febd6b262e4fd59c173467ab3ac7b901f0bc2b9db27b90af5e2cbae3c4c0032d551ab60d7bede00c4af9</hash>
            </Bestand>
        </heeftBestand>
    </heeftBestanden>
    <heeftGeboorteregeling>/akn/nl/act/pv28/2024/ZHOV</heeftGeboorteregeling>
</InformatieObjectVersieMetadata>