<?xml version="1.0" encoding="UTF-8" standalone="yes"?>
<ow-dc:owBestand xmlns:rol="http://www.geostandaarden.nl/imow/regelsoplocatie" xmlns:schemaLocation="http://www.geostandaarden.nl/imow/bestanden/deelbestand https://register.geostandaarden.nl/xmlschema/tpod/v2.0.0/bestanden-ow/deelbestand-ow/IMOW_Deelbestand.xsd" xmlns:rg="http://www.geostandaarden.nl/imow/regelingsgebied" xmlns:da="http://www.geostandaarden.nl/imow/datatypenalgemeen" xmlns:l="http://www.geostandaarden.nl/imow/locatie" xmlns:sym="http://www.geostandaarden.nl/imow/symbolisatie" xmlns:xsi="http://www.w3.org/2001/XMLSchema-instance" xmlns:kaart="http://www.geostandaarden.nl/imow/kaart" xmlns="http://www.geostandaarden.nl/bestanden-ow/manifest-ow" xmlns:xlink="http://www.w3.org/1999/xlink" xmlns:ow-dc="http://www.geostandaarden.nl/imow/bestanden/deelbestand" xmlns:ga="http://www.geostandaarden.nl/imow/gebiedsaanwijzing" xmlns:sl="http://www.geostandaarden.nl/bestanden-ow/standlevering-generiek" xmlns:p="http://www.geostandaarden.nl/imow/pons" xmlns:regels="http://www.geostandaarden.nl/imow/regels" xmlns:ow="http://www.geostandaarden.nl/imow/owobject" xmlns:vt="http://www.geostandaarden.nl/imow/vrijetekst" xmlns:op="http://www.geostandaarden.nl/imow/opobject">
    <sl:standBestand>
        <sl:dataset>Onbekend</sl:dataset>
        <sl:inhoud>
            <sl:gebied>Onbekend</sl:gebied>
            <sl:leveringsId>Onbekend</sl:leveringsId>
            <sl:objectTypen>
                <sl:objectType>Gebied</sl:objectType>
            </sl:objectTypen>
        </sl:inhoud>
        <sl:stand>
            <ow-dc:owObject>
                <l:Gebied>
                    <l:identificatie>nl.imow-pv30.gebied.00300136T000000000000093e5970</l:identificatie>
                    <l:geometrie>
                        <l:GeometrieRef xlink:href="e535f8e8-e68d-4c70-984a-dac1b0e67295"/>
                    </l:geometrie>
                </l:Gebied>
            </ow-dc:owObject>
        </sl:stand>
        <sl:stand>
            <ow-dc:owObject>
                <l:Gebied>
                    <l:identificatie>nl.imow-pv30.gebied.00300136T000000000000094e5971</l:identificatie>
                    <l:geometrie>
                        <l:GeometrieRef xlink:href="7e9b48ea-fc1c-4703-a3aa-39e57549ab7d"/>
                    </l:geometrie>
                </l:Gebied>
            </ow-dc:owObject>
        </sl:stand>
        <sl:stand>
            <ow-dc:owObject>
                <l:Gebied>
                    <l:identificatie>nl.imow-pv30.gebied.00300136T000000000000094e5972</l:identificatie>
                    <l:geometrie>
                        <l:GeometrieRef xlink:href="fa4395e9-f9f7-497f-b996-746167a5f309"/>
                    </l:geometrie>
                </l:Gebied>
            </ow-dc:owObject>
        </sl:stand>
        <sl:stand>
            <ow-dc:owObject>
                <l:Gebied>
                    <l:identificatie>nl.imow-pv30.gebied.00300136T000000000000094e5973</l:identificatie>
                    <l:geometrie>
                        <l:GeometrieRef xlink:href="9ed7f001-1460-458e-a0f6-e9fa85c19a63"/>
                    </l:geometrie>
                </l:Gebied>
            </ow-dc:owObject>
        </sl:stand>
        <sl:stand>
            <ow-dc:owObject>
                <l:Gebied>
                    <l:identificatie>nl.imow-pv30.gebied.00300136T000000000000094e5974</l:identificatie>
                    <l:geometrie>
                        <l:GeometrieRef xlink:href="fcd2e9c7-6f81-451a-a297-a4ecf166c44e"/>
                    </l:geometrie>
                </l:Gebied>
            </ow-dc:owObject>
        </sl:stand>
        <sl:stand>
            <ow-dc:owObject>
                <l:Gebied>
                    <l:identificatie>nl.imow-pv30.gebied.00300136T000000000000094e5975</l:identificatie>
                    <l:geometrie>
                        <l:GeometrieRef xlink:href="e37193a0-37b4-457d-8bb9-c3a20bcca4e5"/>
                    </l:geometrie>
                </l:Gebied>
            </ow-dc:owObject>
        </sl:stand>
        <sl:stand>
            <ow-dc:owObject>
                <l:Gebied>
                    <l:identificatie>nl.imow-pv30.gebied.00300136T000000000000094e5976</l:identificatie>
                    <l:geometrie>
                        <l:GeometrieRef xlink:href="e3fda2f5-1eee-4073-b54c-af31e42affd4"/>
                    </l:geometrie>
                </l:Gebied>
            </ow-dc:owObject>
        </sl:stand>
        <sl:stand>
            <ow-dc:owObject>
                <l:Gebied>
                    <l:identificatie>nl.imow-pv30.gebied.00300136T000000000000126e19533</l:identificatie>
                    <l:geometrie>
                        <l:GeometrieRef xlink:href="eab1f9ee-429a-47d8-b913-529ebcb2b58d"/>
                    </l:geometrie>
                </l:Gebied>
            </ow-dc:owObject>
        </sl:stand>
        <sl:stand>
            <ow-dc:owObject>
                <l:Gebied>
                    <l:identificatie>nl.imow-pv30.gebied.00300136T000000000000127e35496</l:identificatie>
                    <l:geometrie>
                        <l:GeometrieRef xlink:href="0b99d2ab-65d4-4984-b1e2-2ae16693a376"/>
                    </l:geometrie>
                </l:Gebied>
            </ow-dc:owObject>
        </sl:stand>
        <sl:stand>
            <ow-dc:owObject>
                <l:Gebied>
                    <l:identificatie>nl.imow-pv30.gebied.00300136T000000000000127e35497</l:identificatie>
                    <l:geometrie>
                        <l:GeometrieRef xlink:href="b772fb52-214d-49e2-b8a5-110375772997"/>
                    </l:geometrie>
                </l:Gebied>
            </ow-dc:owObject>
        </sl:stand>
        <sl:stand>
            <ow-dc:owObject>
                <l:Gebied>
                    <l:identificatie>nl.imow-pv30.gebied.00300136T000000000000127e35498</l:identificatie>
                    <l:geometrie>
                        <l:GeometrieRef xlink:href="72e0d975-7942-43bd-9cde-bdb7e4fc05c0"/>
                    </l:geometrie>
                </l:Gebied>
            </ow-dc:owObject>
        </sl:stand>
        <sl:stand>
            <ow-dc:owObject>
                <l:Gebied>
                    <l:identificatie>nl.imow-pv30.gebied.00300136T000000000000127e35499</l:identificatie>
                    <l:geometrie>
                        <l:GeometrieRef xlink:href="fc29c33c-492a-4b8f-b364-eaf05cc0314c"/>
                    </l:geometrie>
                </l:Gebied>
            </ow-dc:owObject>
        </sl:stand>
        <sl:stand>
            <ow-dc:owObject>
                <l:Gebied>
                    <l:identificatie>nl.imow-pv30.gebied.00300136T000000000000127e35500</l:identificatie>
                    <l:geometrie>
                        <l:GeometrieRef xlink:href="0bdf2ac4-e5de-4393-b348-bf0f02e73d87"/>
                    </l:geometrie>
                </l:Gebied>
            </ow-dc:owObject>
        </sl:stand>
        <sl:stand>
            <ow-dc:owObject>
                <l:Gebied>
                    <l:identificatie>nl.imow-pv30.gebied.00300136T000000000000144e35501</l:identificatie>
                    <l:geometrie>
                        <l:GeometrieRef xlink:href="16e06c57-58e0-4e55-84eb-ad8483271b6b"/>
                    </l:geometrie>
                </l:Gebied>
            </ow-dc:owObject>
        </sl:stand>
        <sl:stand>
            <ow-dc:owObject>
                <l:Gebied>
                    <l:identificatie>nl.imow-pv30.gebied.00300136T000000000000144e35502</l:identificatie>
                    <l:geometrie>
                        <l:GeometrieRef xlink:href="1d08d31e-6e1a-4ede-98b9-c7b1025dbd6f"/>
                    </l:geometrie>
                </l:Gebied>
            </ow-dc:owObject>
        </sl:stand>
        <sl:stand>
            <ow-dc:owObject>
                <l:Gebied>
                    <l:identificatie>nl.imow-pv30.gebied.00300136T000000000000144e35503</l:identificatie>
                    <l:geometrie>
                        <l:GeometrieRef xlink:href="97b167bc-33c4-4a5a-8f7e-dd6536197bc2"/>
                    </l:geometrie>
                </l:Gebied>
            </ow-dc:owObject>
        </sl:stand>
        <sl:stand>
            <ow-dc:owObject>
                <l:Gebied>
                    <l:identificatie>nl.imow-pv30.gebied.00300136T000000000000144e35504</l:identificatie>
                    <l:geometrie>
                        <l:GeometrieRef xlink:href="bbf012dd-30ab-4928-b18e-ff91e770fdec"/>
                    </l:geometrie>
                </l:Gebied>
            </ow-dc:owObject>
        </sl:stand>
        <sl:stand>
            <ow-dc:owObject>
                <l:Gebied>
                    <l:identificatie>nl.imow-pv30.gebied.00300136T000000000000144e35505</l:identificatie>
                    <l:geometrie>
                        <l:GeometrieRef xlink:href="ed9ae600-3486-4903-85cc-d79a4b1067da"/>
                    </l:geometrie>
                </l:Gebied>
            </ow-dc:owObject>
        </sl:stand>
        <sl:stand>
            <ow-dc:owObject>
                <l:Gebied>
                    <l:identificatie>nl.imow-pv30.gebied.00300136T000000000000162e35629</l:identificatie>
                    <l:geometrie>
                        <l:GeometrieRef xlink:href="94edc2f0-d632-48f0-94f2-4b5968b6a86f"/>
                    </l:geometrie>
                </l:Gebied>
            </ow-dc:owObject>
        </sl:stand>
        <sl:stand>
            <ow-dc:owObject>
                <l:Gebied>
                    <l:identificatie>nl.imow-pv30.gebied.00300136T000000000000184e36294</l:identificatie>
                    <l:geometrie>
                        <l:GeometrieRef xlink:href="5fc31b25-7098-46bf-8548-2311057a9c7c"/>
                    </l:geometrie>
                </l:Gebied>
            </ow-dc:owObject>
        </sl:stand>
        <sl:stand>
            <ow-dc:owObject>
                <l:Gebied>
                    <l:identificatie>nl.imow-pv30.gebied.00300136T000000000000184e36295</l:identificatie>
                    <l:geometrie>
                        <l:GeometrieRef xlink:href="c414a50c-982d-4e8a-9727-1cdddaf3b1db"/>
                    </l:geometrie>
                </l:Gebied>
            </ow-dc:owObject>
        </sl:stand>
        <sl:stand>
            <ow-dc:owObject>
                <l:Gebied>
                    <l:identificatie>nl.imow-pv30.gebied.00300136T000000000000184e36296</l:identificatie>
                    <l:geometrie>
                        <l:GeometrieRef xlink:href="fb0935b7-3263-48b9-8329-38bc089f2cfb"/>
                    </l:geometrie>
                </l:Gebied>
            </ow-dc:owObject>
        </sl:stand>
        <sl:stand>
            <ow-dc:owObject>
                <l:Gebied>
                    <l:identificatie>nl.imow-pv30.gebied.00300136T000000000000184e36297</l:identificatie>
                    <l:geometrie>
                        <l:GeometrieRef xlink:href="64a13390-e7ea-43bf-9bb1-881a12e4cf2c"/>
                    </l:geometrie>
                </l:Gebied>
            </ow-dc:owObject>
        </sl:stand>
        <sl:stand>
            <ow-dc:owObject>
                <l:Gebied>
                    <l:identificatie>nl.imow-pv30.gebied.00300136T000000000000184e36298</l:identificatie>
                    <l:geometrie>
                        <l:GeometrieRef xlink:href="c055e4c2-15e7-4f20-8f8f-0ade9cf9cc44"/>
                    </l:geometrie>
                </l:Gebied>
            </ow-dc:owObject>
        </sl:stand>
        <sl:stand>
            <ow-dc:owObject>
                <l:Gebied>
                    <l:identificatie>nl.imow-pv30.gebied.00300136T000000000000184e36299</l:identificatie>
                    <l:geometrie>
                        <l:GeometrieRef xlink:href="c9e89f8a-b8d8-4e99-ab47-4bcffcb25145"/>
                    </l:geometrie>
                </l:Gebied>
            </ow-dc:owObject>
        </sl:stand>
        <sl:stand>
            <ow-dc:owObject>
                <l:Gebied>
                    <l:identificatie>nl.imow-pv30.gebied.00300136T000000000000184e36300</l:identificatie>
                    <l:geometrie>
                        <l:GeometrieRef xlink:href="eebaa0ef-f66a-4d7f-a828-31bf37b683c2"/>
                    </l:geometrie>
                </l:Gebied>
            </ow-dc:owObject>
        </sl:stand>
        <sl:stand>
            <ow-dc:owObject>
                <l:Gebied>
                    <l:identificatie>nl.imow-pv30.gebied.00300136T000000000000184e36301</l:identificatie>
                    <l:geometrie>
                        <l:GeometrieRef xlink:href="f93ac934-0786-4e3d-b5d7-b2e387ace710"/>
                    </l:geometrie>
                </l:Gebied>
            </ow-dc:owObject>
        </sl:stand>
        <sl:stand>
            <ow-dc:owObject>
                <l:Gebied>
                    <l:identificatie>nl.imow-pv30.gebied.00300136T000000000000184e36302</l:identificatie>
                    <l:geometrie>
                        <l:GeometrieRef xlink:href="054bff89-9646-487a-8656-2202cc32efe6"/>
                    </l:geometrie>
                </l:Gebied>
            </ow-dc:owObject>
        </sl:stand>
        <sl:stand>
            <ow-dc:owObject>
                <l:Gebied>
                    <l:identificatie>nl.imow-pv30.gebied.00300136T000000000000184e36303</l:identificatie>
                    <l:geometrie>
                        <l:GeometrieRef xlink:href="3c5f9ad1-5b10-4a5e-b0a9-213620f3bc57"/>
                    </l:geometrie>
                </l:Gebied>
            </ow-dc:owObject>
        </sl:stand>
        <sl:stand>
            <ow-dc:owObject>
                <l:Gebied>
                    <l:identificatie>nl.imow-pv30.gebied.00300136T000000000000184e36304</l:identificatie>
                    <l:geometrie>
                        <l:GeometrieRef xlink:href="c7ee4d4d-a17e-4390-87de-48087088582d"/>
                    </l:geometrie>
                </l:Gebied>
            </ow-dc:owObject>
        </sl:stand>
        <sl:stand>
            <ow-dc:owObject>
                <l:Gebied>
                    <l:identificatie>nl.imow-pv30.gebied.00300136T000000000000184e36305</l:identificatie>
                    <l:geometrie>
                        <l:GeometrieRef xlink:href="ba745173-d390-4104-8219-b856dc18a350"/>
                    </l:geometrie>
                </l:Gebied>
            </ow-dc:owObject>
        </sl:stand>
        <sl:stand>
            <ow-dc:owObject>
                <l:Gebied>
                    <l:identificatie>nl.imow-pv30.gebied.00300136T000000000000184e36306</l:identificatie>
                    <l:geometrie>
                        <l:GeometrieRef xlink:href="ac1b24e8-54b0-41ce-b0d5-01a49a7a4fab"/>
                    </l:geometrie>
                </l:Gebied>
            </ow-dc:owObject>
        </sl:stand>
        <sl:stand>
            <ow-dc:owObject>
                <l:Gebied>
                    <l:identificatie>nl.imow-pv30.gebied.00300136T000000000000184e36307</l:identificatie>
                    <l:geometrie>
                        <l:GeometrieRef xlink:href="597105c5-9094-42a0-a283-bda149a8cd73"/>
                    </l:geometrie>
                </l:Gebied>
            </ow-dc:owObject>
        </sl:stand>
        <sl:stand>
            <ow-dc:owObject>
                <l:Gebied>
                    <l:identificatie>nl.imow-pv30.gebied.00300136T000000000000184e36308</l:identificatie>
                    <l:geometrie>
                        <l:GeometrieRef xlink:href="4588c731-b62a-421c-b20d-9f92964e2b96"/>
                    </l:geometrie>
                </l:Gebied>
            </ow-dc:owObject>
        </sl:stand>
        <sl:stand>
            <ow-dc:owObject>
                <l:Gebied>
                    <l:identificatie>nl.imow-pv30.gebied.00300136T000000000000184e36309</l:identificatie>
                    <l:geometrie>
                        <l:GeometrieRef xlink:href="13af6c8f-23fc-489a-bc15-c96181a6e8f4"/>
                    </l:geometrie>
                </l:Gebied>
            </ow-dc:owObject>
        </sl:stand>
        <sl:stand>
            <ow-dc:owObject>
                <l:Gebied>
                    <l:identificatie>nl.imow-pv30.gebied.00300136T000000000000184e36310</l:identificatie>
                    <l:geometrie>
                        <l:GeometrieRef xlink:href="1fe1672c-970a-4a0e-b8c8-c1ce23547d2a"/>
                    </l:geometrie>
                </l:Gebied>
            </ow-dc:owObject>
        </sl:stand>
        <sl:stand>
            <ow-dc:owObject>
                <l:Gebied>
                    <l:identificatie>nl.imow-pv30.gebied.00300136T000000000000184e36311</l:identificatie>
                    <l:geometrie>
                        <l:GeometrieRef xlink:href="d8bb3bc6-098f-47c1-9f83-4015fc195291"/>
                    </l:geometrie>
                </l:Gebied>
            </ow-dc:owObject>
        </sl:stand>
        <sl:stand>
            <ow-dc:owObject>
                <l:Gebied>
                    <l:identificatie>nl.imow-pv30.gebied.00300136T000000000000184e36312</l:identificatie>
                    <l:geometrie>
                        <l:GeometrieRef xlink:href="c99d2e75-f5ad-425b-b448-977e73aefabd"/>
                    </l:geometrie>
                </l:Gebied>
            </ow-dc:owObject>
        </sl:stand>
        <sl:stand>
            <ow-dc:owObject>
                <l:Gebied>
                    <l:identificatie>nl.imow-pv30.gebied.00300136T000000000000184e36313</l:identificatie>
                    <l:geometrie>
                        <l:GeometrieRef xlink:href="ecef137d-4324-4029-acd2-93f68b5fcd80"/>
                    </l:geometrie>
                </l:Gebied>
            </ow-dc:owObject>
        </sl:stand>
        <sl:stand>
            <ow-dc:owObject>
                <l:Gebied>
                    <l:identificatie>nl.imow-pv30.gebied.00300136T000000000000184e36314</l:identificatie>
                    <l:geometrie>
                        <l:GeometrieRef xlink:href="bf6f13ff-e4c7-4834-8e97-d57f54d09385"/>
                    </l:geometrie>
                </l:Gebied>
            </ow-dc:owObject>
        </sl:stand>
        <sl:stand>
            <ow-dc:owObject>
                <l:Gebied>
                    <l:identificatie>nl.imow-pv30.gebied.00300136T000000000000184e36315</l:identificatie>
                    <l:geometrie>
                        <l:GeometrieRef xlink:href="75df7243-c113-461b-96dc-649da78853c4"/>
                    </l:geometrie>
                </l:Gebied>
            </ow-dc:owObject>
        </sl:stand>
        <sl:stand>
            <ow-dc:owObject>
                <l:Gebied>
                    <l:identificatie>nl.imow-pv30.gebied.00300136T000000000000184e36316</l:identificatie>
                    <l:geometrie>
                        <l:GeometrieRef xlink:href="e8a6f5c9-9175-4695-8a3c-6c8f2df1d3eb"/>
                    </l:geometrie>
                </l:Gebied>
            </ow-dc:owObject>
        </sl:stand>
        <sl:stand>
            <ow-dc:owObject>
                <l:Gebied>
                    <l:identificatie>nl.imow-pv30.gebied.00300136T000000000000184e36317</l:identificatie>
                    <l:geometrie>
                        <l:GeometrieRef xlink:href="1100d4cc-fe80-408e-8d2e-d454be6d5ea7"/>
                    </l:geometrie>
                </l:Gebied>
            </ow-dc:owObject>
        </sl:stand>
        <sl:stand>
            <ow-dc:owObject>
                <l:Gebied>
                    <l:identificatie>nl.imow-pv30.gebied.00300136T000000000000184e36318</l:identificatie>
                    <l:geometrie>
                        <l:GeometrieRef xlink:href="9eb922c1-ea9b-4dbe-86d6-0cede53d57f2"/>
                    </l:geometrie>
                </l:Gebied>
            </ow-dc:owObject>
        </sl:stand>
        <sl:stand>
            <ow-dc:owObject>
                <l:Gebied>
                    <l:identificatie>nl.imow-pv30.gebied.00300136T000000000000184e36319</l:identificatie>
                    <l:geometrie>
                        <l:GeometrieRef xlink:href="03ff85ab-5fca-4177-a9d0-c51ec825f861"/>
                    </l:geometrie>
                </l:Gebied>
            </ow-dc:owObject>
        </sl:stand>
        <sl:stand>
            <ow-dc:owObject>
                <l:Gebied>
                    <l:identificatie>nl.imow-pv30.gebied.00300136T000000000000184e36320</l:identificatie>
                    <l:geometrie>
                        <l:GeometrieRef xlink:href="3eaff90f-a0b7-461b-af7a-a54a62638926"/>
                    </l:geometrie>
                </l:Gebied>
            </ow-dc:owObject>
        </sl:stand>
        <sl:stand>
            <ow-dc:owObject>
                <l:Gebied>
                    <l:identificatie>nl.imow-pv30.gebied.00300136T000000000000184e36321</l:identificatie>
                    <l:geometrie>
                        <l:GeometrieRef xlink:href="f231952c-5f78-415f-8303-ad7e689da29d"/>
                    </l:geometrie>
                </l:Gebied>
            </ow-dc:owObject>
        </sl:stand>
        <sl:stand>
            <ow-dc:owObject>
                <l:Gebied>
                    <l:identificatie>nl.imow-pv30.gebied.00300136T000000000000184e36322</l:identificatie>
                    <l:geometrie>
                        <l:GeometrieRef xlink:href="92bb5f68-988c-49bc-8d43-5f08cd9ee474"/>
                    </l:geometrie>
                </l:Gebied>
            </ow-dc:owObject>
        </sl:stand>
        <sl:stand>
            <ow-dc:owObject>
                <l:Gebied>
                    <l:identificatie>nl.imow-pv30.gebied.00300136T000000000000184e36323</l:identificatie>
                    <l:geometrie>
                        <l:GeometrieRef xlink:href="7529a350-85f1-45a7-8834-f0a37adbd729"/>
                    </l:geometrie>
                </l:Gebied>
            </ow-dc:owObject>
        </sl:stand>
        <sl:stand>
            <ow-dc:owObject>
                <l:Gebied>
                    <l:identificatie>nl.imow-pv30.gebied.00300136T000000000000184e36324</l:identificatie>
                    <l:geometrie>
                        <l:GeometrieRef xlink:href="e9b599b5-c4f5-4f87-bcc1-f93caedd6864"/>
                    </l:geometrie>
                </l:Gebied>
            </ow-dc:owObject>
        </sl:stand>
        <sl:stand>
            <ow-dc:owObject>
                <l:Gebied>
                    <l:identificatie>nl.imow-pv30.gebied.00300136T000000000000184e36325</l:identificatie>
                    <l:geometrie>
                        <l:GeometrieRef xlink:href="5065e41c-ffbe-4c31-b523-aa0c3ce39a8f"/>
                    </l:geometrie>
                </l:Gebied>
            </ow-dc:owObject>
        </sl:stand>
        <sl:stand>
            <ow-dc:owObject>
                <l:Gebied>
                    <l:identificatie>nl.imow-pv30.gebied.00300136T000000000000184e36326</l:identificatie>
                    <l:geometrie>
                        <l:GeometrieRef xlink:href="c4e074a2-f136-4175-a336-8f301fbb1eb2"/>
                    </l:geometrie>
                </l:Gebied>
            </ow-dc:owObject>
        </sl:stand>
        <sl:stand>
            <ow-dc:owObject>
                <l:Gebied>
                    <l:identificatie>nl.imow-pv30.gebied.00300136T000000000000184e36327</l:identificatie>
                    <l:geometrie>
                        <l:GeometrieRef xlink:href="5dc870be-50aa-4c99-8876-c7c08ed4792f"/>
                    </l:geometrie>
                </l:Gebied>
            </ow-dc:owObject>
        </sl:stand>
        <sl:stand>
            <ow-dc:owObject>
                <l:Gebied>
                    <l:identificatie>nl.imow-pv30.gebied.00300136T000000000000184e36328</l:identificatie>
                    <l:geometrie>
                        <l:GeometrieRef xlink:href="db444d07-e68f-49fb-b634-24d889f2dd61"/>
                    </l:geometrie>
                </l:Gebied>
            </ow-dc:owObject>
        </sl:stand>
        <sl:stand>
            <ow-dc:owObject>
                <l:Gebied>
                    <l:identificatie>nl.imow-pv30.gebied.00300136T000000000000184e36329</l:identificatie>
                    <l:geometrie>
                        <l:GeometrieRef xlink:href="2c28fb12-e046-4b61-806b-5723609be1dd"/>
                    </l:geometrie>
                </l:Gebied>
            </ow-dc:owObject>
        </sl:stand>
        <sl:stand>
            <ow-dc:owObject>
                <l:Gebied>
                    <l:identificatie>nl.imow-pv30.gebied.00300136T000000000000184e36330</l:identificatie>
                    <l:geometrie>
                        <l:GeometrieRef xlink:href="43b6452c-518f-429f-bb7d-ddaf1132dd21"/>
                    </l:geometrie>
                </l:Gebied>
            </ow-dc:owObject>
        </sl:stand>
        <sl:stand>
            <ow-dc:owObject>
                <l:Gebied>
                    <l:identificatie>nl.imow-pv30.gebied.00300136T000000000000184e36331</l:identificatie>
                    <l:geometrie>
                        <l:GeometrieRef xlink:href="75476399-6c14-4193-b801-6f59f02fecb6"/>
                    </l:geometrie>
                </l:Gebied>
            </ow-dc:owObject>
        </sl:stand>
        <sl:stand>
            <ow-dc:owObject>
                <l:Gebied>
                    <l:identificatie>nl.imow-pv30.gebied.00300136T000000000000184e36332</l:identificatie>
                    <l:geometrie>
                        <l:GeometrieRef xlink:href="1f6a6f3f-45bc-430e-8cff-730aea9348d6"/>
                    </l:geometrie>
                </l:Gebied>
            </ow-dc:owObject>
        </sl:stand>
        <sl:stand>
            <ow-dc:owObject>
                <l:Gebied>
                    <l:identificatie>nl.imow-pv30.gebied.00300136T000000000000184e36333</l:identificatie>
                    <l:geometrie>
                        <l:GeometrieRef xlink:href="c34248a1-62d7-4943-98c0-4c07ee0c95d3"/>
                    </l:geometrie>
                </l:Gebied>
            </ow-dc:owObject>
        </sl:stand>
        <sl:stand>
            <ow-dc:owObject>
                <l:Gebied>
                    <l:identificatie>nl.imow-pv30.gebied.00300136T000000000000184e36334</l:identificatie>
                    <l:geometrie>
                        <l:GeometrieRef xlink:href="5ff66624-8524-4552-8128-e608b311d9d1"/>
                    </l:geometrie>
                </l:Gebied>
            </ow-dc:owObject>
        </sl:stand>
        <sl:stand>
            <ow-dc:owObject>
                <l:Gebied>
                    <l:identificatie>nl.imow-pv30.gebied.00300136T000000000000184e36335</l:identificatie>
                    <l:geometrie>
                        <l:GeometrieRef xlink:href="0edd935e-758c-4209-88be-cdef916f4125"/>
                    </l:geometrie>
                </l:Gebied>
            </ow-dc:owObject>
        </sl:stand>
        <sl:stand>
            <ow-dc:owObject>
                <l:Gebied>
                    <l:identificatie>nl.imow-pv30.gebied.00300136T000000000000184e36336</l:identificatie>
                    <l:geometrie>
                        <l:GeometrieRef xlink:href="35caf2ba-a6f2-48df-a85d-2ca29b1c757d"/>
                    </l:geometrie>
                </l:Gebied>
            </ow-dc:owObject>
        </sl:stand>
        <sl:stand>
            <ow-dc:owObject>
                <l:Gebied>
                    <l:identificatie>nl.imow-pv30.gebied.00300136T000000000000184e36337</l:identificatie>
                    <l:geometrie>
                        <l:GeometrieRef xlink:href="9e97403e-6ac1-47e6-b193-bd51ffb1b72e"/>
                    </l:geometrie>
                </l:Gebied>
            </ow-dc:owObject>
        </sl:stand>
        <sl:stand>
            <ow-dc:owObject>
                <l:Gebied>
                    <l:identificatie>nl.imow-pv30.gebied.00300136T000000000000184e36338</l:identificatie>
                    <l:geometrie>
                        <l:GeometrieRef xlink:href="b2fbb8fd-f48d-48c6-80ae-19d6141064c1"/>
                    </l:geometrie>
                </l:Gebied>
            </ow-dc:owObject>
        </sl:stand>
        <sl:stand>
            <ow-dc:owObject>
                <l:Gebied>
                    <l:identificatie>nl.imow-pv30.gebied.00300136T000000000000184e36339</l:identificatie>
                    <l:geometrie>
                        <l:GeometrieRef xlink:href="955723cd-7648-4f97-89e9-29cbeac43472"/>
                    </l:geometrie>
                </l:Gebied>
            </ow-dc:owObject>
        </sl:stand>
        <sl:stand>
            <ow-dc:owObject>
                <l:Gebied>
                    <l:identificatie>nl.imow-pv30.gebied.00300136T000000000000184e36340</l:identificatie>
                    <l:geometrie>
                        <l:GeometrieRef xlink:href="976d9459-7b20-4adc-b072-449b0d85f899"/>
                    </l:geometrie>
                </l:Gebied>
            </ow-dc:owObject>
        </sl:stand>
        <sl:stand>
            <ow-dc:owObject>
                <l:Gebied>
                    <l:identificatie>nl.imow-pv30.gebied.00300136T000000000000184e36341</l:identificatie>
                    <l:geometrie>
                        <l:GeometrieRef xlink:href="bcb6dab7-efc1-43a5-92f0-3f2df0cb0e80"/>
                    </l:geometrie>
                </l:Gebied>
            </ow-dc:owObject>
        </sl:stand>
        <sl:stand>
            <ow-dc:owObject>
                <l:Gebied>
                    <l:identificatie>nl.imow-pv30.gebied.00300136T023641800000000e480</l:identificatie>
                    <l:geometrie>
                        <l:GeometrieRef xlink:href="00000018-073aa5a6-411b-4ac0-9344-559782b2e0f0"/>
                    </l:geometrie>
                </l:Gebied>
            </ow-dc:owObject>
        </sl:stand>
        <sl:stand>
            <ow-dc:owObject>
                <l:Gebied>
                    <l:identificatie>nl.imow-pv30.gebied.00300136T023642000000000e482</l:identificatie>
                    <l:geometrie>
                        <l:GeometrieRef xlink:href="00000020-3c772a23-75a5-4045-b9e6-6bfb52bcbb64"/>
                    </l:geometrie>
                </l:Gebied>
            </ow-dc:owObject>
        </sl:stand>
        <sl:stand>
            <ow-dc:owObject>
                <l:Gebied>
                    <l:identificatie>nl.imow-pv30.gebied.00300136T023642200000000e487</l:identificatie>
                    <l:geometrie>
                        <l:GeometrieRef xlink:href="00000022-663725c7-a747-4e0a-81f7-186cd1bdcfd3"/>
                    </l:geometrie>
                </l:Gebied>
            </ow-dc:owObject>
        </sl:stand>
        <sl:stand>
            <ow-dc:owObject>
                <l:Gebied>
                    <l:identificatie>nl.imow-pv30.gebied.00300136T023642200000000e488</l:identificatie>
                    <l:geometrie>
                        <l:GeometrieRef xlink:href="00000022-6135dfe3-9e25-4f80-b399-75f92c7f5326"/>
                    </l:geometrie>
                </l:Gebied>
            </ow-dc:owObject>
        </sl:stand>
        <sl:stand>
            <ow-dc:owObject>
                <l:Gebied>
                    <l:identificatie>nl.imow-pv30.gebied.00300136T023643600000000e1688</l:identificatie>
                    <l:geometrie>
                        <l:GeometrieRef xlink:href="00000036-d9dddb60-b627-42c1-a553-d98519645b55"/>
                    </l:geometrie>
                </l:Gebied>
            </ow-dc:owObject>
        </sl:stand>
    </sl:standBestand>
</ow-dc:owBestand>
