<?xml version="1.0" encoding="UTF-8" standalone="no"?>
  <AanleveringInformatieObject xmlns="https://standaarden.overheid.nl/lvbb/stop/aanlevering/" xmlns:geo="https://standaarden.overheid.nl/stop/imop/geo/" xmlns:xsi="http://www.w3.org/2001/XMLSchema-instance" schemaversie="1.2.0" xsi:schemaLocation="https://standaarden.overheid.nl/lvbb/stop/aanlevering https://standaarden.overheid.nl/lvbb/1.2.0/lvbb-stop-aanlevering.xsd">
  <InformatieObjectVersie>
  <data:ExpressionIdentificatie xmlns:data="https://standaarden.overheid.nl/stop/imop/data/">
  <data:FRBRWork>/join/id/regdata/pv30/2024/136gio7c3748bf-b13a-11ee-bc75-000c291d1f30</data:FRBRWork>
  <data:FRBRExpression>/join/id/regdata/pv30/2024/136gio7c3748bf-b13a-11ee-bc75-000c291d1f30/nld@2024-05-14;24</data:FRBRExpression>
  <data:soortWork>/join/id/stop/work_010</data:soortWork>
  </data:ExpressionIdentificatie>
  <data:InformatieObjectVersieMetadata xmlns:data="https://standaarden.overheid.nl/stop/imop/data/">
  <data:heeftGeboorteregeling>/akn/nl/act/pv30/2022/omgevingsverordeningT</data:heeftGeboorteregeling>
  <data:heeftBestanden>
  <data:heeftBestand>
  <data:Bestand>
  <data:bestandsnaam>normen_bouwaanduiding-v1.gml</data:bestandsnaam>
  <data:hash>1d2573d82108817150276522f1d6b2e36e2518c2f5fbdb04238bc9ca0a7c3354120dee143d3836cb58dd377e43cd5b62d3514e24484bfd0b6901f6a86e2bfa9a</data:hash>
  </data:Bestand>
  </data:heeftBestand>
  </data:heeftBestanden>
  </data:InformatieObjectVersieMetadata>
  <data:InformatieObjectMetadata xmlns:data="https://standaarden.overheid.nl/stop/imop/data/" schemaversie="1.3.0">
  <data:eindverantwoordelijke>/tooi/id/provincie/pv30</data:eindverantwoordelijke>
  <data:formaatInformatieobject>/join/id/stop/informatieobject/gio_002</data:formaatInformatieobject>
  <data:maker>/tooi/id/provincie/pv30</data:maker>
  <data:naamInformatieObject/>
  <data:officieleTitel>/join/id/regdata/pv30/2024/136gio7c3748bf-b13a-11ee-bc75-000c291d1f30</data:officieleTitel>
  <data:publicatieinstructie>TeConsolideren</data:publicatieinstructie>
  </data:InformatieObjectMetadata>
  </InformatieObjectVersie>
  </AanleveringInformatieObject>