<?xml version="1.0" encoding="UTF-8" standalone="no"?>
<manifest xmlns="http://www.overheid.nl/2017/lvbb">
  <bestand>
    <bestandsnaam>IO-12625871806881486926.xml</bestandsnaam>
    <contentType>application/xml</contentType>
  </bestand>
  <bestand>
    <bestandsnaam>jpg_9b91dede-a81d-4339-839d-57de57710ba5.jpg</bestandsnaam>
    <contentType>image/jpeg</contentType>
  </bestand>
  <bestand>
    <bestandsnaam>IO-6726654224481633096.xml</bestandsnaam>
    <contentType>application/xml</contentType>
  </bestand>
  <bestand>
    <bestandsnaam>IO-16182395919846240760.xml</bestandsnaam>
    <contentType>application/xml</contentType>
  </bestand>
  <bestand>
    <bestandsnaam>jpg_0c87c8f3-2173-45c5-8455-f849aa5ff9d7.jpg</bestandsnaam>
    <contentType>image/jpeg</contentType>
  </bestand>
  <bestand>
    <bestandsnaam>locaties_Aalanden-v1.gml</bestandsnaam>
    <contentType>application/gml+xml</contentType>
  </bestand>
  <bestand>
    <bestandsnaam>IO-12994150082916870714.xml</bestandsnaam>
    <contentType>application/xml</contentType>
  </bestand>
  <bestand>
    <bestandsnaam>locaties_Bedrijf-Nutsvoorziening-v1.gml</bestandsnaam>
    <contentType>application/gml+xml</contentType>
  </bestand>
  <bestand>
    <bestandsnaam>activiteiten.xml</bestandsnaam>
    <contentType>application/xml</contentType>
  </bestand>
  <bestand>
    <bestandsnaam>IO-783649082939719647.xml</bestandsnaam>
    <contentType>application/xml</contentType>
  </bestand>
  <bestand>
    <bestandsnaam>normen_bouwaanduiding-v1.gml</bestandsnaam>
    <contentType>application/gml+xml</contentType>
  </bestand>
  <bestand>
    <bestandsnaam>opdracht.xml</bestandsnaam>
    <contentType>application/xml</contentType>
  </bestand>
  <bestand>
    <bestandsnaam>IO-16658033014442469215.xml</bestandsnaam>
    <contentType>application/xml</contentType>
  </bestand>
  <bestand>
    <bestandsnaam>jpg_261c0f81-24d4-41a5-921f-33a3c52a7ae4.jpg</bestandsnaam>
    <contentType>image/jpeg</contentType>
  </bestand>
  <bestand>
    <bestandsnaam>besluit.xml</bestandsnaam>
    <contentType>application/xml</contentType>
  </bestand>
  <bestand>
    <bestandsnaam>regelsvooriedereen.xml</bestandsnaam>
    <contentType>application/xml</contentType>
  </bestand>
  <bestand>
    <bestandsnaam>normen_Leiding-Riool-v1.gml</bestandsnaam>
    <contentType>application/gml+xml</contentType>
  </bestand>
  <bestand>
    <bestandsnaam>locaties_Verkeer-Erftoegangsweg-v1.gml</bestandsnaam>
    <contentType>application/gml+xml</contentType>
  </bestand>
  <bestand>
    <bestandsnaam>locaties_01checkduplicate11-v1.gml</bestandsnaam>
    <contentType>application/gml+xml</contentType>
  </bestand>
  <bestand>
    <bestandsnaam>jpg_0aaf116d-a6d2-4198-9815-24ecbf9ad01a.jpg</bestandsnaam>
    <contentType>image/jpeg</contentType>
  </bestand>
  <bestand>
    <bestandsnaam>omgevingsnormen.xml</bestandsnaam>
    <contentType>application/xml</contentType>
  </bestand>
  <bestand>
    <bestandsnaam>IO-9005483804832004167.xml</bestandsnaam>
    <contentType>application/xml</contentType>
  </bestand>
  <bestand>
    <bestandsnaam>regelteksten.xml</bestandsnaam>
    <contentType>application/xml</contentType>
  </bestand>
  <bestand>
    <bestandsnaam>locaties_LocatieVersion2-v1.gml</bestandsnaam>
    <contentType>application/gml+xml</contentType>
  </bestand>
  <bestand>
    <bestandsnaam>IO-13022267483541152021.xml</bestandsnaam>
    <contentType>application/xml</contentType>
  </bestand>
  <bestand>
    <bestandsnaam>jpg_587e46c8-ee13-4b6c-bed6-ea40aa0cebbd.jpg</bestandsnaam>
    <contentType>image/jpeg</contentType>
  </bestand>
  <bestand>
    <bestandsnaam>normen_aantalbedrijven-v1.gml</bestandsnaam>
    <contentType>application/gml+xml</contentType>
  </bestand>
  <bestand>
    <bestandsnaam>IO-7200097386316815309.xml</bestandsnaam>
    <contentType>application/xml</contentType>
  </bestand>
  <bestand>
    <bestandsnaam>manifest-ow.xml</bestandsnaam>
    <contentType>application/xml</contentType>
  </bestand>
  <bestand>
    <bestandsnaam>IO-5147429845728334367.xml</bestandsnaam>
    <contentType>application/xml</contentType>
  </bestand>
  <bestand>
    <bestandsnaam>locaties_Gebieden-v1.gml</bestandsnaam>
    <contentType>application/gml+xml</contentType>
  </bestand>
  <bestand>
    <bestandsnaam>normen_Verkeer-Erftoegangsweg-v1.gml</bestandsnaam>
    <contentType>application/gml+xml</contentType>
  </bestand>
  <bestand>
    <bestandsnaam>gebiedengroepen.xml</bestandsnaam>
    <contentType>application/xml</contentType>
  </bestand>
  <bestand>
    <bestandsnaam>IO-8314183480233723748.xml</bestandsnaam>
    <contentType>application/xml</contentType>
  </bestand>
  <bestand>
    <bestandsnaam>gebieden.xml</bestandsnaam>
    <contentType>application/xml</contentType>
  </bestand>
  <bestand>
    <bestandsnaam>ambtsgebieden.xml</bestandsnaam>
    <contentType>application/xml</contentType>
  </bestand>
  <bestand>
    <bestandsnaam>regelingsgebieden.xml</bestandsnaam>
    <contentType>application/xml</contentType>
  </bestand>
  <bestand>
    <bestandsnaam>jpg_d7c1318f-868f-4ab7-b41a-4a375517e7e5.jpg</bestandsnaam>
    <contentType>image/jpeg</contentType>
  </bestand>
  <bestand>
    <bestandsnaam>manifest.xml</bestandsnaam>
    <contentType>application/xml</contentType>
  </bestand>
  <bestand>
    <bestandsnaam>gebiedsaanwijzingen.xml</bestandsnaam>
    <contentType>application/xml</contentType>
  </bestand>
  <bestand>
    <bestandsnaam>locaties_Agrarisch-v1.gml</bestandsnaam>
    <contentType>application/gml+xml</contentType>
  </bestand>
  <bestand>
    <bestandsnaam>omgevingswaarderegels.xml</bestandsnaam>
    <contentType>application/xml</contentType>
  </bestand>
</manifest>
