<InformatieObjectVersieMetadata schemaversie="1.3.0" xmlns="https://standaarden.overheid.nl/stop/imop/data/">
  <heeftBestanden>
    <heeftBestand>
      <Bestand xmlns:geo="https://standaarden.overheid.nl/stop/imop/geo/" xmlns:xsi="http://www.w3.org/2001/XMLSchema-instance">
	<bestandsnaam>Zuilichem.gml</bestandsnaam>
	<hash/>
      </Bestand>
    </heeftBestand>
  </heeftBestanden>
  <heeftGeboorteregeling>/akn/nl/act/gm0297/2019/reg456</heeftGeboorteregeling>
</InformatieObjectVersieMetadata>