<?xml version="1.0" encoding="UTF-8" standalone="yes"?>
<ow-dc:owBestand xmlns:rol="http://www.geostandaarden.nl/imow/regelsoplocatie" xmlns:schemaLocation="http://www.geostandaarden.nl/imow/bestanden/deelbestand https://register.geostandaarden.nl/xmlschema/tpod/v2.0.0/bestanden-ow/deelbestand-ow/IMOW_Deelbestand.xsd" xmlns:rg="http://www.geostandaarden.nl/imow/regelingsgebied" xmlns:da="http://www.geostandaarden.nl/imow/datatypenalgemeen" xmlns:l="http://www.geostandaarden.nl/imow/locatie" xmlns:sym="http://www.geostandaarden.nl/imow/symbolisatie" xmlns:xsi="http://www.w3.org/2001/XMLSchema-instance" xmlns:kaart="http://www.geostandaarden.nl/imow/kaart" xmlns="http://www.geostandaarden.nl/bestanden-ow/manifest-ow" xmlns:xlink="http://www.w3.org/1999/xlink" xmlns:ow-dc="http://www.geostandaarden.nl/imow/bestanden/deelbestand" xmlns:ga="http://www.geostandaarden.nl/imow/gebiedsaanwijzing" xmlns:sl="http://www.geostandaarden.nl/bestanden-ow/standlevering-generiek" xmlns:p="http://www.geostandaarden.nl/imow/pons" xmlns:regels="http://www.geostandaarden.nl/imow/regels" xmlns:ow="http://www.geostandaarden.nl/imow/owobject" xmlns:vt="http://www.geostandaarden.nl/imow/vrijetekst" xmlns:op="http://www.geostandaarden.nl/imow/opobject">
    <sl:standBestand>
        <sl:dataset>Onbekend</sl:dataset>
        <sl:inhoud>
            <sl:gebied>Onbekend</sl:gebied>
            <sl:leveringsId>Onbekend</sl:leveringsId>
            <sl:objectTypen>
                <sl:objectType>Gebied</sl:objectType>
            </sl:objectTypen>
        </sl:inhoud>
        <sl:stand>
            <ow-dc:owObject>
                <l:Gebied>
                    <l:identificatie>nl.imow-gm9920.gebied.882b8f02475345278b0f68b2696043a3</l:identificatie>
                    <l:geometrie>
                        <l:GeometrieRef xlink:href="882b8f02-4753-4527-8b0f-68b2696043a3"/>
                    </l:geometrie>
                </l:Gebied>
            </ow-dc:owObject>
        </sl:stand>
    </sl:standBestand>
</ow-dc:owBestand>
