<?xml version="1.0" encoding="UTF-8" standalone="yes"?>
<ow-dc:owBestand xmlns:rol="http://www.geostandaarden.nl/imow/regelsoplocatie" xmlns:schemaLocation="http://www.geostandaarden.nl/imow/bestanden/deelbestand https://register.geostandaarden.nl/xmlschema/tpod/v2.0.0/bestanden-ow/deelbestand-ow/IMOW_Deelbestand.xsd" xmlns:rg="http://www.geostandaarden.nl/imow/regelingsgebied" xmlns:da="http://www.geostandaarden.nl/imow/datatypenalgemeen" xmlns:l="http://www.geostandaarden.nl/imow/locatie" xmlns:sym="http://www.geostandaarden.nl/imow/symbolisatie" xmlns:xsi="http://www.w3.org/2001/XMLSchema-instance" xmlns:kaart="http://www.geostandaarden.nl/imow/kaart" xmlns="http://www.geostandaarden.nl/bestanden-ow/manifest-ow" xmlns:xlink="http://www.w3.org/1999/xlink" xmlns:ow-dc="http://www.geostandaarden.nl/imow/bestanden/deelbestand" xmlns:ga="http://www.geostandaarden.nl/imow/gebiedsaanwijzing" xmlns:sl="http://www.geostandaarden.nl/bestanden-ow/standlevering-generiek" xmlns:p="http://www.geostandaarden.nl/imow/pons" xmlns:regels="http://www.geostandaarden.nl/imow/regels" xmlns:ow="http://www.geostandaarden.nl/imow/owobject" xmlns:vt="http://www.geostandaarden.nl/imow/vrijetekst" xmlns:op="http://www.geostandaarden.nl/imow/opobject">
    <sl:standBestand>
        <sl:dataset>Onbekend</sl:dataset>
        <sl:inhoud>
            <sl:gebied>Onbekend</sl:gebied>
            <sl:leveringsId>Onbekend</sl:leveringsId>
            <sl:objectTypen>
                <sl:objectType>Gebied</sl:objectType>
            </sl:objectTypen>
        </sl:inhoud>
        <sl:stand>
            <ow-dc:owObject>
                <l:Gebied>
                    <l:identificatie>nl.imow-gm0297.gebied.2019000001</l:identificatie>
                    <l:geometrie>
                        <l:GeometrieRef xlink:href="50EA019E-3C96-4631-A76C-35BCF4D7AB6D"/>
                    </l:geometrie>
                </l:Gebied>
            </ow-dc:owObject>
        </sl:stand>
        <sl:stand>
            <ow-dc:owObject>
                <l:Gebied>
                    <l:identificatie>nl.imow-gm0297.gebied.2019000002</l:identificatie>
                    <l:geometrie>
                        <l:GeometrieRef xlink:href="B3AF6AF7-5EFA-4A87-9C66-BFB046DD89AC"/>
                    </l:geometrie>
                </l:Gebied>
            </ow-dc:owObject>
        </sl:stand>
        <sl:stand>
            <ow-dc:owObject>
                <l:Gebied>
                    <l:identificatie>nl.imow-gm0297.gebied.2019000003</l:identificatie>
                    <l:geometrie>
                        <l:GeometrieRef xlink:href="0868A0B1-DA79-4C33-8305-1BDE0126FA9A"/>
                    </l:geometrie>
                </l:Gebied>
            </ow-dc:owObject>
        </sl:stand>
        <sl:stand>
            <ow-dc:owObject>
                <l:Gebied>
                    <l:identificatie>nl.imow-gm0297.gebied.2019000004</l:identificatie>
                    <l:geometrie>
                        <l:GeometrieRef xlink:href="D28AF779-7EDD-4A88-8B11-809798F53636"/>
                    </l:geometrie>
                </l:Gebied>
            </ow-dc:owObject>
        </sl:stand>
        <sl:stand>
            <ow-dc:owObject>
                <l:Gebied>
                    <l:identificatie>nl.imow-gm0297.gebied.2019000007</l:identificatie>
                    <l:geometrie>
                        <l:GeometrieRef xlink:href="33B7D2D0-BF32-4CA1-B7F6-EB0FEF30175A"/>
                    </l:geometrie>
                </l:Gebied>
            </ow-dc:owObject>
        </sl:stand>
        <sl:stand>
            <ow-dc:owObject>
                <l:Gebied>
                    <l:identificatie>nl.imow-gm0297.gebied.2019000008</l:identificatie>
                    <l:noemer>Zuilichem industriegebied 1</l:noemer>
                    <l:geometrie>
                        <l:GeometrieRef xlink:href="772B4B37-69F8-4671-B92E-3BCED242409D"/>
                    </l:geometrie>
                </l:Gebied>
            </ow-dc:owObject>
        </sl:stand>
        <sl:stand>
            <ow-dc:owObject>
                <l:Gebied>
                    <l:identificatie>nl.imow-gm0297.gebied.2019000009</l:identificatie>
                    <l:noemer>Zuilichem industriegebied 2</l:noemer>
                    <l:geometrie>
                        <l:GeometrieRef xlink:href="D24C3416-4790-461C-A4D0-A82BA60CA7D6"/>
                    </l:geometrie>
                </l:Gebied>
            </ow-dc:owObject>
        </sl:stand>
        <sl:stand>
            <ow-dc:owObject>
                <l:Gebied>
                    <l:identificatie>nl.imow-gm0297.gebied.2019000010</l:identificatie>
                    <l:noemer>Zuilichem industriegebied 3</l:noemer>
                    <l:geometrie>
                        <l:GeometrieRef xlink:href="954BA8CC-6E90-4698-BEEC-005A65C63E98"/>
                    </l:geometrie>
                </l:Gebied>
            </ow-dc:owObject>
        </sl:stand>
        <sl:stand>
            <ow-dc:owObject>
                <l:Gebied>
                    <l:identificatie>nl.imow-gm0297.gebied.2019000011</l:identificatie>
                    <l:geometrie>
                        <l:GeometrieRef xlink:href="b69221bd-8121-4368-9058-ad4ff7618dcd"/>
                    </l:geometrie>
                </l:Gebied>
            </ow-dc:owObject>
        </sl:stand>
        <sl:stand>
            <ow-dc:owObject>
                <l:Gebied>
                    <l:identificatie>nl.imow-gm0297.gebied.2019000013</l:identificatie>
                    <l:noemer>Zuilichem industriegebied 4</l:noemer>
                    <l:geometrie>
                        <l:GeometrieRef xlink:href="EFAAD5E9-B181-4C22-9C3B-B290F4586D82"/>
                    </l:geometrie>
                </l:Gebied>
            </ow-dc:owObject>
        </sl:stand>
        <sl:stand>
            <ow-dc:owObject>
                <l:Gebied>
                    <l:identificatie>nl.imow-gm0297.gebied.2019000014</l:identificatie>
                    <l:geometrie>
                        <l:GeometrieRef xlink:href="d775e368-6c81-40b9-9a7a-c2acb70831f3"/>
                    </l:geometrie>
                </l:Gebied>
            </ow-dc:owObject>
        </sl:stand>
        <sl:stand>
            <ow-dc:owObject>
                <l:Gebied>
                    <l:identificatie>nl.imow-gm0297.gebied.2019000015</l:identificatie>
                    <l:geometrie>
                        <l:GeometrieRef xlink:href="3ce37c9c-1721-4eec-9b4a-5380fd30fbac"/>
                    </l:geometrie>
                </l:Gebied>
            </ow-dc:owObject>
        </sl:stand>
        <sl:stand>
            <ow-dc:owObject>
                <l:Gebied>
                    <l:identificatie>nl.imow-gm0297.gebied.2019000016</l:identificatie>
                    <l:geometrie>
                        <l:GeometrieRef xlink:href="dc57c9d5-a5ca-470c-b9f6-43eb30abdf8a"/>
                    </l:geometrie>
                </l:Gebied>
            </ow-dc:owObject>
        </sl:stand>
        <sl:stand>
            <ow-dc:owObject>
                <l:Gebied>
                    <l:identificatie>nl.imow-gm0297.gebied.pons</l:identificatie>
                    <l:geometrie>
                        <l:GeometrieRef xlink:href="e8028788-a5bd-4d1c-ab6e-ae8258c7097d"/>
                    </l:geometrie>
                </l:Gebied>
            </ow-dc:owObject>
        </sl:stand>
    </sl:standBestand>
</ow-dc:owBestand>
