<InformatieObjectVersieMetadata schemaversie="1.3.0" xmlns="https://standaarden.overheid.nl/stop/imop/data/">
    <heeftBestanden>
        <heeftBestand>
            <Bestand>
                <bestandsnaam>GIO-d9aa2fd9.gml</bestandsnaam>
                <hash>631321de6a73513d775135d0b05667eaa7f078f786733f78d9d3010ca32a77d8b4be29b158c9beec62779085724b406b0f97a3453be7cebea293dada34972e16</hash>
            </Bestand>
        </heeftBestand>
    </heeftBestanden>
    <heeftGeboorteregeling>/akn/nl/act/pv28/2024/ZHOV</heeftGeboorteregeling>
</InformatieObjectVersieMetadata>