<InformatieObjectVersieMetadata schemaversie="1.3.0" xmlns="https://standaarden.overheid.nl/stop/imop/data/">
    <heeftBestanden>
        <heeftBestand>
            <Bestand>
                <bestandsnaam>GIO-f092ddbd.gml</bestandsnaam>
                <hash>32a3e3a68c41c773e964b25958b2a705d8e897e34b9d8a9b9377cd61874e51fd1997b93dc27ca57f9addad842955250b7bf98f98f9e042bd04a44e1f9bf205c2</hash>
            </Bestand>
        </heeftBestand>
    </heeftBestanden>
    <heeftGeboorteregeling>/akn/nl/act/pv28/2024/ZHOV</heeftGeboorteregeling>
</InformatieObjectVersieMetadata>