﻿<?xml version="1.0" encoding="utf-8"?>
<geo:GeoInformatieObjectVaststelling xmlns:gml="http://www.opengis.net/gml/3.2" xmlns:ogc="http://www.opengis.net/ogc" xmlns:xlink="http://www.w3.org/1999/xlink" xmlns:xsi="http://www.w3.org/2001/XMLSchema-instance" xmlns:se="http://www.opengis.net/se" xmlns:xs="http://www.w3.org/2001/XMLSchema" schemaversie="1.3.0" xmlns:geo="https://standaarden.overheid.nl/stop/imop/geo/">
   <geo:context>
      <GeografischeContext schemaversie="1.3.0" xmlns="https://standaarden.overheid.nl/stop/imop/gio/">
         <achtergrondVerwijzing>BGT</achtergrondVerwijzing>
         <achtergrondActualiteit>2024-12-18</achtergrondActualiteit>
      </GeografischeContext>
   </geo:context>
   <geo:vastgesteldeVersie>
      <geo:GeoInformatieObjectVersie>
         <geo:FRBRWork>/join/id/regdata/pv28/2024/gebiedsaanwijzing_ad5f8905480f4ba4a0a1129ac34a60aa</geo:FRBRWork>
         <geo:FRBRExpression>/join/id/regdata/pv28/2024/gebiedsaanwijzing_ad5f8905480f4ba4a0a1129ac34a60aa/nld@2024-12-18;1</geo:FRBRExpression>
         <geo:groepen>
            <geo:Groep>
               <geo:groepID>aad61f64</geo:groepID>
               <geo:label>Waterschap Amstel, Gooi en Vecht</geo:label>
            </geo:Groep>
         </geo:groepen>
         <geo:locaties>
            <geo:Locatie>
               <geo:naam>Waterschap Amstel Gooi en Vecht</geo:naam>
               <geo:geometrie>
                  <owgeo:Geometrie xmlns:gml="http://www.opengis.net/gml/3.2" gml:id="id-431080b89b03497ea0efeeb4bf8c1baf" xmlns:owgeo="http://www.geostandaarden.nl/basisgeometrie/1.0">
                     <owgeo:id>431080b89b03497ea0efeeb4bf8c1baf</owgeo:id>
                     <owgeo:geometrie>
                        <gml:MultiSurface srsName="urn:ogc:def:crs:EPSG::28992" gml:id="id-431080b89b03497ea0efeeb4bf8c1baf-1">
                           <gml:surfaceMember>
                              <gml:Polygon srsName="urn:ogc:def:crs:EPSG::28992" gml:id="id-431080b89b03497ea0efeeb4bf8c1baf-2">
                                 <gml:exterior>
                                    <gml:LinearRing>
                                       <gml:posList>109517.196 469644.879 109541.329 469646.973 109583.306 469650.754 109588.149 469665.129 109590.735 469671.129 109600.259 469668.348 109619.282 469662.973 109629.431 469660.254 109637.735 469689.848 109642 469706.153 109645.573 469715.899 109649.472 469728.894 109652.071 469746.761 109654.345 469766.578 109655.319 469790.943 109655.487 469801.878 109655.521 469804.127 109653.235 469813.535 109646.79 469818.442 109643.793 469821.878 109652.219 469814.625 109684.227 469808.25 109652.267 469667.975 109651.703 469665.5 109668.963 469649.311 109705.654 469614.897 109704.68 469613.159 109717.707 469600.121 109717.898 469599.93 109731.333 469586.484 109748.264 469569.536 109756.92 469560.871 109754.234 469557.32 109766.266 469546.77 109768.346 469539.922 109764.782 469543.785 109756.243 469553.035 109747.032 469562.004 109740.415 469562.004 109737.509 469561.567 109733.829 469560.41 109732.829 469560.059 109729.821 469559.004 109725.806 469558.723 109719.751 469558.816 109711.196 469559.379 109705.681 469559.941 109700.931 469560.91 109694.079 469563.192 109686.673 469566.598 109677.923 469571.16 109666.329 469575.16 109657.415 469577.035 109641.579 469580.348 109630.704 469582.473 109620.774 469583.66 109603.993 469584.598 109593.579 469586.004 109582.001 469589.098 109563.563 469595.941 109554.345 469600.442 109550.563 469604.691 109547.251 469609.91 109543.235 469617.223 109538.743 469626.223 109534.735 469632.129 109530.47 469635.91 109525.931 469638.598 109521.321 469640.879 109518.704 469643.629 109517.196 469644.879</gml:posList>
                                    </gml:LinearRing>
                                 </gml:exterior>
                              </gml:Polygon>
                           </gml:surfaceMember>
                           <gml:surfaceMember>
                              <gml:Polygon srsName="urn:ogc:def:crs:EPSG::28992" gml:id="id-431080b89b03497ea0efeeb4bf8c1baf-3">
                                 <gml:exterior>
                                    <gml:LinearRing>
                                       <gml:posList>109604.61 470405.567 109604.985 470413.598 109605.079 470415.293 109605.143 470413.933 109605.033 470401.174 109605.501 470397.861 109605.196 470399.192 109604.806 470403.004 109604.61 470405.567</gml:posList>
                                    </gml:LinearRing>
                                 </gml:exterior>
                              </gml:Polygon>
                           </gml:surfaceMember>
                           <gml:surfaceMember>
                              <gml:Polygon srsName="urn:ogc:def:crs:EPSG::28992" gml:id="id-431080b89b03497ea0efeeb4bf8c1baf-4">
                                 <gml:exterior>
                                    <gml:LinearRing>
                                       <gml:posList>109612.445 469915.303 109612.594 469914.187 109635.43 469837.486 109635.306 469837.785 109631.376 469849.848 109626.431 469865.848 109615.524 469899.723 109613.009 469910.348 109612.445 469915.303</gml:posList>
                                    </gml:LinearRing>
                                 </gml:exterior>
                              </gml:Polygon>
                           </gml:surfaceMember>
                           <gml:surfaceMember>
                              <gml:Polygon srsName="urn:ogc:def:crs:EPSG::28992" gml:id="id-431080b89b03497ea0efeeb4bf8c1baf-5">
                                 <gml:exterior>
                                    <gml:LinearRing>
                                       <gml:posList>109618.125 470646.023 109620.235 470676.16 109621.86 470698.848 109622.845 470722.91 109624.681 470755.941 109628.173 470810.598 109633.626 470868.379 109639.876 470916.473 109646.126 470967.004 109647.304 470977.856 109635.717 470851.264 109623.328 470703.284 109623.326 470703.252 109621.367 470679.847 109620.259 470667.33 109618.125 470646.023</gml:posList>
                                    </gml:LinearRing>
                                 </gml:exterior>
                              </gml:Polygon>
                           </gml:surfaceMember>
                           <gml:surfaceMember>
                              <gml:Polygon srsName="urn:ogc:def:crs:EPSG::28992" gml:id="id-431080b89b03497ea0efeeb4bf8c1baf-6">
                                 <gml:exterior>
                                    <gml:LinearRing>
                                       <gml:posList>109638.648 469829.919 109642.365 469823.684 109639.923 469827.129 109638.648 469829.919</gml:posList>
                                    </gml:LinearRing>
                                 </gml:exterior>
                              </gml:Polygon>
                           </gml:surfaceMember>
                           <gml:surfaceMember>
                              <gml:Polygon srsName="urn:ogc:def:crs:EPSG::28992" gml:id="id-431080b89b03497ea0efeeb4bf8c1baf-7">
                                 <gml:exterior>
                                    <gml:LinearRing>
                                       <gml:posList>109639.859 470099.247 109642.681 470121.535 109646.079 470147.098 109650.251 470179.879 109653.579 470204.504 109654.009 470219.941 109653.946 470226.287 109654.836 470223.753 109655.393 470221.858 109655.773 470206.812 109652.469 470187.531 109643.07 470115.094 109639.859 470099.247</gml:posList>
                                    </gml:LinearRing>
                                 </gml:exterior>
                              </gml:Polygon>
                           </gml:surfaceMember>
                           <gml:surfaceMember>
                              <gml:Polygon srsName="urn:ogc:def:crs:EPSG::28992" gml:id="id-431080b89b03497ea0efeeb4bf8c1baf-8">
                                 <gml:exterior>
                                    <gml:LinearRing>
                                       <gml:posList>109664.534 471166.101 109664.696 471169.16 109665.04 471175.41 109666.096 471183.163 109664.534 471166.101</gml:posList>
                                    </gml:LinearRing>
                                 </gml:exterior>
                              </gml:Polygon>
                           </gml:surfaceMember>
                           <gml:surfaceMember>
                              <gml:Polygon srsName="urn:ogc:def:crs:EPSG::28992" gml:id="id-431080b89b03497ea0efeeb4bf8c1baf-9">
                                 <gml:exterior>
                                    <gml:LinearRing>
                                       <gml:posList>109666.849 471191.387 109667.626 471211.598 109671.446 471256.848 109677.634 471334.941 109681.595 471369.254 109682.931 471389.098 109688.024 471440.567 109690.888 471472.961 109667.136 471194.524 109666.849 471191.387</gml:posList>
                                    </gml:LinearRing>
                                 </gml:exterior>
                              </gml:Polygon>
                           </gml:surfaceMember>
                           <gml:surfaceMember>
                              <gml:Polygon srsName="urn:ogc:def:crs:EPSG::28992" gml:id="id-431080b89b03497ea0efeeb4bf8c1baf-10">
                                 <gml:exterior>
                                    <gml:LinearRing>
                                       <gml:posList>109695.679 471529.126 109699.126 471571.16 109703.806 471631.973 109706.806 471661.816 109707.552 471668.32 109695.679 471529.126</gml:posList>
                                    </gml:LinearRing>
                                 </gml:exterior>
                              </gml:Polygon>
                           </gml:surfaceMember>
                           <gml:surfaceMember>
                              <gml:Polygon srsName="urn:ogc:def:crs:EPSG::28992" gml:id="id-431080b89b03497ea0efeeb4bf8c1baf-11">
                                 <gml:exterior>
                                    <gml:LinearRing>
                                       <gml:posList>110402.579 468883.691 110402.696 468887.348 110403.173 468891.879 110403.759 468897.223 110404.915 468903.223 110406.399 468908.754 110408.735 468915.973 110411.345 468922.535 110413.985 468928.192 110416.853 468933.66 110420.923 468939.879 110419.579 468940.816 110419.18 468941.095 110461.698 469001.296 110458.29 469003.672 110457.342 469004.333 110466.828 469037.063 110524.797 469130.031 110647.466 469314.808 110659.307 469329.351 110679.455 469355.369 110695.606 469380.956 110701.46 469390.229 110709.854 469403.41 110712.023 469406.438 110731.595 469433.072 110739.805 469443.185 110759.728 469466.463 110768.044 469475.442 110778.883 469486.625 110807.648 469511.312 110829.895 469535.15 110834.139 469538.736 110842.526 469546.656 110857.625 469564.669 110872.143 469587.206 110887.203 469611.502 110891.318 469618.725 110909.784 469656.397 110923.717 469681.466 110927.973 469688.766 110933.142 469695.285 110939.739 469704.663 110944.402 469711.446 110948.628 469717.538 110951.792 469724.548 110954.808 469729.706 110960.134 469737.863 110964.465 469746.053 110972.352 469765.859 110975.344 469770.063 110987.867 469790.312 110998.633 469803.125 111015.523 469819.406 111027.906 469824.594 111041.156 469828.844 111057.031 469827.719 111073.22 469826.257 111076.097 469825.795 111096.945 469823.363 111097.142 469823.37 111100.398 469822.875 111164.781 469823.031 111220.031 469818.562 111253.906 469816.406 111286.531 469818.344 111299.812 469822.031 111311.422 469826.313 111350.07 469845.75 111390.773 469869.25 111446.633 469894.5 111459.891 469898.969 111476.773 469906.594 111490.531 469914.094 111506.422 469924.406 111518.312 469934.656 111547.602 469967.875 111563.242 469986.844 111578.891 470004.344 111593.406 470024.094 111617.828 470059.563 111643 470088.719 111659.008 470101.125 111675.453 470109.281 111691.281 470114.844 111705.867 470118.187 111719.773 470119.844 111770.406 470122.125 111802.289 470122.437 111842.563 470124.313 111889.156 470127.156 111915.93 470130.031 111940.953 470130.625 111954.18 470130.625 112000.43 470126.875 112026.93 470124.094 112053.93 470122.562 112072.68 470119.906 112086.68 470119.625 112105.047 470119.844 112117.547 470121.219 112138.852 470127.156 112177.594 470138.75 112201.844 470147.063 112249.609 470165.156 112267.117 470172.469 112287.133 470181.594 112306.148 470190.812 112324.656 470203.156 112340.68 470216.625 112363.953 470235.5 112403.75 470275.594 112424.031 470296.406 112446.797 470321.781 112467.461 470345.625 112495.547 470373.969 112534.656 470415.438 112569.758 470448.219 112612.344 470486.188 112638.156 470507.437 112683.672 470546.031 112712.477 470566.219 112729 470579.062 112751.273 470595.031 112798.727 470627.125 112828.078 470646.687 112869.227 470670.281 112891.75 470681.969 112909.758 470693.469 112926.023 470705.437 112935.169 470711.483 112964.427 470724.759 112968.748 470727.317 112974.617 470731.801 112979.952 470736.963 112985.583 470742.935 112997.716 470754.972 113024.323 470781 113046.311 470802.364 113054.161 470810.278 113101.383 470855.281 113103.468 470857.384 113111.51 470864.488 113142.713 470895.36 113145.964 470899.345 113152.009 470908.745 113153.202 470910.677 113161.047 470921.562 113184.789 470960.937 113204.727 471011.094 113218.166 471061.239 113219.216 471064.748 113225.661 471086.747 113234.728 471121.218 113240.048 471142.881 113246.27 471166.099 113248.031 471172.455 113249.086 471175.92 113258.602 471196.281 113272.539 471206.812 113337.703 471234.688 113373.609 471247.125 113391.382 471255.001 113405.098 471260.482 113441.616 471274.87 113468.375 471286.614 113494.602 471299.107 113500.854 471302.095 113510.27 471307.564 113517.397 471312.623 113517.652 471312.824 113524.953 471316.438 113578.75 471346.562 113592.25 471348.719 113614.594 471350.219 113669.953 471353.531 113749.687 471356.312 113804.247 471352.842 113806.077 471352.41 113842.094 471345.539 113852.509 471343.328 113856.594 471342.175 113882.25 471331.688 113911.703 471310.844 113927.651 471299.052 113931.972 471293.566 113936.626 471287.511 113939.923 471283.512 113942.305 471281.146 113946.954 471278.149 113953.672 471274.207 113961.365 471269.705 113965.457 471267.027 113970.632 471264.43 113978.125 471261.45 113984.275 471259.517 113989.047 471258.194 113989.297 471258.063 113989.88 471257.964 113996.033 471256.258 114001.396 471255.054 114013.168 471253.916 114013.804 471253.88 114022.437 471252.406 114036.159 471252.422 114036.863 471252.386 114039.443 471252.426 114048.828 471252.437 114094.877 471261.366 114099.391 471261.844 114117.648 471261.844 114151.938 471254.5 114210.344 471231.125 114261.383 471206.25 114291.094 471194.812 114396.977 471161.781 114434.719 471147.524 114437.449 471146.318 114439.632 471145.643 114461.617 471137.156 114477.227 471132.344 114505.797 471126.531 114505.197 471102.361 114501.023 470934.334 114499.916 470903.89 114499.626 470894.856 114499.605 470894.196 114495.757 470774.428 114496.005 470768.247 114495.906 470764.531 114496.157 470764.466 114496.372 470759.129 114507.567 470759.993 114509.831 470760.151 114513.777 470760.309 114517.716 470760.588 114519.899 470760.807 114522.077 470761.067 114524.25 470761.369 114526.417 470761.713 114539.015 470762.319 114541.851 470762.519 114555.513 470763.48 114558.845 470763.244 114559.718 470763.216 114568.017 470763.041 114584.218 470764.322 114592.569 470764.895 114603.773 470723.531 114609.043 470698.468 114610.198 470691.445 114610.525 470689.733 114612.323 470680.314 114612.868 470676.575 114613.513 470672.852 114613.616 470672.181 114614.49 470666.545 114617.561 470655.106 114618.437 470652.753 114619.682 470644.919 114621.495 470635.116 114622.391 470631.277 114622.899 470629.653 114624.402 470624.842 114627.162 470607.627 114630.819 470591.72 114633.402 470580.561 114643.773 470528.594 114660.727 470454.156 114667.047 470418.969 114668.959 470417.266 114669.395 470415.536 114685.609 470402.008 114686.56 470401.206 114688.594 470399.193 114691.944 470396.235 114694.336 470394.224 114698.819 470390.617 114701.303 470388.465 114773.383 470324.281 114883.25 470227.594 114931.352 470187.344 115015.906 470111.906 115017.422 470101 114998.187 469926.844 114991.352 469862.531 114981.156 469822.653 114980.877 469822.64 114980.809 469821.294 114979.703 469816.969 114978.977 469789.969 114978.07 469775.531 114977.281 469747.219 114975.99 469677.105 114975.624 469668.914 114974.729 469639.266 114974.421 469610.757 114974.271 469596.836 114973.326 469573.109 114973.27 469565.851 114973.112 469545.424 114972.365 469522.869 114971.95 469518.25 114971.676 469502.082 114969.828 469446.344 114967.047 469330.656 114966.271 469268.941 114966.184 469265.641 114965.97 469247.914 114965.994 469246.822 114965.523 469209.375 114962.992 469094.969 114962.992 469080.318 114962.97 469075.102 114962.652 469069.961 114962.423 469066.262 114961.931 469058.32 114961.812 469048.518 114961.831 469042.619 114961.823 469042.023 114961.826 469041.426 114961.936 469033.385 114962.147 469024.744 114962.211 469021.076 114962.427 469008.659 114962.548 469000 114962.772 468989.666 114963.168 468974.191 114963.396 468966.751 114963.408 468965.829 114963.483 468962.88 114963.555 468960.037 114964.258 468886.094 114965.273 468859 114968.303 468843.856 114966.765 468840.073 114967.092 468835.581 114967.246 468832.815 114967.064 468816.584 114967.216 468796.705 114967.04 468753.971 114967.089 468745.639 114967.482 468728.2 114967.843 468716.759 114967.039 468662.531 114968.023 468595.094 114970.802 468587.97 114971.043 468586.365 114971.314 468584.738 114971.471 468583.87 114971.729 468582.52 114971.96 468581.387 114972.193 468580.312 114972.512 468578.917 114972.706 468578.115 114973.125 468576.461 114973.267 468575.93 114973.8 468574.022 114973.877 468573.758 114974.535 468571.6 114975.194 468569.551 114975.803 468567.486 114976.362 468565.407 114976.87 468563.315 114977.327 468561.211 114977.732 468559.097 114979.508 468552.072 114981.758 468543.379 114985.312 468530.876 114988.275 468521.052 114990.408 468513.728 114992.065 468506.644 114993.922 468500 115003.702 468464.206 115009.493 468442.943 115015.632 468419.73 115016.765 468415.742 115020.222 468401.16 115025.094 468383.468 115027.434 468374.972 115035.003 468346.462 115036.65 468340.168 115052.227 468267.687 115055.489 468268.059 115056.767 468262.704 115066.667 468263.57 115091.823 468265.771 115104.382 468267.176 115125.988 468269.934 115147.891 468272.393 115177.652 468276.444 115190.085 468278.007 115214.972 468281.136 115318.064 468294.634 115349.516 468298.757 115360.146 468300.151 115408.656 468305.774 115437.089 468309.307 115449.249 468310.818 115450.775 468310.999 115478.414 468314.275 115534.96 468321.61 115581.089 468327.536 115619.896 468332.046 115656.14 468336.199 115658.307 468336.448 115660.787 468336.732 115670.792 468337.708 115672.638 468337.876 115734.351 468343.499 115736.803 468343.711 115739.398 468343.936 115759.176 468345.648 115771.692 468346.732 115783.017 468347.712 115764.094 468327.844 115751.898 468305.469 115746.797 468288.469 115750.883 468274.75 115753.953 468269.689 115754.481 468268.1 115755.116 468266.41 115755.816 468264.745 115756.581 468263.109 115757.408 468261.504 115758.297 468259.932 115759.246 468258.396 115760.254 468256.898 115766.191 468249.446 115767.997 468247.295 115778.047 468232.562 115788.727 468206.906 115794.062 468173.625 115806.008 468130.687 115817.437 468102.75 115819.464 468100.12 115819.826 468099.278 115824.983 468088.136 115831.151 468076.934 115835.72 468070.318 115839.698 468065.25 115844.746 468059.705 115855.319 468049.446 115865.122 468040.737 115870.767 468036.44 115876.948 468032.321 115883.309 468028.738 115890.621 468024.795 115898.824 468020.018 115912.317 468011.956 115921.056 468006.94 115925.276 468004.67 115929.416 468002.615 115961.057 467984.534 115969.571 467978.847 115983.635 467969.251 115999.979 467958.313 116013.561 467949.402 116029.247 467939.203 116042.995 467930.842 116065.906 467913.969 116128.398 467861.906 116168.031 467825.094 116183.781 467813.375 116184.288 467813.098 116187.54 467810.455 116194.049 467805.932 116195.117 467805.506 116201.57 467803.634 116234.344 467785.687 116287.43 467758.031 116315.383 467741.25 116325.136 467735.769 116326.002 467735.058 116331.207 467731.142 116335.052 467728.37 116340.264 467725.287 116350.213 467719.365 116357.68 467715.49 116357.771 467715.442 116364.656 467709.219 116401.733 467653.625 116405.949 467646.529 116410.182 467640.418 116415.938 467631.555 116418.831 467627.625 116422.852 467616.75 116427.406 467581.937 116430.065 467575.147 116430.473 467571.699 116431.915 467566.387 116433.311 467562.623 116435.412 467557.84 116438.042 467552.279 116443.302 467541.342 116448 467529.344 116457.648 467497.844 116460.953 467488.719 116458.156 467468.125 116445.969 467406.656 116448.25 467390.156 116476.703 467365.25 116508.778 467339.631 116508.925 467339.488 116514.56 467334.999 116519.132 467332.42 116524.247 467329.862 116539.203 467320.781 116549.883 467309.594 116564.094 467289.031 116578.578 467257.281 116582.798 467252.375 116583.182 467251.719 116584.603 467250.046 116585.494 467249.24 116586.453 467248.125 116613.133 467225.5 116623.797 467211.781 116640.745 467178.622 116641.423 467176.459 116646.315 467165.484 116647.914 467163.573 116650.345 467161.538 116651.744 467160.724 116655.297 467157.406 116665.461 467151.594 116697.977 467143.969 116715.523 467135.312 116736.602 467113.469 116770.641 467060.375 116815.867 466984.687 116821.905 466975.205 116822.51 466973.953 116824.538 466970.8 116825.573 466969.445 116832.383 466958.75 116844.578 466945.031 116855.617 466936.125 116867.953 466927.281 116885.711 466916.406 116906.453 466904.313 116928.141 466889.688 116955.594 466875.5 116976.711 466863.656 116985.32 466856.969 116996.797 466850.188 117005.797 466844.469 117017.778 466832.748 117020.069 466829.486 117023.747 466824.597 117028.079 466819.527 117028.146 466819.456 117032.523 466813.531 117041.047 466803.719 117050.672 466792.25 117052.462 466790.351 117052.944 466789.707 117059.529 466780.882 117062.199 466777.483 117064.455 466774.799 117066.83 466772.532 117069.859 466769.847 117073.304 466766.982 117078.415 466764.114 117080.674 466763.098 117083.647 466761.901 117087.691 466760.703 117094.533 466759.499 117101.969 466758.234 117108.811 466757.507 117118.151 466755.703 117123.206 466754.264 117125.15 466753.155 117133.933 466746.877 117134.792 466745.906 117136.865 466742.834 117140.43 466736.107 117142.849 466730.587 117145.805 466722.245 117151.36 466705.979 117152.484 466703.119 117154.371 466696.03 117158.735 466679.349 117162.391 466664.873 117162.982 466663.383 117163.633 466661.714 117164.995 466658.973 117167.779 466653.608 117169.143 466651.403 117170.922 466648.898 117173.654 466646.154 117177.216 466642.634 117180.959 466639.829 117192.248 466632.066 117197.359 466629.139 117204.492 466625.493 117210.021 466622.863 117223.452 466614.918 117236.349 466607.45 117247.107 466601.475 117250.969 466598.729 117254.591 466595.209 117257.319 466591.274 117260.817 466585.491 117263.186 466580.604 117265.495 466575.598 117267.446 466570.414 117268.33 466566.542 117269.389 466561.717 117270.031 466556.237 117270.616 466552.068 117271.442 466549.208 117272.329 466546.527 117273.335 466544.203 117277.723 466537.526 117284.116 466527.698 117287.039 466519.187 117295.609 466488.125 117304.154 466466.217 117303.625 466463.921 117302.977 466460.942 117302.923 466458.739 117302.748 466457.131 117302.991 466455.167 117303.655 466451.001 117304.319 466446.954 117304.681 466444.99 117305.881 466440.825 117307.379 466436.304 117308.935 466432.557 117310.49 466429.226 117314.792 466421.973 117319.39 466415.495 117323.45 466410.027 117332.046 466398.855 117339.328 466390.061 117347.682 466380.496 117358.9 466368.378 117368.864 466357.566 117375.014 466350.978 117379.067 466346.636 117388.909 466337.134 117409.249 466317.835 117419.131 466308.507 117426.863 466301.21 117434.526 466293.814 117439.373 466289.497 117446.196 466283.227 117453.916 466276.427 117459.298 466272.292 117467.315 466265.494 117473.355 466260.768 117485.258 466251.076 117514.744 466227.358 117545.035 466203.022 117553.954 466196.025 117576.047 466177.719 117613.187 466148.781 117657.172 466113.406 117711.508 466064.844 117756.272 466015.964 117759.086 466011.359 117760.816 466009.399 117763.68 466006.429 117768.57 466002.214 117770.411 466000.525 117787.915 465981.411 117815.865 465945.742 117834.334 465922.469 117836.783 465919.739 117838.802 465917.78 117846.852 465907.281 117868.242 465890.562 117879.398 465888.437 117906.883 465895.875 117918.922 465898.219 117930.742 465901.344 117944 465901.656 117954.75 465901.187 117969.953 465898.25 117995.25 465889.531 118011.523 465883.688 118039.362 465874.215 118043.609 465872.393 118072.173 465859.553 118083.045 465855.445 118087.502 465854.051 118092.556 465852.773 118097.611 465851.792 118100.048 465851.124 118106.237 465850.614 118110.58 465850.114 118123.023 465850.107 118131.242 465850.479 118139.337 465850.197 118147.369 465849.201 118149.292 465848.793 118153.572 465846.888 118155.919 465845.045 118160.962 465841.981 118170.163 465837.286 118178.003 465833.848 118185.55 465831.306 118187.573 465831.057 118192.872 465831.207 118200.854 465831.998 118205.683 465832.984 118211.645 465834.501 118219.033 465835.473 118228.859 465835.956 118232.669 465835.876 118240.052 465835.955 118250.822 465834.825 118255.64 465834.084 118265.687 465831.469 118278.941 465827.526 118284.468 465825.65 118289.161 465823.838 118300.372 465818.951 118305.727 465815.812 118324.797 465801.406 118335.648 465794.406 118339.901 465794.067 118346.486 465790.772 118353.145 465789.187 118355.643 465788.757 118360.345 465788.374 118364.752 465788.708 118370.356 465789.928 118378.226 465791.97 118384.19 465793.784 118389.382 465795.9 118394.695 465798.552 118404.303 465802.55 118408.24 465803.898 118412.534 465805.186 118416.409 465805.998 118419.804 465806.337 118427.716 465805.163 118434.019 465803.819 118438.771 465802.573 118452.805 465798.893 118458.152 465796.958 118468.549 465792.972 118481.467 465787.862 118486.25 465785.594 118490.199 465784.408 118499.082 465780.895 118505.439 465778.478 118519.644 465774.233 118528.859 465771.86 118535.281 465770.515 118542.42 465769.464 118549.981 465769.483 118564.156 465770.359 118573.87 465772.094 118575.837 465772.559 118587.47 465776.547 118594.686 465778.771 118597.965 465779.468 118601.48 465780.045 118607.974 465780.784 118619.17 465781.378 118624.052 465781.233 118628.036 465780.497 118630.532 465779.59 118633.915 465777.785 118638.484 465775.021 118642.515 465772.021 118652.946 465763.626 118658.342 465759.666 118665.273 465753.554 118667.86 465751.474 118668.906 465750.344 118673.531 465746.914 118678.845 465742.641 118691.352 465732.866 118706.053 465721.589 118722.298 465709.471 118738.604 465697.65 118765.393 465676.183 118788.019 465655.454 118791.634 465652.516 118822.523 465629.598 118830.47 465624.254 118838.656 465618.909 118860.126 465604.261 118869.254 465597.065 118909.788 465563.672 118945.475 465536.499 118992.68 465500 119000 465494.575 119021.227 465477.727 119037.781 465464.591 119089.981 465422.342 119128.534 465392.099 119142.833 465382.298 119159.456 465370.714 119169.764 465363.288 119181.563 465353.781 119195.507 465342.193 119217.019 465324.842 119250.209 465298.281 119322.37 465241.715 119324.707 465239.768 119345.193 465222.699 119359.315 465211.35 119379.694 465195.903 119406.209 465176.238 119416.756 465167.8 119423.071 465161.891 119427.008 465156.281 119439.031 465149.062 119449.037 465141.166 119450.312 465140.16 119456.167 465135.539 119458.267 465133.881 119460.447 465132.16 119480.337 465116.46 119494.909 465104.812 119495.056 465104.695 119508.158 465099.595 119516.442 465092.762 119530.147 465081.888 119539.563 465073.686 119543.912 465070.478 119551.543 465061.857 119560.123 465055.5 119567.927 465050.988 119574.328 465047.137 119615.606 465016.447 119633.652 465000 119649.242 464986.648 119666.174 464975.441 119673.443 464969.926 119674.43 464969.125 119678.854 464965.653 119688.26 464956.826 119691.522 464953.179 119699.835 464946.653 119702.506 464944.14 119706.903 464941.382 119716.432 464936.167 119744.49 464914.151 119754.058 464905.749 119780.546 464885.747 119781.724 464884.933 119798.008 464872.156 119798.671 464871.607 119814.212 464858.151 119818.923 464854.822 119845.367 464832.906 119849.38 464829.843 119855.775 464824.446 119861.414 464819.36 119867.294 464814.929 119881.018 464805.819 119890.408 464800.361 119897.616 464796.911 119911.711 464787.812 119934.612 464771.948 119940.129 464766.028 119953.373 464755.968 119973.923 464740.695 119978.02 464737.402 119987.526 464731.348 119995.131 464726.254 120000 464722.856 120009.159 464715.847 120012.745 464713.29 120040.338 464691.117 120052.448 464678.253 120056.92 464674.148 120063.002 464669.45 120073.793 464661.719 120084.048 464652.975 120098.477 464640.96 120107.539 464634.597 120113.916 464629.55 120122.922 464622.285 120130.734 464614.789 120145.878 464602.536 120153.331 464596.767 120162.452 464590.523 120170.679 464584.696 120188.208 464570.599 120200.251 464561.321 120220.582 464545.977 120231.672 464536.936 120238.582 464531.819 120265.491 464510.504 120272.275 464504.58 120278.68 464500 120279.328 464499.544 120291.812 464489.656 120313.69 464473.479 120321.754 464466.282 120338.59 464452.242 120370.904 464430.342 120386.289 464419.267 120389.702 464416.673 120406.54 464402.336 120436.958 464379.41 120485.904 464339.183 120517.582 464314.898 120520.059 464313.078 120553.459 464286.357 120555.618 464284.529 120561.48 464279.941 120573.242 464270.531 120589.572 464259.347 120597.527 464253.594 120604.947 464248.816 120608.547 464246.351 120615.395 464240.898 120615.757 464240.603 120620.462 464235.969 120632.388 464225.642 120645.085 464215.797 120659.868 464205.492 120663.686 464203.093 120689.821 464184.421 120715.426 464164.6 120723.743 464159.186 120726.998 464148.981 120736.301 464121.012 120749.424 464117.538 120756.06 464113.32 120765.677 464106.267 120779.598 464095.384 120794.33 464084.066 120801.089 464078.265 120865.673 464027.158 120878.855 464017.139 120889.099 464010.183 120894.98 464005.685 120899.847 464001.903 120903.04 464000 120908.265 463996.697 120912.905 463993.362 120922.483 463986.394 120928.135 463982.225 120933.845 463977.581 120934.955 463976.469 120936.098 463975.392 120937.273 463974.35 120938.48 463973.345 120939.717 463972.377 120940.983 463971.447 120949.193 463965.432 120959.341 463958.022 120964.363 463954.355 120983.875 463939.883 121000 463931.57 121016.808 463922.92 121017.214 463922.668 121023.918 463916.991 121033.14 463909.256 121037.274 463906.012 121041.471 463902.351 121043.769 463900.282 121046.034 463898.177 121048.266 463896.038 121050.464 463893.864 121052.629 463891.656 121055.805 463888.497 121058.631 463885.687 121066.906 463878.246 121068.761 463877.069 121070.977 463875.359 121073.049 463873.866 121075.085 463872.325 121077.084 463870.734 121079.043 463869.096 121080.963 463867.412 121082.842 463865.682 121087.824 463860.657 121088.862 463859.655 120998.72 463926.785 120993.884 463930.285 120987.22 463934.879 120980.946 463938.91 120970.423 463946.754 120962.899 463952.535 120954.704 463958.442 120939.485 463969.816 120931.72 463976.129 120923.485 463982.973 120914.603 463989.691 120899.86 464000.004 120896.993 464001.504 120894.251 464003.566 120892.22 464004.785 120889.079 464007.129 120883.603 464011.535 120878.735 464015.098 120873.462 464019.192 120867.696 464023.785 120858.149 464031.254 120848.009 464039.348 120841.126 464044.348 120835.649 464048.754 120828.853 464054.16 120820.642 464060.91 120812.126 464067.66 120809.579 464069.598 120804.829 464073.285 120802.595 464075.223 120799.853 464076.754 120795.696 464079.41 120791.946 464081.473 120789.399 464083.004 120783.126 464087.285 120779.97 464089.629 120776.735 464091.598 120772.673 464094.566 120762.431 464102.723 120758.376 464105.691 120753.61 464109.285 120747.626 464114.192 120746.915 464114.598 120744.681 464115.816 120742.751 464116.535 120739.899 464117.16 120738.485 464117.379 120737.47 464117.566 120735.743 464117.566 120734.009 464117.285 120732.579 464116.879 120728.212 464115.16 120723.931 464113.254 120719.759 464111.629 120714.149 464109.504 120708.251 464106.691 120703.563 464105.285 120700.399 464103.473 120693.376 464099.629 120688.79 464096.879 120685.946 464095.379 120683.392 464093.535 120681.353 464092.129 120679.626 464090.723 120674.126 464087.379 120672.282 464086.16 120669.321 464083.816 120665.556 464081.004 120662.181 464078.16 120659.024 464075.41 120656.165 464072.691 120654.946 464071.566 120651.571 464068.317 120648.001 464064.66 120645.345 464061.848 120641.47 464057.879 120636.985 464053.942 120630.86 464047.629 120620.853 464037.192 120614.423 464030.098 120609.321 464024.816 120605.845 464020.879 120604.72 464019.535 120599.931 464014.973 120595.54 464010.816 120586.149 464002.504 120583.22 464000.004 120582.806 463999.629 120574.001 463992.004 120564.024 463984.035 120540.985 463961.566 120532.524 463953.598 120523.845 463944.629 120519.36 463939.66 120514.626 463934.816 120499.54 463920.473 120491.103 463912.473 120482.446 463904.16 120475.384 463896.379 120459.024 463880.285 120455.946 463876.41 120454.626 463874.691 120454.501 463874.535 120453.009 463872.566 120440.993 463860.691 120427.571 463842.41 120420.759 463835.41 120419.134 463834.348 120368.103 463808.285 120357.196 463803.16 120286.259 463772.973 120273.282 463766.91 120258.735 463761.004 120243.243 463754.035 120228.259 463746.91 120209.962 463739.598 120193.845 463732.442 120174.626 463724.16 120157.946 463716.067 120139.063 463708.067 120123.556 463701.379 120104.759 463692.504 120089.282 463684.91 120069.915 463676.504 120050.72 463667.942 120032.259 463658.691 120017.329 463652.317 120000.603 463645.473 119988.97 463641.035 119977.431 463636.067 119968.603 463631.816 119956.72 463624.629 119948.556 463621.129 119943.735 463620.192 119926.196 463612.598 119904.899 463602.973 119891.97 463596.254 119880.556 463590.754 119868.782 463585.473 119855.423 463580.566 119842.181 463574.442 119825.446 463567.035 119810.595 463560.723 119800.876 463556.285 119791.696 463551.723 119778.001 463546.16 119758.806 463536.629 119748.103 463531.66 119735.665 463527.067 119724.673 463522.66 119710.845 463516.223 119683.001 463502.535 119613.782 463472.442 119588.712 463462.535 119565.735 463453.942 119548.681 463446.754 119531.149 463439.723 119513.431 463431.785 119495.196 463422.942 119459.579 463408.192 119444.704 463403.192 119431.571 463399.004 119421.54 463394.629 119407.306 463386.723 119401.595 463382.973 119399.306 463382.348 119392.61 463377.16 119387.829 463374.816 119381.493 463373.254 119372.751 463371.566 119369.683 463373.473 119369.079 463373.848 119368.431 463375.598 119367.306 463374.785 119363.399 463373.035 119362.071 463372.629 119363.024 463371.285 119358.595 463362.035 119359.566 463361.568 119359.571 463361.566 119359.545 463361.53 119358.392 463359.942 119357.696 463359.379 119356.946 463359.129 119355.532 463358.41 119354.97 463357.848 119354.321 463356.598 119353.931 463355.004 119353.431 463354.16 119351.923 463352.41 119351.399 463351.348 119350.571 463348.535 119349.235 463341.942 119349.509 463339.317 119349.532 463337.973 119348.899 463333.004 119348.681 463329.004 119348.626 463323.41 119349.039 463322.052 119349.196 463321.535 119349.103 463320.91 119348.924 463320.587 119348.704 463320.192 119348.173 463318.285 119348.126 463317.035 119348.251 463312.848 119348.235 463311.858 119348.042 463300.279 119347.673 463278.16 119347.212 463253.66 119343.735 463234.848 119340.993 463221.285 119339.876 463204.004 119338.524 463177.348 119336.384 463174.442 119334.009 463160.816 119331.923 463146.942 119330.61 463140.723 119325.056 463107.129 119323.712 463099.192 119324.806 463092.504 119325.009 463092.098 119323.876 463089.754 119323.454 463088.192 119322.313 463082.504 119321.72 463080.41 119321.11 463077.035 119319.829 463073.942 119318.54 463071.942 119316.806 463068.098 119315.892 463066.66 119314.876 463064.598 119313.993 463063.598 119313.821 463063.879 119308.764 463059.216 119302.806 463053.723 119300.454 463054.16 119293.579 463049.442 119267.329 463029.566 119266.712 463027.691 119260.493 463022.254 119260.376 463021.442 119256.524 463018.723 119250.485 463015.41 119242.626 463012.816 119237.235 463011.91 119230.884 463010.035 119228.423 463009.535 119220.399 463011.973 119220.103 463012.004 119219.821 463011.848 119218.923 463010.942 119219.462 463010.754 119212.36 463004.691 119211.634 463005.004 119208.813 463002.691 119208.415 463002.223 119208.399 463001.691 119208.626 463001.16 119208.626 463001.129 119208.649 463001.067 119209.259 462999.254 119206.524 462996.754 119207.712 462995.504 119206.72 462994.254 119201.149 462990.566 119192.11 462984.067 119175.149 462972.598 119170.759 462968.816 119166.313 462964.223 119163.536 462960.589 119162.993 462959.879 119159.681 462956.035 119156.813 462953.598 119150.829 462949.879 119136.898 462942.98 119134.36 462941.723 119133.541 462940.964 119131.964 462939.503 119126.431 462934.379 119123.345 462931.16 119122.798 462929.672 119122.126 462927.848 119121.673 462925.317 119121.313 462924.566 119124.173 462913.754 119119.001 462912.254 119116.435 462922.149 119116.173 462923.16 119115.392 462923.504 119113.11 462925.004 119110.759 462936.598 119111.035 462940.558 119111.306 462944.442 119114.173 462946.754 119118.759 462950.16 119128.681 462958.379 119132.22 462960.879 119136.053 462961.945 119144.47 462964.285 119159.196 462969.91 119165.149 462975.41 119169.626 462980.848 119172.274 462985.566 119172.829 462989.067 119171.063 462993.035 119163.259 463009.067 119162.829 463009.504 119147.915 463015.879 119142.22 463018.098 119133.509 463020.973 119127.595 463020.285 119099.399 463024.473 119098.306 463023.129 119090.923 463023.973 119086.813 463024.223 119072.095 463025.879 119071.446 463025.598 119071.251 463025.566 119070.423 463025.91 119070.024 463026.004 119069.313 463026.098 119068.735 463026.129 119068.235 463026.035 119068.212 463026.566 119063.142 463027.379 119057.626 463028.66 119055.782 463028.879 119054.751 463028.816 119053.001 463028.473 119050.649 463028.629 119030.212 463032.067 119028.251 463032.317 118998.329 463037.223 118996.809 463037.282 118994.321 463037.379 118992.431 463037.723 118980.235 463040.254 118972.97 463042.004 118964.345 463043.473 118949.774 463047.004 118945.649 463048.504 118943.259 463049.035 118939.642 463049.942 118928.782 463053.723 118922.876 463054.942 118910.149 463058.879 118893.056 463063.317 118888.207 463064.447 118879.243 463066.535 118865.993 463068.785 118858.735 463069.785 118855.712 463070.16 118844.626 463071.973 118837.915 463072.879 118831.235 463074.098 118828.485 463074.442 118818.681 463076.691 118816.563 463077.535 118812.165 463078.91 118800.423 463083.16 118789.103 463085.973 118789.056 463085.973 118789.001 463085.973 118784.509 463087.379 118779.665 463088.91 118774.816 463090.239 118772.712 463090.816 118764.61 463092.66 118757.759 463093.816 118753.779 463094.008 118750.61 463094.16 118742.196 463094.254 118740.774 463094.723 118739.985 463095.172 118739.071 463095.691 118738.743 463096.317 118736.829 463095.004 118736.119 463094.509 118732.032 463091.66 118731.751 463091.629 118731.401 463093.314 118730.626 463097.035 118727.642 463094.879 118723.181 463112.41 118718.696 463131.317 118710.024 463152.723 118705.071 463163.16 118699.759 463176.629 118696.751 463188.317 118694.103 463202.285 118691.556 463213.285 118689.103 463222.473 118688.29 463227.004 118687.259 463234.566 118685.009 463248.067 118682.149 463259.129 118679.079 463273.66 118670.876 463316.754 118650.376 463431.16 118642.431 463474.723 118640.243 463486.035 118633.024 463528.098 118631.274 463537.004 118621.095 463595.379 118613.384 463637.91 118604.095 463687.785 118602.079 463698.785 118595.954 463732.848 118592.696 463750.442 118588.579 463773.754 118587.423 463780.285 118583.642 463800.91 118580.845 463816.754 118578.454 463829.942 118575.806 463845.535 118572.899 463861.535 118569.235 463882.723 118566.392 463893.723 118564.829 463901.504 118563.556 463908.285 118561.946 463922.004 118561.306 463933.004 118559.735 463941.504 118555.603 463959.254 118552.962 463972.754 118547.899 463998.067 118546.47 464005.504 118544.306 464019.566 118540.845 464040.129 118537.384 464061.254 118534.649 464077.629 118530.649 464103.66 118526.032 464134.785 118522.399 464156.348 118518.556 464180.942 118515.626 464199.504 118511.274 464223.629 118507.243 464242.91 118504.321 464250.879 118499.282 464262.442 118496.251 464268.629 118491.423 464277.566 118483.181 464289.379 118477.735 464295.504 118468.173 464305.754 118453.024 464318.379 118427.29 464340.629 118407.712 464355.598 118388.306 464370.442 118373.665 464377.66 118365.11 464378.504 118348.165 464377.192 118332.54 464375.192 118331.392 464382.598 118329.899 464394.129 118324.892 464400.379 118317.235 464403.973 118296.626 464411.723 118271.024 464421.004 118254.493 464427.192 118233.79 464435.035 118219.259 464440.442 118194.399 464448.691 118170.54 464455.754 118158.899 464459.848 118147.032 464464.035 118136.72 464467.754 118113.329 464477.629 118091.743 464486.629 118059.626 464498.598 118020.759 464512.691 117997.399 464521.16 117970.735 464530.723 117939.212 464542.535 117913.532 464552.004 117884.22 464563.473 117864.446 464570.66 117847.204 464576.754 117823.134 464585.004 117789.579 464597.129 117767.431 464605.098 117736.454 464615.942 117721.595 464621.379 117703.056 464628.004 117686.556 464633.629 117670.173 464638.942 117665.735 464640.254 117655.103 464641.785 117641.61 464643.442 117630.704 464644.942 117606.306 464648.192 117599.079 464649.973 117580.259 464652.566 117556.845 464655.348 117548.196 464656.566 117537.649 464657.66 117525.501 464659.004 117504.829 464661.035 117486.056 464662.785 117470.11 464664.16 117439.61 464667.129 117421.181 464669.004 117408.649 464670.442 117395.845 464672.192 117387.063 464673.91 117362.876 464678.098 117354.899 464679.754 117347.126 464681.566 117337.954 464683.66 117328.79 464685.879 117314.399 464688.785 117304.61 464690.379 117295.095 464691.848 117286.063 464693.317 117271.126 464695.442 117268.235 464695.848 117251.61 464697.91 117236.72 464699.879 117219.235 464702.067 117206.149 464703.473 117191.259 464705.035 117180.673 464706.254 117166.165 464707.879 117145.782 464710.067 117126.103 464712.16 117099.376 464715.317 117091.556 464716.348 117070.946 464718.879 117042.571 464722.192 117032.079 464723.41 117013.501 464725.442 116994.181 464727.785 116970.704 464730.66 116952.36 464733.067 116928.345 464735.942 116910.54 464737.754 116898.899 464739.129 116886.712 464740.379 116870.876 464742.067 116855.509 464744.192 116846.642 464745.285 116831.556 464746.848 116825.704 464747.192 116819.673 464747.66 116812.165 464747.66 116808.103 464747.348 116797.079 464745.254 116788.134 464742.66 116780.649 464741.004 116775.032 464745.691 116770.759 464749.129 116767.329 464749.942 116760.056 464750.785 116746.032 464752.192 116706.876 464756.254 116656.29 464761.035 116638.274 464762.598 116596.634 464766.629 116562.235 464770.317 116546.306 464772.629 116534.399 464774.91 116527.313 464776.598 116518.282 464779.473 116510.946 464783.442 116506.04 464786.879 116501.313 464790.691 116499.579 464789.192 116498.22 464787.848 116495.501 464786.66 116492.845 464786.16 116489.165 464786.192 116484.009 464787.004 116478.306 464788.816 116469.954 464791.067 116462.626 464792.942 116454.376 464794.91 116450.493 464795.691 116447.54 464796.254 116433.563 464798.629 116427.063 464799.598 116401.735 464802.754 116337.243 464810.629 116300.032 464815.348 116293.782 464816.035 116273.61 464818.473 116247.501 464821.473 116232.431 464823.223 116220.673 464824.598 116207.454 464826.317 116191.774 464828.379 116184.071 464829.379 116171.673 464830.973 116152.071 464833.442 116131.22 464836.098 116118.493 464837.723 116093.993 464840.91 116072.493 464843.816 116052.493 464846.691 116041.462 464848.16 116024.204 464850.598 116014.243 464851.942 116001.024 464853.848 115962.704 464859.067 115951.985 464860.598 115938.696 464862.535 115931.915 464863.442 115924.024 464864.504 115913.454 464865.91 115904.392 464866.973 115893.11 464868.504 115880.485 464870.192 115872.282 464871.192 115861.86 464872.473 115852.509 464873.566 115846.126 464874.41 115837.681 464875.442 115829.704 464876.442 115815.571 464878.317 115801.579 464880.129 115790.54 464881.598 115777.579 464883.129 115765.931 464884.691 115758.524 464885.598 115753.274 464886.129 115741.009 464887.629 115733.954 464888.473 115719.009 464890.317 115703.571 464892.16 115691.899 464893.754 115675.501 464895.816 115672.899 464896.129 115665.235 464896.973 115656.493 464898.035 115650.829 464898.754 115644.306 464899.598 115638.79 464900.379 115632.899 464901.317 115628.649 464901.91 115616.813 464903.879 115609.946 464905.16 115598.899 464907.473 115592.024 464908.942 115576.29 464912.879 115573.806 464913.504 115568.415 464915.067 115559.532 464918.098 115551.376 464921.129 115538.235 464926.067 115532.946 464928.285 115525.196 464931.629 115517.345 464935.129 115510.353 464938.285 115504.446 464940.754 115496.845 464943.942 115484.845 464948.816 115477.446 464951.754 115469.024 464954.942 115448.813 464962.348 115435.649 464967.285 115421.774 464972.254 115380.485 464986.973 115317.321 465009.816 115277.884 465024.067 115277.782 465024.129 115258.712 465030.91 115232.47 465040.473 115209.251 465049.067 115183.306 465058.535 115161.556 465066.691 115137.876 465075.504 115109.704 465086.098 115086.556 465094.816 115062.306 465104.66 115044.47 465111.691 115023.673 465119.973 115004.142 465127.535 114982.126 465135.723 114959.556 465144.035 114944.056 465149.598 114927.853 465154.754 114900.915 465164.723 114882.876 465171.629 114860.392 465180.129 114840.712 465187.629 114820.915 465195.098 114800.954 465202.691 114779.829 465210.629 114762.079 465217.285 114725.735 465231.192 114706.173 465238.566 114691.353 465244.129 114657.751 465256.848 114639.829 465263.691 114623.61 465269.816 114605.642 465276.598 114582.774 465285.16 114565.696 465291.691 114551.946 465296.879 114538.681 465301.879 114499.204 465317.098 114497.173 465317.816 114451.235 465333.816 114429.485 465341.816 114408.985 465348.754 114399.103 465352.379 114360.821 465365.754 114328.009 465377.442 114308.845 465384.691 114277.923 465396.254 114281.259 465404.91 114276.595 465407.473 114273.735 465408.41 114269.485 465409.723 114265.313 465411.535 114260.853 465413.535 114257.024 465415.379 114252.892 465417.16 114247.806 465419.192 114242.306 465421.098 114237.642 465423.223 114231.649 465425.723 114227.376 465426.91 114218.399 465430.66 114212.11 465432.66 114207.204 465433.66 114201.642 465434.973 114196.962 465436.535 114192.165 465438.723 114187.712 465441.129 114184.274 465442.16 114178.009 465443.504 114174.392 465444.879 114171.009 465446.629 114167.11 465447.973 114160.095 465450.848 114153.759 465452.754 114149.329 465454.16 114145.415 465455.629 114138.892 465458.223 114132.884 465460.348 114130.454 465461.098 114127.376 465462.598 114124.399 465464.223 114121.704 465465.16 114116.985 465466.379 114113.853 465467.254 114109.704 465468.254 114106.446 465469.254 114103.126 465470.629 114099.954 465472.442 114097.29 465474.004 114094.024 465476.442 114089.759 465480.16 114085.813 465484.192 114077.899 465491.566 114074.751 465495.129 114072.142 465498.129 114068.071 465503.317 114066.532 465505.067 114063.61 465508.16 114061.876 465510.16 114058.899 465514.223 114051.274 465525.192 114047.79 465529.91 114047.204 465530.598 114040.86 465535.317 114040.204 465536.91 114037.931 465540.129 114037.056 465541.442 114035.665 465543.566 114031.61 465549.566 114028.681 465553.16 114021.556 465561.16 114020.071 465563.129 114019.032 465564.598 114017.931 465566.504 114016.54 465568.442 114015.142 465569.816 114012.009 465573.66 114009.556 465576.223 114007.97 465577.973 114004.712 465582.254 114002.54 465585.566 114002.009 465586.754 114000.173 465588.91 113998.399 465590.816 113993.813 465595.442 113990.321 465599.535 113987.556 465602.254 113985.313 465604.879 113979.001 465612.879 113976.985 465615.691 113974.649 465618.473 113971.399 465622.192 113969.649 465624.317 113964.259 465631.941 113961.399 465635.785 113958.813 465639.473 113957.751 465641.129 113955.876 465645.317 113953.899 465647.816 113950.696 465651.442 113948.251 465654.129 113944.446 465658.785 113941.774 465662.035 113940.181 465664.566 113938.392 465668.067 113937.134 465670.348 113933.806 465674.848 113931.29 465677.848 113929.399 465679.973 113927.696 465681.879 113925.735 465683.879 113923.626 465686.192 113921.829 465689.16 113919.282 465693.566 113915.681 465699.223 113909.876 465706.66 113902.696 465715.566 113899.696 465719.566 113898.36 465721.91 113897.056 465724.317 113893.985 465727.629 113891.626 465728.879 113890.485 465729.723 113886.985 465734.348 113885.126 465737.785 113883.056 465740.598 113882.485 465741.223 113880.899 465742.317 113878.993 465743.16 113874.384 465744.816 113873.032 465745.41 113874.446 465746.566 113869.931 465751.254 113853.626 465766.816 113851.009 465769.223 113850.649 465770.504 113840.259 465785.41 113835.603 465792.41 113831.165 465798.566 113831.415 465798.754 113830.782 465799.535 113815.751 465820.848 113813.22 465824.223 113796.946 465846.254 113794.579 465849.41 113788.712 465857.473 113784.509 465859.566 113776.446 465867.317 113773.97 465869.098 113763.392 465882.16 113760.829 465884.848 113751.29 465897.223 113750.446 465898.317 113749.759 465899.41 113749.462 465901.004 113746.126 465904.566 113738.931 465914.473 113738.462 465915.442 113735.212 465919.41 113734.024 465918.723 113733.79 465919.285 113732.673 465921.067 113731.251 465924.067 113730.829 465927.629 113731.329 465931.317 113732.892 465935.598 113736.79 465940.691 113741.985 465947.442 113743.813 465949.635 113745.735 465951.941 113748.751 465954.098 113751.985 465956.566 113756.419 465958.79 113757.532 465959.348 113763.063 465962.067 113762.876 465963.004 113762.196 465966.629 113761.946 465967.067 113742.485 465984.442 113742.423 465984.691 113742.774 465985.317 113743.251 465986.348 113743.399 465987.879 113743.181 465988.91 113743.079 465990.317 113743.329 465992.067 113743.829 465994.723 113744.431 465997.598 113745.485 466000.941 113746.563 466004.816 113746.884 466006.473 113747.321 466008.098 113748.306 466011.598 113748.696 466013.067 113749.235 466015.067 113749.376 466016.192 113749.36 466018.129 113749.009 466019.754 113748.704 466021.348 113748.501 466022.973 113748.321 466024.879 113748.251 466026.785 113748.431 466029.941 113748.399 466032.317 113748.103 466035.098 113747.563 466037.91 113747.079 466040.504 113746.821 466041.785 113745.243 466045.566 113743.829 466047.941 113742.446 466049.848 113740.501 466052.223 113738.72 466054.473 113737.079 466056.035 113734.673 466058.098 113732.532 466059.785 113730.454 466061.16 113728.806 466061.941 113726.899 466062.816 113725.306 466063.223 113721.735 466063.442 113719.579 466063.223 113717.649 466062.91 113715.603 466062.691 113714.345 466062.473 113713.079 466062.098 113711.696 466061.442 113709.946 466060.566 113708.829 466060.067 113707.712 466059.723 113706.259 466059.348 113704.712 466058.723 113703.126 466057.816 113701.571 466056.691 113693.853 466051.691 113687.532 466047.41 113682.579 466044.504 113670.634 466038.098 113667.259 466036.629 113665.259 466036.035 113663.579 466036.16 113661.853 466037.035 113660.47 466038.598 113659.579 466039.91 113658.009 466042.598 113656.563 466044.41 113656.204 466045.691 113655.001 466047.91 113652.04 466052.816 113649.704 466056.566 113648.079 466059.629 113645.431 466063.754 113645.063 466063.535 113640.181 466072.035 113633.306 466084.379 113629.86 466090.473 113630.579 466090.941 113625.095 466100.66 113621.079 466107.879 113619.485 466111.192 113616.962 466115.629 113614.329 466120.098 113612.212 466120.504 113611.063 466122.754 113610.36 466123.879 113608.845 466126.816 113609.853 466127.723 113607.946 466131.16 113603.063 466140.098 113601.306 466143.035 113600.759 466142.754 113592.946 466157.317 113593.946 466157.848 113592.962 466159.785 113591.923 466159.254 113591.532 466159.941 113591.149 466160.816 113590.626 466162.317 113590.446 466162.879 113590.149 466164.16 113589.86 466164.785 113589.36 466165.691 113588.985 466166.379 113588.446 466167.473 113587.931 466168.785 113587.36 466170.317 113586.313 466172.223 113585.485 466173.285 113584.642 466174.442 113583.329 466176.535 113583.626 466176.691 113581.97 466179.285 113579.509 466183.254 113579.899 466183.41 113579.173 466184.66 113578.923 466184.504 113578.899 466185.035 113578.446 466187.473 113577.509 466190.723 113577.181 466191.941 113576.782 466193.192 113576.095 466194.754 113575.54 466196.192 113575.212 466197.442 113574.821 466198.879 113574.392 466199.535 113573.774 466200.192 113572.962 466201.035 113571.845 466202.691 113571.696 466203.379 113572.376 466203.317 113569.165 466208.941 113568.282 466207.504 113562.079 466219.348 113558.509 466226.285 113555.376 466232.317 113553.446 466235.879 113553.212 466235.723 113547.556 466246.192 113545.345 466250.723 113545.446 466250.816 113542.399 466256.879 113541.243 466259.317 113539.485 466263.442 113537.931 466266.473 113536.634 466269.067 113535.704 466270.879 113529.446 466283.848 113528.735 466285.16 113527.759 466287.473 113520.782 466300.16 113521.024 466300.285 113518.86 466304.192 113518.649 466304.067 113517.806 466306.629 113518.751 466306.941 113515.04 466317.879 113514.759 466318.254 113514.376 466318.691 113514.196 466318.941 113513.899 466319.317 113513.579 466319.848 113513.095 466320.566 113512.524 466321.504 113512.04 466322.504 113511.649 466323.317 113512.97 466323.691 113511.142 466326.941 113510.376 466326.16 113507.704 466331.629 113502.36 466342.004 113497.876 466350.598 113498.704 466351.035 113499.29 466351.254 113497.712 466354.348 113496.954 466353.754 113496.36 466353.442 113495.056 466355.848 113488.696 466367.442 113483.353 466377.035 113483.712 466377.223 113481.954 466380.598 113480.36 466379.785 113476.673 466387.41 113475.946 466387.598 113474.829 466388.285 113474.235 466388.785 113472.806 466390.504 113472.056 466391.348 113471.423 466391.941 113471.001 466392.473 113470.571 466393.473 113470.009 466394.004 113469.431 466394.41 113468.524 466395.473 113468.032 466396.285 113468.282 466396.41 113466.712 466399.473 113466.501 466399.348 113459.22 466412.848 113457.712 466415.566 113443.032 466442.41 113443.579 466442.691 113440.579 466448.879 113427.126 466477.66 113427.126 466480.129 113421.399 466492.035 113420.649 466491.691 113413.696 466506.192 113412.071 466508.816 113411.36 466510.16 113410.079 466512.879 113409.071 466515.317 113407.532 466519.035 113406.532 466521.067 113405.22 466523.816 113403.806 466526.598 113401.235 466531.566 113398.595 466536.723 113396.376 466541.348 113393.97 466546.598 113392.313 466550.067 113390.384 466554.067 113388.384 466558.535 113386.056 466564.035 113383.665 466569.598 113381.462 466574.598 113379.142 466579.848 113364.993 466608.629 113358.431 466622.723 113356.306 466627.004 113349.774 466639.16 113346.485 466644.317 113340.649 466655.66 113338.181 466660.66 113332.79 466672.254 113331.196 466675.379 113324.079 466687.348 113316.251 466701.691 113312.024 466709.41 113306.603 466719.816 113302.97 466727.035 113297.063 466738.379 113293.306 466746.973 113290.009 466753.442 113287.642 466757.379 113282.063 466771.566 113276.985 466784.223 113273.235 466794.192 113268.103 466806.723 113264.446 466817.254 113262.243 466824.816 113259.345 466835.348 113255.329 466851.535 113245.509 466879.442 113243.626 466884.691 113240.735 466895.973 113239.134 466900.723 113237.97 466903.691 113235.321 466910.285 113230.353 466922.379 113228.079 466927.66 113225.446 466933.816 113222.181 466941.973 113216.446 466953.723 113212.946 466962.348 113209.54 466970.629 113206.329 466978.254 113203.735 466984.535 113201.735 466989.035 113198.563 466995.785 113196.243 467000.566 113193.821 467005.598 113192.134 467008.816 113188.72 467014.16 113186.603 467017.848 113186.782 467017.91 113188.04 467017.816 113186.485 467021.66 113185.876 467023.566 113184.993 467026.816 113184.634 467028.098 113184.259 467029.785 113181.899 467035.285 113181.704 467035.192 113170.892 467065.504 113164.595 467082.035 113165.134 467082.035 113163.821 467086.192 113163.626 467085.973 113161.884 467090.473 113156.095 467107.566 113151.056 467122.035 113147.282 467133.317 113138.399 467160.098 113134.985 467169.41 113124.415 467201.035 113122.392 467206.566 113120.712 467211.004 113119.61 467214.566 113117.86 467214.16 113108.712 467241.91 113107.454 467245.254 113100.899 467264.91 113099.11 467266.285 113097.595 467269.254 113095.056 467276.785 113094.751 467277.473 113089.095 467292.754 113088.735 467293.691 113087.446 467297.66 113089.399 467299.16 113089.165 467300.91 113079.462 467327.317 113077.821 467332.473 113076.649 467335.098 113074.603 467339.442 113071.712 467345.192 113069.97 467348.473 113068.196 467350.754 113061.821 467372.379 113063.446 467372.691 113061.829 467378.973 113053.196 467409.473 113048.72 467414.785 113047.415 467420.223 113047.126 467420.16 113045.97 467426.473 113041.876 467441.317 113041.032 467444.223 113040.759 467445.442 113039.743 467449.223 113039.446 467450.223 113026.306 467509.285 113025.392 467514.785 113025.399 467514.816 113026.079 467521.879 113023.313 467532.629 113024.86 467532.348 113023.251 467539.41 113022.095 467538.379 113020.126 467548.973 113018.071 467551.442 113017.306 467554.66 113017.556 467554.723 113017.165 467556.754 113016.813 467556.66 113011.931 467578.442 113013.86 467578.192 113012.126 467585.223 113011.009 467584.504 113001.571 467633.973 112999.399 467640.723 112994.009 467663.879 112990.126 467683.285 112986.149 467700.723 112978.485 467734.098 112976.353 467745.223 112973.899 467757.035 112969.579 467777.41 112964.673 467798.442 112961.985 467811.566 112959.376 467821.973 112956.353 467838.66 112952.509 467860.348 112951.642 467865.941 112951.345 467868.098 112950.993 467871.442 112951.415 467876.098 112951.579 467879.629 112951.649 467882.129 112952.149 467886.816 112952.212 467890.317 112951.86 467896.129 112951.454 467900.067 112950.103 467907.442 112948.399 467915.129 112947.485 467919.691 112946.446 467923.785 112945.509 467926.879 112943.774 467933.348 112941.024 467943.848 112939.423 467950.566 112938.173 467955.254 112936.829 467960.41 112936.399 467962.629 112936.095 467965.098 112935.712 467966.223 112935.259 467966.566 112931.946 467978.723 112929.196 467987.129 112924.103 468003.723 112923.196 468006.41 112922.704 468007.442 112915.274 468029.91 112914.743 468032.129 112913.649 468036.035 112907.259 468055.348 112898.353 468080.223 112885.696 468114.816 112874.899 468145.223 112864.251 468174.067 112850.579 468211.816 112839.853 468240.848 112829.306 468272.66 112817.501 468305.285 112809.501 468329.004 112806.22 468340.192 112797.126 468367.41 112789.829 468389.723 112782.485 468411.16 112773.149 468439.035 112764.313 468465.129 112759.931 468480.192 112755.509 468494.816 112751.845 468506.254 112747.274 468519.941 112745.181 468525.098 112742.704 468531.566 112740.899 468536.91 112739.282 468543.254 112738.134 468547.691 112737.743 468550.317 112737.329 468553.91 112736.962 468557.816 112736.329 468562.067 112734.962 468567.566 112734.493 468570.098 112733.649 468574.192 112732.782 468576.629 112731.993 468577.442 112730.149 468577.848 112728.415 468577.816 112726.735 468577.723 112722.454 468577.567 112717.556 468577.41 112714.329 468578.348 112710.806 468577.567 112711.103 468576.535 112705.03 468578.287 112700.595 468579.567 112690.149 468582.473 112685.634 468583.442 112684.243 468583.66 112683.29 468583.723 112681.954 468583.598 112680.704 468583.317 112679.649 468582.848 112678.509 468582.192 112677.095 468581.317 112675.446 468580.285 112665.071 468573.067 112645.415 468560.379 112617.704 468541.504 112588.329 468521.91 112557.001 468501.192 112528.829 468482.473 112500.056 468463.816 112471.712 468444.848 112440.579 468424.41 112408.392 468402.66 112373.696 468379.379 112341.259 468357.691 112323.712 468346.004 112318.399 468342.254 112313.946 468339.254 112302.329 468332.067 112289.29 468323.317 112286.923 468321.973 112285.181 468320.723 112271.626 468311.442 112258.282 468302.192 112256.376 468300.66 112255.353 468300.098 112236.899 468287.254 112219.806 468275.723 112208.212 468267.566 112193.399 468257.348 112190.115 468255.207 112190.061 468255.217 112162.821 468241.597 112149.652 468235.013 112127.148 468217.009 112111.769 468204.706 112081.463 468174.4 112058.454 468151.391 112051.157 468144.094 112006.661 468075.761 111909.727 467926.898 111881.946 467883.964 111783.451 467853.658 111665.985 467825.13 111606.664 467810.724 111606.185 467809.766 111605.47 467812.504 111536.29 467792.66 111489.321 467779.91 111463.321 467772.504 111415.696 467758.879 111307.751 467728.348 111249.056 467712.035 111222.829 467704.754 111169.962 467688.785 111135.603 467678.816 111081.931 467663.691 110976.509 467633.629 110902.579 467613.192 110877.126 467606.035 110841.282 467596.348 110827.009 467592.317 110805.876 467587.442 110782.54 467581.566 110761.556 467577.379 110740.454 467573.566 110734.556 467572.723 110710.04 467636.254 110700.126 467661.785 110692.321 467683.067 110690.001 467689.473 110687.314 467696.691 110683.142 467708.598 110681.142 467714.473 110679.204 467720.285 110676.86 467727.566 110674.649 467735.41 110672.626 467743.192 110669.759 467754.598 110666.024 467770.723 110660.563 467794.785 110652.446 467831.129 110643.392 467870.91 110633.204 467915.442 110624.149 467954.566 110613.321 468001.035 110607.259 468027.192 110598.532 468065.41 110589.751 468103.566 110580.196 468145.129 110563.853 468215.723 110556.86 468246.035 110548.626 468281.285 110539.392 468321.223 110529.376 468364.129 110510.931 468442.285 110501.899 468479.816 110492.743 468517.691 110483.11 468556.535 110473.579 468595.379 110464.72 468631.192 110456.829 468662.723 110446.446 468703.254 110435.681 468745.691 110425.009 468787.129 110415.642 468822.848 110409.649 468845.504 110405.899 468860.723 110403.392 468872.879 110402.946 468876.567 110402.642 468880.535 110402.579 468883.691</gml:posList>
                                    </gml:LinearRing>
                                 </gml:exterior>
                              </gml:Polygon>
                           </gml:surfaceMember>
                           <gml:surfaceMember>
                              <gml:Polygon srsName="urn:ogc:def:crs:EPSG::28992" gml:id="id-431080b89b03497ea0efeeb4bf8c1baf-12">
                                 <gml:exterior>
                                    <gml:LinearRing>
                                       <gml:posList>121101.635 463850.142 121106.94 463850.731 121128.562 463852.646 121130.188 463846.743 121127.47 463846.535 121124.79 463846.379 121122.126 463846.192 121120.056 463846.067 121117.399 463845.785 121114.743 463845.442 121109.079 463844.598 121101.635 463850.142</gml:posList>
                                    </gml:LinearRing>
                                 </gml:exterior>
                              </gml:Polygon>
                           </gml:surfaceMember>
                        </gml:MultiSurface>
                     </owgeo:geometrie>
                  </owgeo:Geometrie>
               </geo:geometrie>
               <geo:groepID>aad61f64</geo:groepID>
            </geo:Locatie>
         </geo:locaties>
      </geo:GeoInformatieObjectVersie>
   </geo:vastgesteldeVersie>
</geo:GeoInformatieObjectVaststelling>