<InformatieObjectVersieMetadata schemaversie="1.3.0" xmlns="https://standaarden.overheid.nl/stop/imop/data/">
    <heeftBestanden>
        <heeftBestand>
            <Bestand>
                <bestandsnaam>GIO-aad61f64.gml</bestandsnaam>
                <hash>1335f02f6aa3a5584438b7bdce138432fc70bcd941994a554aa8150f009247c82329ae84cbeb739d9c3b2af728ce401a2b9ce48c66a84dcc42a59735f0b90ea7</hash>
            </Bestand>
        </heeftBestand>
    </heeftBestanden>
    <heeftGeboorteregeling>/akn/nl/act/pv28/2024/ZHOV</heeftGeboorteregeling>
</InformatieObjectVersieMetadata>