<FeatureTypeStyle version="1.1.0" xmlns="http://www.opengis.net/se">
  <FeatureTypeName xmlns:opera="http://koop.overheid.nl/apps/opera/" xmlns:lvbbu="https://standaarden.overheid.nl/lvbb/stop/uitlevering/" xmlns:geo="https://standaarden.overheid.nl/stop/imop/geo/" xmlns:xsi="http://www.w3.org/2001/XMLSchema-instance">geo:Locatie</FeatureTypeName>
  <SemanticTypeIdentifier xmlns:opera="http://koop.overheid.nl/apps/opera/" xmlns:lvbbu="https://standaarden.overheid.nl/lvbb/stop/uitlevering/" xmlns:geo="https://standaarden.overheid.nl/stop/imop/geo/" xmlns:xsi="http://www.w3.org/2001/XMLSchema-instance">geo:kwantitatieveNormwaarde</SemanticTypeIdentifier>
  <Rule xmlns:opera="http://koop.overheid.nl/apps/opera/" xmlns:lvbbu="https://standaarden.overheid.nl/lvbb/stop/uitlevering/" xmlns:geo="https://standaarden.overheid.nl/stop/imop/geo/" xmlns:xsi="http://www.w3.org/2001/XMLSchema-instance">
    <Name>Maximum bouwhoogte 7 meter</Name>
    <Description>
      <Title>Bouwhoogte 7 meter</Title>
    </Description>
    <Filter xmlns="http://www.opengis.net/ogc">
      <PropertyIsEqualTo>
	<PropertyName>kwantitatieveNormwaarde</PropertyName>
	<Literal>7</Literal>
      </PropertyIsEqualTo>
    </Filter>
    <PolygonSymbolizer>
      <Name>vsgt206</Name>
      <Fill>
	<SvgParameter name="fill">#c8c8c8</SvgParameter>
	<SvgParameter name="fill-opacity">0.3</SvgParameter>
      </Fill>
      <Stroke>
	<SvgParameter name="stroke">#505050</SvgParameter>
	<SvgParameter name="stroke-opacity">1</SvgParameter>
	<SvgParameter name="stroke-width">0.5</SvgParameter>
	<SvgParameter name="stroke-linejoin">round</SvgParameter>
      </Stroke>
    </PolygonSymbolizer>
  </Rule>
  <Rule xmlns:opera="http://koop.overheid.nl/apps/opera/" xmlns:lvbbu="https://standaarden.overheid.nl/lvbb/stop/uitlevering/" xmlns:geo="https://standaarden.overheid.nl/stop/imop/geo/" xmlns:xsi="http://www.w3.org/2001/XMLSchema-instance">
    <Name>Maximum bouwhoogte 13 meter</Name>
    <Description>
      <Title>Bouwhoogte 13 meter</Title>
    </Description>
    <Filter xmlns="http://www.opengis.net/ogc">
      <PropertyIsEqualTo>
	<PropertyName>kwantitatieveNormwaarde</PropertyName>
	<Literal>13</Literal>
      </PropertyIsEqualTo>
    </Filter>
    <PolygonSymbolizer>
      <Name>vsgt201</Name>
      <Fill>
	<SvgParameter name="fill">#646464</SvgParameter>
	<SvgParameter name="fill-opacity">0.3</SvgParameter>
      </Fill>
      <Stroke>
	<SvgParameter name="stroke">#505050</SvgParameter>
	<SvgParameter name="stroke-opacity">1</SvgParameter>
	<SvgParameter name="stroke-width">0.5</SvgParameter>
	<SvgParameter name="stroke-linejoin">round</SvgParameter>
      </Stroke>
    </PolygonSymbolizer>
  </Rule>
</FeatureTypeStyle>