<InformatieObjectVersieMetadata schemaversie="1.3.0" xmlns="https://standaarden.overheid.nl/stop/imop/data/">
    <heeftBestanden>
        <heeftBestand>
            <Bestand>
                <bestandsnaam>GIO-8e26d960.gml</bestandsnaam>
                <hash>9e1679ef4e865650a2d9ab432c25fa1124f4bf6b64e0b1e044efac1605056df7a187d2420d36ab44cd156736b72c7c115e781878507d664ca1ab4d4399b2ccda</hash>
            </Bestand>
        </heeftBestand>
    </heeftBestanden>
    <heeftGeboorteregeling>/akn/nl/act/pv28/2024/ZHOV</heeftGeboorteregeling>
</InformatieObjectVersieMetadata>