<InformatieObjectVersieMetadata schemaversie="1.3.0" xmlns="https://standaarden.overheid.nl/stop/imop/data/">
    <heeftBestanden>
        <heeftBestand>
            <Bestand>
                <bestandsnaam>GIO-b4071843.gml</bestandsnaam>
                <hash>2f9b0b69cfff97cda84e8d8ab98c0ae30ff8312e7e50fbaaed4eb7ba30fe24d14d30869a9fd95b0e6d76d2624e37d812c6b528ba79ec0f804933e5214db60482</hash>
            </Bestand>
        </heeftBestand>
    </heeftBestanden>
    <heeftGeboorteregeling>/akn/nl/act/pv28/2024/ZHOV</heeftGeboorteregeling>
</InformatieObjectVersieMetadata>