<?xml version="1.0" encoding="UTF-8" standalone="yes"?>
<ow-dc:owBestand xmlns:rol="http://www.geostandaarden.nl/imow/regelsoplocatie" xmlns:schemaLocation="http://www.geostandaarden.nl/imow/bestanden/deelbestand https://register.geostandaarden.nl/xmlschema/tpod/v2.0.0/bestanden-ow/deelbestand-ow/IMOW_Deelbestand.xsd" xmlns:rg="http://www.geostandaarden.nl/imow/regelingsgebied" xmlns:da="http://www.geostandaarden.nl/imow/datatypenalgemeen" xmlns:l="http://www.geostandaarden.nl/imow/locatie" xmlns:sym="http://www.geostandaarden.nl/imow/symbolisatie" xmlns:xsi="http://www.w3.org/2001/XMLSchema-instance" xmlns:kaart="http://www.geostandaarden.nl/imow/kaart" xmlns="http://www.geostandaarden.nl/bestanden-ow/manifest-ow" xmlns:xlink="http://www.w3.org/1999/xlink" xmlns:ow-dc="http://www.geostandaarden.nl/imow/bestanden/deelbestand" xmlns:ga="http://www.geostandaarden.nl/imow/gebiedsaanwijzing" xmlns:sl="http://www.geostandaarden.nl/bestanden-ow/standlevering-generiek" xmlns:p="http://www.geostandaarden.nl/imow/pons" xmlns:regels="http://www.geostandaarden.nl/imow/regels" xmlns:ow="http://www.geostandaarden.nl/imow/owobject" xmlns:vt="http://www.geostandaarden.nl/imow/vrijetekst" xmlns:op="http://www.geostandaarden.nl/imow/opobject">
    <sl:standBestand>
        <sl:dataset>Onbekend</sl:dataset>
        <sl:inhoud>
            <sl:gebied>Onbekend</sl:gebied>
            <sl:leveringsId>Onbekend</sl:leveringsId>
            <sl:objectTypen>
                <sl:objectType>Hoofdlijn</sl:objectType>
            </sl:objectTypen>
        </sl:inhoud>
        <sl:stand>
            <ow-dc:owObject>
                <vt:Hoofdlijn>
                    <vt:identificatie>nl.imow-pv25.hoofdlijn.001000000000000000000001</vt:identificatie>
                    <vt:soort>ambitie</vt:soort>
                    <vt:naam>energietransitie</vt:naam>
                </vt:Hoofdlijn>
            </ow-dc:owObject>
        </sl:stand>
        <sl:stand>
            <ow-dc:owObject>
                <vt:Hoofdlijn>
                    <vt:identificatie>nl.imow-pv25.hoofdlijn.001000000000000000000002</vt:identificatie>
                    <vt:soort>ambitie</vt:soort>
                    <vt:naam>klimaatadaptatie</vt:naam>
                </vt:Hoofdlijn>
            </ow-dc:owObject>
        </sl:stand>
        <sl:stand>
            <ow-dc:owObject>
                <vt:Hoofdlijn>
                    <vt:identificatie>nl.imow-pv25.hoofdlijn.001000000000000000000003</vt:identificatie>
                    <vt:soort>ambitie</vt:soort>
                    <vt:naam>circulaire economie</vt:naam>
                </vt:Hoofdlijn>
            </ow-dc:owObject>
        </sl:stand>
        <sl:stand>
            <ow-dc:owObject>
                <vt:Hoofdlijn>
                    <vt:identificatie>nl.imow-pv25.hoofdlijn.001000000000000000000004</vt:identificatie>
                    <vt:soort>ambitie</vt:soort>
                    <vt:naam>biodiversiteit</vt:naam>
                </vt:Hoofdlijn>
            </ow-dc:owObject>
        </sl:stand>
        <sl:stand>
            <ow-dc:owObject>
                <vt:Hoofdlijn>
                    <vt:identificatie>nl.imow-pv25.hoofdlijn.001000000000000000000005</vt:identificatie>
                    <vt:soort>ambitie</vt:soort>
                    <vt:naam>bereikbaarheid</vt:naam>
                </vt:Hoofdlijn>
            </ow-dc:owObject>
        </sl:stand>
        <sl:stand>
            <ow-dc:owObject>
                <vt:Hoofdlijn>
                    <vt:identificatie>nl.imow-pv25.hoofdlijn.001000000000000000000006</vt:identificatie>
                    <vt:soort>ambitie</vt:soort>
                    <vt:naam>vestigingsklimaat</vt:naam>
                </vt:Hoofdlijn>
            </ow-dc:owObject>
        </sl:stand>
        <sl:stand>
            <ow-dc:owObject>
                <vt:Hoofdlijn>
                    <vt:identificatie>nl.imow-pv25.hoofdlijn.001000000000000000000007</vt:identificatie>
                    <vt:soort>ambitie</vt:soort>
                    <vt:naam>woon- en leefomgeving</vt:naam>
                </vt:Hoofdlijn>
            </ow-dc:owObject>
        </sl:stand>
    </sl:standBestand>
</ow-dc:owBestand>
