<?xml version="1.0" encoding="UTF-8" standalone="yes"?>
<ow-dc:owBestand xmlns:rol="http://www.geostandaarden.nl/imow/regelsoplocatie" xmlns:schemaLocation="http://www.geostandaarden.nl/imow/bestanden/deelbestand https://register.geostandaarden.nl/xmlschema/tpod/v2.0.0/bestanden-ow/deelbestand-ow/IMOW_Deelbestand.xsd" xmlns:rg="http://www.geostandaarden.nl/imow/regelingsgebied" xmlns:da="http://www.geostandaarden.nl/imow/datatypenalgemeen" xmlns:l="http://www.geostandaarden.nl/imow/locatie" xmlns:sym="http://www.geostandaarden.nl/imow/symbolisatie" xmlns:xsi="http://www.w3.org/2001/XMLSchema-instance" xmlns:kaart="http://www.geostandaarden.nl/imow/kaart" xmlns="http://www.geostandaarden.nl/bestanden-ow/manifest-ow" xmlns:xlink="http://www.w3.org/1999/xlink" xmlns:ow-dc="http://www.geostandaarden.nl/imow/bestanden/deelbestand" xmlns:ga="http://www.geostandaarden.nl/imow/gebiedsaanwijzing" xmlns:sl="http://www.geostandaarden.nl/bestanden-ow/standlevering-generiek" xmlns:p="http://www.geostandaarden.nl/imow/pons" xmlns:regels="http://www.geostandaarden.nl/imow/regels" xmlns:ow="http://www.geostandaarden.nl/imow/owobject" xmlns:vt="http://www.geostandaarden.nl/imow/vrijetekst" xmlns:op="http://www.geostandaarden.nl/imow/opobject">
    <sl:standBestand>
        <sl:dataset>Onbekend</sl:dataset>
        <sl:inhoud>
            <sl:gebied>Onbekend</sl:gebied>
            <sl:leveringsId>Onbekend</sl:leveringsId>
            <sl:objectTypen>
                <sl:objectType>Tekstdeel</sl:objectType>
            </sl:objectTypen>
        </sl:inhoud>
        <sl:stand>
            <ow-dc:owObject>
                <vt:Tekstdeel>
                    <vt:identificatie>nl.imow-pv25.tekstdeel.001000000000000000000015</vt:identificatie>
                    <vt:idealisatie>http://standaarden.omgevingswet.overheid.nl/idealisatie/id/concept/Exact</vt:idealisatie>
                    <vt:divisieaanduiding>
                        <vt:DivisieRef xlink:href="nl.imow-pv25.divisietekst.001000000000000000000015"/>
                    </vt:divisieaanduiding>
                    <vt:locatieaanduiding>
                        <l:LocatieRef xlink:href="nl.imow-pv25.ambtsgebied.001000000000000000009925"/>
                    </vt:locatieaanduiding>
                </vt:Tekstdeel>
            </ow-dc:owObject>
        </sl:stand>
        <sl:stand>
            <ow-dc:owObject>
                <vt:Tekstdeel>
                    <vt:identificatie>nl.imow-pv25.tekstdeel.001000000000000000000017</vt:identificatie>
                    <vt:idealisatie>http://standaarden.omgevingswet.overheid.nl/idealisatie/id/concept/Exact</vt:idealisatie>
                    <vt:divisieaanduiding>
                        <vt:DivisieRef xlink:href="nl.imow-pv25.divisietekst.001000000000000000000017"/>
                    </vt:divisieaanduiding>
                    <vt:locatieaanduiding>
                        <l:LocatieRef xlink:href="nl.imow-pv25.ambtsgebied.001000000000000000009925"/>
                    </vt:locatieaanduiding>
                </vt:Tekstdeel>
            </ow-dc:owObject>
        </sl:stand>
        <sl:stand>
            <ow-dc:owObject>
                <vt:Tekstdeel>
                    <vt:identificatie>nl.imow-pv25.tekstdeel.001000000000000000000019</vt:identificatie>
                    <vt:idealisatie>http://standaarden.omgevingswet.overheid.nl/idealisatie/id/concept/Exact</vt:idealisatie>
                    <vt:thema>http://standaarden.omgevingswet.overheid.nl/thema/id/concept/Bodem</vt:thema>
                    <vt:thema>http://standaarden.omgevingswet.overheid.nl/thema/id/concept/Bouwwerken</vt:thema>
                    <vt:thema>http://standaarden.omgevingswet.overheid.nl/thema/id/concept/CultureelErfgoed</vt:thema>
                    <vt:thema>http://standaarden.omgevingswet.overheid.nl/thema/id/concept/ExterneVeiligheid</vt:thema>
                    <vt:thema>http://standaarden.omgevingswet.overheid.nl/thema/id/concept/Gezondheid</vt:thema>
                    <vt:thema>http://standaarden.omgevingswet.overheid.nl/thema/id/concept/Landgebruik</vt:thema>
                    <vt:thema>http://standaarden.omgevingswet.overheid.nl/thema/id/concept/Landschap</vt:thema>
                    <vt:thema>http://standaarden.omgevingswet.overheid.nl/thema/id/concept/Natuur</vt:thema>
                    <vt:thema>http://standaarden.omgevingswet.overheid.nl/thema/id/concept/WaterEnWatersystemen</vt:thema>
                    <vt:divisieaanduiding>
                        <vt:DivisieRef xlink:href="nl.imow-pv25.divisietekst.001000000000000000000019"/>
                    </vt:divisieaanduiding>
                    <vt:hoofdlijnaanduiding>
                        <vt:HoofdlijnRef xlink:href="nl.imow-pv25.hoofdlijn.001000000000000000000001"/>
                        <vt:HoofdlijnRef xlink:href="nl.imow-pv25.hoofdlijn.001000000000000000000005"/>
                        <vt:HoofdlijnRef xlink:href="nl.imow-pv25.hoofdlijn.001000000000000000000004"/>
                        <vt:HoofdlijnRef xlink:href="nl.imow-pv25.hoofdlijn.001000000000000000000007"/>
                        <vt:HoofdlijnRef xlink:href="nl.imow-pv25.hoofdlijn.001000000000000000000002"/>
                        <vt:HoofdlijnRef xlink:href="nl.imow-pv25.hoofdlijn.001000000000000000000003"/>
                        <vt:HoofdlijnRef xlink:href="nl.imow-pv25.hoofdlijn.001000000000000000000006"/>
                    </vt:hoofdlijnaanduiding>
                    <vt:locatieaanduiding>
                        <l:LocatieRef xlink:href="nl.imow-pv25.ambtsgebied.001000000000000000009925"/>
                    </vt:locatieaanduiding>
                </vt:Tekstdeel>
            </ow-dc:owObject>
        </sl:stand>
        <sl:stand>
            <ow-dc:owObject>
                <vt:Tekstdeel>
                    <vt:identificatie>nl.imow-pv25.tekstdeel.001000000000000000000022</vt:identificatie>
                    <vt:idealisatie>http://standaarden.omgevingswet.overheid.nl/idealisatie/id/concept/Exact</vt:idealisatie>
                    <vt:divisieaanduiding>
                        <vt:DivisieRef xlink:href="nl.imow-pv25.divisietekst.001000000000000000000022"/>
                    </vt:divisieaanduiding>
                    <vt:locatieaanduiding>
                        <l:LocatieRef xlink:href="nl.imow-pv25.ambtsgebied.001000000000000000009925"/>
                    </vt:locatieaanduiding>
                </vt:Tekstdeel>
            </ow-dc:owObject>
        </sl:stand>
        <sl:stand>
            <ow-dc:owObject>
                <vt:Tekstdeel>
                    <vt:identificatie>nl.imow-pv25.tekstdeel.001000000000000000000024</vt:identificatie>
                    <vt:idealisatie>http://standaarden.omgevingswet.overheid.nl/idealisatie/id/concept/Exact</vt:idealisatie>
                    <vt:thema>http://standaarden.omgevingswet.overheid.nl/thema/id/concept/Bodem</vt:thema>
                    <vt:thema>http://standaarden.omgevingswet.overheid.nl/thema/id/concept/Bouwwerken</vt:thema>
                    <vt:thema>http://standaarden.omgevingswet.overheid.nl/thema/id/concept/CultureelErfgoed</vt:thema>
                    <vt:thema>http://standaarden.omgevingswet.overheid.nl/thema/id/concept/ExterneVeiligheid</vt:thema>
                    <vt:thema>http://standaarden.omgevingswet.overheid.nl/thema/id/concept/Gezondheid</vt:thema>
                    <vt:thema>http://standaarden.omgevingswet.overheid.nl/thema/id/concept/Landgebruik</vt:thema>
                    <vt:thema>http://standaarden.omgevingswet.overheid.nl/thema/id/concept/Landschap</vt:thema>
                    <vt:thema>http://standaarden.omgevingswet.overheid.nl/thema/id/concept/Natuur</vt:thema>
                    <vt:thema>http://standaarden.omgevingswet.overheid.nl/thema/id/concept/WaterEnWatersystemen</vt:thema>
                    <vt:divisieaanduiding>
                        <vt:DivisieRef xlink:href="nl.imow-pv25.divisietekst.001000000000000000000024"/>
                    </vt:divisieaanduiding>
                    <vt:hoofdlijnaanduiding>
                        <vt:HoofdlijnRef xlink:href="nl.imow-pv25.hoofdlijn.001000000000000000000001"/>
                        <vt:HoofdlijnRef xlink:href="nl.imow-pv25.hoofdlijn.001000000000000000000005"/>
                        <vt:HoofdlijnRef xlink:href="nl.imow-pv25.hoofdlijn.001000000000000000000004"/>
                        <vt:HoofdlijnRef xlink:href="nl.imow-pv25.hoofdlijn.001000000000000000000007"/>
                        <vt:HoofdlijnRef xlink:href="nl.imow-pv25.hoofdlijn.001000000000000000000002"/>
                        <vt:HoofdlijnRef xlink:href="nl.imow-pv25.hoofdlijn.001000000000000000000003"/>
                        <vt:HoofdlijnRef xlink:href="nl.imow-pv25.hoofdlijn.001000000000000000000006"/>
                    </vt:hoofdlijnaanduiding>
                    <vt:locatieaanduiding>
                        <l:LocatieRef xlink:href="nl.imow-pv25.ambtsgebied.001000000000000000009925"/>
                    </vt:locatieaanduiding>
                </vt:Tekstdeel>
            </ow-dc:owObject>
        </sl:stand>
        <sl:stand>
            <ow-dc:owObject>
                <vt:Tekstdeel>
                    <vt:identificatie>nl.imow-pv25.tekstdeel.001000000000000000000025</vt:identificatie>
                    <vt:idealisatie>http://standaarden.omgevingswet.overheid.nl/idealisatie/id/concept/Exact</vt:idealisatie>
                    <vt:thema>http://standaarden.omgevingswet.overheid.nl/thema/id/concept/Bodem</vt:thema>
                    <vt:thema>http://standaarden.omgevingswet.overheid.nl/thema/id/concept/Bouwwerken</vt:thema>
                    <vt:thema>http://standaarden.omgevingswet.overheid.nl/thema/id/concept/CultureelErfgoed</vt:thema>
                    <vt:thema>http://standaarden.omgevingswet.overheid.nl/thema/id/concept/ExterneVeiligheid</vt:thema>
                    <vt:thema>http://standaarden.omgevingswet.overheid.nl/thema/id/concept/Gezondheid</vt:thema>
                    <vt:thema>http://standaarden.omgevingswet.overheid.nl/thema/id/concept/Landgebruik</vt:thema>
                    <vt:thema>http://standaarden.omgevingswet.overheid.nl/thema/id/concept/Landschap</vt:thema>
                    <vt:thema>http://standaarden.omgevingswet.overheid.nl/thema/id/concept/Natuur</vt:thema>
                    <vt:thema>http://standaarden.omgevingswet.overheid.nl/thema/id/concept/WaterEnWatersystemen</vt:thema>
                    <vt:divisieaanduiding>
                        <vt:DivisieRef xlink:href="nl.imow-pv25.divisietekst.001000000000000000000025"/>
                    </vt:divisieaanduiding>
                    <vt:hoofdlijnaanduiding>
                        <vt:HoofdlijnRef xlink:href="nl.imow-pv25.hoofdlijn.001000000000000000000001"/>
                        <vt:HoofdlijnRef xlink:href="nl.imow-pv25.hoofdlijn.001000000000000000000005"/>
                        <vt:HoofdlijnRef xlink:href="nl.imow-pv25.hoofdlijn.001000000000000000000004"/>
                        <vt:HoofdlijnRef xlink:href="nl.imow-pv25.hoofdlijn.001000000000000000000007"/>
                        <vt:HoofdlijnRef xlink:href="nl.imow-pv25.hoofdlijn.001000000000000000000002"/>
                        <vt:HoofdlijnRef xlink:href="nl.imow-pv25.hoofdlijn.001000000000000000000003"/>
                        <vt:HoofdlijnRef xlink:href="nl.imow-pv25.hoofdlijn.001000000000000000000006"/>
                    </vt:hoofdlijnaanduiding>
                    <vt:locatieaanduiding>
                        <l:LocatieRef xlink:href="nl.imow-pv25.ambtsgebied.001000000000000000009925"/>
                    </vt:locatieaanduiding>
                </vt:Tekstdeel>
            </ow-dc:owObject>
        </sl:stand>
        <sl:stand>
            <ow-dc:owObject>
                <vt:Tekstdeel>
                    <vt:identificatie>nl.imow-pv25.tekstdeel.001000000000000000000026</vt:identificatie>
                    <vt:idealisatie>http://standaarden.omgevingswet.overheid.nl/idealisatie/id/concept/Exact</vt:idealisatie>
                    <vt:thema>http://standaarden.omgevingswet.overheid.nl/thema/id/concept/Bodem</vt:thema>
                    <vt:thema>http://standaarden.omgevingswet.overheid.nl/thema/id/concept/Bouwwerken</vt:thema>
                    <vt:thema>http://standaarden.omgevingswet.overheid.nl/thema/id/concept/CultureelErfgoed</vt:thema>
                    <vt:thema>http://standaarden.omgevingswet.overheid.nl/thema/id/concept/ExterneVeiligheid</vt:thema>
                    <vt:thema>http://standaarden.omgevingswet.overheid.nl/thema/id/concept/Gezondheid</vt:thema>
                    <vt:thema>http://standaarden.omgevingswet.overheid.nl/thema/id/concept/Landgebruik</vt:thema>
                    <vt:thema>http://standaarden.omgevingswet.overheid.nl/thema/id/concept/Landschap</vt:thema>
                    <vt:thema>http://standaarden.omgevingswet.overheid.nl/thema/id/concept/Natuur</vt:thema>
                    <vt:thema>http://standaarden.omgevingswet.overheid.nl/thema/id/concept/WaterEnWatersystemen</vt:thema>
                    <vt:divisieaanduiding>
                        <vt:DivisieRef xlink:href="nl.imow-pv25.divisietekst.001000000000000000000026"/>
                    </vt:divisieaanduiding>
                    <vt:hoofdlijnaanduiding>
                        <vt:HoofdlijnRef xlink:href="nl.imow-pv25.hoofdlijn.001000000000000000000001"/>
                        <vt:HoofdlijnRef xlink:href="nl.imow-pv25.hoofdlijn.001000000000000000000005"/>
                        <vt:HoofdlijnRef xlink:href="nl.imow-pv25.hoofdlijn.001000000000000000000004"/>
                        <vt:HoofdlijnRef xlink:href="nl.imow-pv25.hoofdlijn.001000000000000000000007"/>
                        <vt:HoofdlijnRef xlink:href="nl.imow-pv25.hoofdlijn.001000000000000000000002"/>
                        <vt:HoofdlijnRef xlink:href="nl.imow-pv25.hoofdlijn.001000000000000000000003"/>
                        <vt:HoofdlijnRef xlink:href="nl.imow-pv25.hoofdlijn.001000000000000000000006"/>
                    </vt:hoofdlijnaanduiding>
                    <vt:locatieaanduiding>
                        <l:LocatieRef xlink:href="nl.imow-pv25.ambtsgebied.001000000000000000009925"/>
                    </vt:locatieaanduiding>
                </vt:Tekstdeel>
            </ow-dc:owObject>
        </sl:stand>
        <sl:stand>
            <ow-dc:owObject>
                <vt:Tekstdeel>
                    <vt:identificatie>nl.imow-pv25.tekstdeel.001000000000000000000028</vt:identificatie>
                    <vt:idealisatie>http://standaarden.omgevingswet.overheid.nl/idealisatie/id/concept/Exact</vt:idealisatie>
                    <vt:thema>http://standaarden.omgevingswet.overheid.nl/thema/id/concept/Bodem</vt:thema>
                    <vt:thema>http://standaarden.omgevingswet.overheid.nl/thema/id/concept/Bouwwerken</vt:thema>
                    <vt:thema>http://standaarden.omgevingswet.overheid.nl/thema/id/concept/CultureelErfgoed</vt:thema>
                    <vt:thema>http://standaarden.omgevingswet.overheid.nl/thema/id/concept/ExterneVeiligheid</vt:thema>
                    <vt:thema>http://standaarden.omgevingswet.overheid.nl/thema/id/concept/Gezondheid</vt:thema>
                    <vt:thema>http://standaarden.omgevingswet.overheid.nl/thema/id/concept/Landgebruik</vt:thema>
                    <vt:thema>http://standaarden.omgevingswet.overheid.nl/thema/id/concept/Landschap</vt:thema>
                    <vt:thema>http://standaarden.omgevingswet.overheid.nl/thema/id/concept/Natuur</vt:thema>
                    <vt:thema>http://standaarden.omgevingswet.overheid.nl/thema/id/concept/WaterEnWatersystemen</vt:thema>
                    <vt:divisieaanduiding>
                        <vt:DivisieRef xlink:href="nl.imow-pv25.divisietekst.001000000000000000000028"/>
                    </vt:divisieaanduiding>
                    <vt:hoofdlijnaanduiding>
                        <vt:HoofdlijnRef xlink:href="nl.imow-pv25.hoofdlijn.001000000000000000000001"/>
                        <vt:HoofdlijnRef xlink:href="nl.imow-pv25.hoofdlijn.001000000000000000000005"/>
                        <vt:HoofdlijnRef xlink:href="nl.imow-pv25.hoofdlijn.001000000000000000000004"/>
                        <vt:HoofdlijnRef xlink:href="nl.imow-pv25.hoofdlijn.001000000000000000000007"/>
                        <vt:HoofdlijnRef xlink:href="nl.imow-pv25.hoofdlijn.001000000000000000000002"/>
                        <vt:HoofdlijnRef xlink:href="nl.imow-pv25.hoofdlijn.001000000000000000000003"/>
                        <vt:HoofdlijnRef xlink:href="nl.imow-pv25.hoofdlijn.001000000000000000000006"/>
                    </vt:hoofdlijnaanduiding>
                    <vt:locatieaanduiding>
                        <l:LocatieRef xlink:href="nl.imow-pv25.ambtsgebied.001000000000000000009925"/>
                    </vt:locatieaanduiding>
                </vt:Tekstdeel>
            </ow-dc:owObject>
        </sl:stand>
        <sl:stand>
            <ow-dc:owObject>
                <vt:Tekstdeel>
                    <vt:identificatie>nl.imow-pv25.tekstdeel.001000000000000000000030</vt:identificatie>
                    <vt:idealisatie>http://standaarden.omgevingswet.overheid.nl/idealisatie/id/concept/Exact</vt:idealisatie>
                    <vt:divisieaanduiding>
                        <vt:DivisieRef xlink:href="nl.imow-pv25.divisietekst.001000000000000000000030"/>
                    </vt:divisieaanduiding>
                    <vt:locatieaanduiding>
                        <l:LocatieRef xlink:href="nl.imow-pv25.ambtsgebied.001000000000000000009925"/>
                    </vt:locatieaanduiding>
                </vt:Tekstdeel>
            </ow-dc:owObject>
        </sl:stand>
        <sl:stand>
            <ow-dc:owObject>
                <vt:Tekstdeel>
                    <vt:identificatie>nl.imow-pv25.tekstdeel.001000000000000000000041</vt:identificatie>
                    <vt:idealisatie>http://standaarden.omgevingswet.overheid.nl/idealisatie/id/concept/Exact</vt:idealisatie>
                    <vt:divisieaanduiding>
                        <vt:DivisieRef xlink:href="nl.imow-pv25.divisietekst.001000000000000000000041"/>
                    </vt:divisieaanduiding>
                    <vt:locatieaanduiding>
                        <l:LocatieRef xlink:href="nl.imow-pv25.ambtsgebied.001000000000000000009925"/>
                    </vt:locatieaanduiding>
                </vt:Tekstdeel>
            </ow-dc:owObject>
        </sl:stand>
        <sl:stand>
            <ow-dc:owObject>
                <vt:Tekstdeel>
                    <vt:identificatie>nl.imow-pv25.tekstdeel.001000000000000000000043</vt:identificatie>
                    <vt:idealisatie>http://standaarden.omgevingswet.overheid.nl/idealisatie/id/concept/Exact</vt:idealisatie>
                    <vt:divisieaanduiding>
                        <vt:DivisieRef xlink:href="nl.imow-pv25.divisietekst.001000000000000000000043"/>
                    </vt:divisieaanduiding>
                    <vt:locatieaanduiding>
                        <l:LocatieRef xlink:href="nl.imow-pv25.ambtsgebied.001000000000000000009925"/>
                    </vt:locatieaanduiding>
                </vt:Tekstdeel>
            </ow-dc:owObject>
        </sl:stand>
        <sl:stand>
            <ow-dc:owObject>
                <vt:Tekstdeel>
                    <vt:identificatie>nl.imow-pv25.tekstdeel.001000000000000000000044</vt:identificatie>
                    <vt:idealisatie>http://standaarden.omgevingswet.overheid.nl/idealisatie/id/concept/Exact</vt:idealisatie>
                    <vt:divisieaanduiding>
                        <vt:DivisieRef xlink:href="nl.imow-pv25.divisietekst.001000000000000000000044"/>
                    </vt:divisieaanduiding>
                    <vt:locatieaanduiding>
                        <l:LocatieRef xlink:href="nl.imow-pv25.ambtsgebied.001000000000000000009925"/>
                    </vt:locatieaanduiding>
                </vt:Tekstdeel>
            </ow-dc:owObject>
        </sl:stand>
        <sl:stand>
            <ow-dc:owObject>
                <vt:Tekstdeel>
                    <vt:identificatie>nl.imow-pv25.tekstdeel.001000000000000000000046</vt:identificatie>
                    <vt:idealisatie>http://standaarden.omgevingswet.overheid.nl/idealisatie/id/concept/Exact</vt:idealisatie>
                    <vt:thema>http://standaarden.omgevingswet.overheid.nl/thema/id/concept/Bodem</vt:thema>
                    <vt:thema>http://standaarden.omgevingswet.overheid.nl/thema/id/concept/Bouwwerken</vt:thema>
                    <vt:thema>http://standaarden.omgevingswet.overheid.nl/thema/id/concept/CultureelErfgoed</vt:thema>
                    <vt:thema>http://standaarden.omgevingswet.overheid.nl/thema/id/concept/ExterneVeiligheid</vt:thema>
                    <vt:thema>http://standaarden.omgevingswet.overheid.nl/thema/id/concept/Gezondheid</vt:thema>
                    <vt:thema>http://standaarden.omgevingswet.overheid.nl/thema/id/concept/Landgebruik</vt:thema>
                    <vt:thema>http://standaarden.omgevingswet.overheid.nl/thema/id/concept/Landschap</vt:thema>
                    <vt:thema>http://standaarden.omgevingswet.overheid.nl/thema/id/concept/Natuur</vt:thema>
                    <vt:thema>http://standaarden.omgevingswet.overheid.nl/thema/id/concept/WaterEnWatersystemen</vt:thema>
                    <vt:divisieaanduiding>
                        <vt:DivisieRef xlink:href="nl.imow-pv25.divisietekst.001000000000000000000046"/>
                    </vt:divisieaanduiding>
                    <vt:hoofdlijnaanduiding>
                        <vt:HoofdlijnRef xlink:href="nl.imow-pv25.hoofdlijn.001000000000000000000001"/>
                        <vt:HoofdlijnRef xlink:href="nl.imow-pv25.hoofdlijn.001000000000000000000005"/>
                        <vt:HoofdlijnRef xlink:href="nl.imow-pv25.hoofdlijn.001000000000000000000004"/>
                        <vt:HoofdlijnRef xlink:href="nl.imow-pv25.hoofdlijn.001000000000000000000007"/>
                        <vt:HoofdlijnRef xlink:href="nl.imow-pv25.hoofdlijn.001000000000000000000002"/>
                        <vt:HoofdlijnRef xlink:href="nl.imow-pv25.hoofdlijn.001000000000000000000003"/>
                        <vt:HoofdlijnRef xlink:href="nl.imow-pv25.hoofdlijn.001000000000000000000006"/>
                    </vt:hoofdlijnaanduiding>
                    <vt:locatieaanduiding>
                        <l:LocatieRef xlink:href="nl.imow-pv25.ambtsgebied.001000000000000000009925"/>
                    </vt:locatieaanduiding>
                </vt:Tekstdeel>
            </ow-dc:owObject>
        </sl:stand>
        <sl:stand>
            <ow-dc:owObject>
                <vt:Tekstdeel>
                    <vt:identificatie>nl.imow-pv25.tekstdeel.001000000000000000000047</vt:identificatie>
                    <vt:idealisatie>http://standaarden.omgevingswet.overheid.nl/idealisatie/id/concept/Exact</vt:idealisatie>
                    <vt:thema>http://standaarden.omgevingswet.overheid.nl/thema/id/concept/Bodem</vt:thema>
                    <vt:thema>http://standaarden.omgevingswet.overheid.nl/thema/id/concept/Bouwwerken</vt:thema>
                    <vt:thema>http://standaarden.omgevingswet.overheid.nl/thema/id/concept/CultureelErfgoed</vt:thema>
                    <vt:thema>http://standaarden.omgevingswet.overheid.nl/thema/id/concept/ExterneVeiligheid</vt:thema>
                    <vt:thema>http://standaarden.omgevingswet.overheid.nl/thema/id/concept/Gezondheid</vt:thema>
                    <vt:thema>http://standaarden.omgevingswet.overheid.nl/thema/id/concept/Landgebruik</vt:thema>
                    <vt:thema>http://standaarden.omgevingswet.overheid.nl/thema/id/concept/Landschap</vt:thema>
                    <vt:thema>http://standaarden.omgevingswet.overheid.nl/thema/id/concept/Natuur</vt:thema>
                    <vt:thema>http://standaarden.omgevingswet.overheid.nl/thema/id/concept/WaterEnWatersystemen</vt:thema>
                    <vt:divisieaanduiding>
                        <vt:DivisieRef xlink:href="nl.imow-pv25.divisietekst.001000000000000000000047"/>
                    </vt:divisieaanduiding>
                    <vt:hoofdlijnaanduiding>
                        <vt:HoofdlijnRef xlink:href="nl.imow-pv25.hoofdlijn.001000000000000000000001"/>
                        <vt:HoofdlijnRef xlink:href="nl.imow-pv25.hoofdlijn.001000000000000000000005"/>
                        <vt:HoofdlijnRef xlink:href="nl.imow-pv25.hoofdlijn.001000000000000000000004"/>
                        <vt:HoofdlijnRef xlink:href="nl.imow-pv25.hoofdlijn.001000000000000000000007"/>
                        <vt:HoofdlijnRef xlink:href="nl.imow-pv25.hoofdlijn.001000000000000000000002"/>
                        <vt:HoofdlijnRef xlink:href="nl.imow-pv25.hoofdlijn.001000000000000000000003"/>
                        <vt:HoofdlijnRef xlink:href="nl.imow-pv25.hoofdlijn.001000000000000000000006"/>
                    </vt:hoofdlijnaanduiding>
                    <vt:locatieaanduiding>
                        <l:LocatieRef xlink:href="nl.imow-pv25.ambtsgebied.001000000000000000009925"/>
                    </vt:locatieaanduiding>
                </vt:Tekstdeel>
            </ow-dc:owObject>
        </sl:stand>
        <sl:stand>
            <ow-dc:owObject>
                <vt:Tekstdeel>
                    <vt:identificatie>nl.imow-pv25.tekstdeel.001000000000000000000049</vt:identificatie>
                    <vt:idealisatie>http://standaarden.omgevingswet.overheid.nl/idealisatie/id/concept/Exact</vt:idealisatie>
                    <vt:thema>http://standaarden.omgevingswet.overheid.nl/thema/id/concept/Bodem</vt:thema>
                    <vt:thema>http://standaarden.omgevingswet.overheid.nl/thema/id/concept/Bouwwerken</vt:thema>
                    <vt:thema>http://standaarden.omgevingswet.overheid.nl/thema/id/concept/CultureelErfgoed</vt:thema>
                    <vt:thema>http://standaarden.omgevingswet.overheid.nl/thema/id/concept/ExterneVeiligheid</vt:thema>
                    <vt:thema>http://standaarden.omgevingswet.overheid.nl/thema/id/concept/Gezondheid</vt:thema>
                    <vt:thema>http://standaarden.omgevingswet.overheid.nl/thema/id/concept/Landgebruik</vt:thema>
                    <vt:thema>http://standaarden.omgevingswet.overheid.nl/thema/id/concept/Landschap</vt:thema>
                    <vt:thema>http://standaarden.omgevingswet.overheid.nl/thema/id/concept/Natuur</vt:thema>
                    <vt:thema>http://standaarden.omgevingswet.overheid.nl/thema/id/concept/WaterEnWatersystemen</vt:thema>
                    <vt:divisieaanduiding>
                        <vt:DivisieRef xlink:href="nl.imow-pv25.divisietekst.001000000000000000000049"/>
                    </vt:divisieaanduiding>
                    <vt:hoofdlijnaanduiding>
                        <vt:HoofdlijnRef xlink:href="nl.imow-pv25.hoofdlijn.001000000000000000000001"/>
                        <vt:HoofdlijnRef xlink:href="nl.imow-pv25.hoofdlijn.001000000000000000000005"/>
                        <vt:HoofdlijnRef xlink:href="nl.imow-pv25.hoofdlijn.001000000000000000000004"/>
                        <vt:HoofdlijnRef xlink:href="nl.imow-pv25.hoofdlijn.001000000000000000000007"/>
                        <vt:HoofdlijnRef xlink:href="nl.imow-pv25.hoofdlijn.001000000000000000000002"/>
                        <vt:HoofdlijnRef xlink:href="nl.imow-pv25.hoofdlijn.001000000000000000000003"/>
                        <vt:HoofdlijnRef xlink:href="nl.imow-pv25.hoofdlijn.001000000000000000000006"/>
                    </vt:hoofdlijnaanduiding>
                    <vt:locatieaanduiding>
                        <l:LocatieRef xlink:href="nl.imow-pv25.ambtsgebied.001000000000000000009925"/>
                    </vt:locatieaanduiding>
                </vt:Tekstdeel>
            </ow-dc:owObject>
        </sl:stand>
        <sl:stand>
            <ow-dc:owObject>
                <vt:Tekstdeel>
                    <vt:identificatie>nl.imow-pv25.tekstdeel.001000000000000000000051</vt:identificatie>
                    <vt:idealisatie>http://standaarden.omgevingswet.overheid.nl/idealisatie/id/concept/Exact</vt:idealisatie>
                    <vt:thema>http://standaarden.omgevingswet.overheid.nl/thema/id/concept/Bodem</vt:thema>
                    <vt:thema>http://standaarden.omgevingswet.overheid.nl/thema/id/concept/Bouwwerken</vt:thema>
                    <vt:thema>http://standaarden.omgevingswet.overheid.nl/thema/id/concept/CultureelErfgoed</vt:thema>
                    <vt:thema>http://standaarden.omgevingswet.overheid.nl/thema/id/concept/ExterneVeiligheid</vt:thema>
                    <vt:thema>http://standaarden.omgevingswet.overheid.nl/thema/id/concept/Gezondheid</vt:thema>
                    <vt:thema>http://standaarden.omgevingswet.overheid.nl/thema/id/concept/Landgebruik</vt:thema>
                    <vt:thema>http://standaarden.omgevingswet.overheid.nl/thema/id/concept/Landschap</vt:thema>
                    <vt:thema>http://standaarden.omgevingswet.overheid.nl/thema/id/concept/Natuur</vt:thema>
                    <vt:thema>http://standaarden.omgevingswet.overheid.nl/thema/id/concept/WaterEnWatersystemen</vt:thema>
                    <vt:divisieaanduiding>
                        <vt:DivisieRef xlink:href="nl.imow-pv25.divisietekst.001000000000000000000051"/>
                    </vt:divisieaanduiding>
                    <vt:hoofdlijnaanduiding>
                        <vt:HoofdlijnRef xlink:href="nl.imow-pv25.hoofdlijn.001000000000000000000001"/>
                        <vt:HoofdlijnRef xlink:href="nl.imow-pv25.hoofdlijn.001000000000000000000005"/>
                        <vt:HoofdlijnRef xlink:href="nl.imow-pv25.hoofdlijn.001000000000000000000004"/>
                        <vt:HoofdlijnRef xlink:href="nl.imow-pv25.hoofdlijn.001000000000000000000007"/>
                        <vt:HoofdlijnRef xlink:href="nl.imow-pv25.hoofdlijn.001000000000000000000002"/>
                        <vt:HoofdlijnRef xlink:href="nl.imow-pv25.hoofdlijn.001000000000000000000003"/>
                        <vt:HoofdlijnRef xlink:href="nl.imow-pv25.hoofdlijn.001000000000000000000006"/>
                    </vt:hoofdlijnaanduiding>
                    <vt:locatieaanduiding>
                        <l:LocatieRef xlink:href="nl.imow-pv25.ambtsgebied.001000000000000000009925"/>
                    </vt:locatieaanduiding>
                </vt:Tekstdeel>
            </ow-dc:owObject>
        </sl:stand>
        <sl:stand>
            <ow-dc:owObject>
                <vt:Tekstdeel>
                    <vt:identificatie>nl.imow-pv25.tekstdeel.001000000000000000000053</vt:identificatie>
                    <vt:idealisatie>http://standaarden.omgevingswet.overheid.nl/idealisatie/id/concept/Exact</vt:idealisatie>
                    <vt:thema>http://standaarden.omgevingswet.overheid.nl/thema/id/concept/Bodem</vt:thema>
                    <vt:thema>http://standaarden.omgevingswet.overheid.nl/thema/id/concept/Bouwwerken</vt:thema>
                    <vt:thema>http://standaarden.omgevingswet.overheid.nl/thema/id/concept/CultureelErfgoed</vt:thema>
                    <vt:thema>http://standaarden.omgevingswet.overheid.nl/thema/id/concept/ExterneVeiligheid</vt:thema>
                    <vt:thema>http://standaarden.omgevingswet.overheid.nl/thema/id/concept/Gezondheid</vt:thema>
                    <vt:thema>http://standaarden.omgevingswet.overheid.nl/thema/id/concept/Landgebruik</vt:thema>
                    <vt:thema>http://standaarden.omgevingswet.overheid.nl/thema/id/concept/Landschap</vt:thema>
                    <vt:thema>http://standaarden.omgevingswet.overheid.nl/thema/id/concept/Natuur</vt:thema>
                    <vt:thema>http://standaarden.omgevingswet.overheid.nl/thema/id/concept/WaterEnWatersystemen</vt:thema>
                    <vt:divisieaanduiding>
                        <vt:DivisieRef xlink:href="nl.imow-pv25.divisietekst.001000000000000000000053"/>
                    </vt:divisieaanduiding>
                    <vt:hoofdlijnaanduiding>
                        <vt:HoofdlijnRef xlink:href="nl.imow-pv25.hoofdlijn.001000000000000000000001"/>
                        <vt:HoofdlijnRef xlink:href="nl.imow-pv25.hoofdlijn.001000000000000000000005"/>
                        <vt:HoofdlijnRef xlink:href="nl.imow-pv25.hoofdlijn.001000000000000000000004"/>
                        <vt:HoofdlijnRef xlink:href="nl.imow-pv25.hoofdlijn.001000000000000000000007"/>
                        <vt:HoofdlijnRef xlink:href="nl.imow-pv25.hoofdlijn.001000000000000000000002"/>
                        <vt:HoofdlijnRef xlink:href="nl.imow-pv25.hoofdlijn.001000000000000000000003"/>
                        <vt:HoofdlijnRef xlink:href="nl.imow-pv25.hoofdlijn.001000000000000000000006"/>
                    </vt:hoofdlijnaanduiding>
                    <vt:locatieaanduiding>
                        <l:LocatieRef xlink:href="nl.imow-pv25.ambtsgebied.001000000000000000009925"/>
                    </vt:locatieaanduiding>
                </vt:Tekstdeel>
            </ow-dc:owObject>
        </sl:stand>
        <sl:stand>
            <ow-dc:owObject>
                <vt:Tekstdeel>
                    <vt:identificatie>nl.imow-pv25.tekstdeel.001000000000000000000055</vt:identificatie>
                    <vt:idealisatie>http://standaarden.omgevingswet.overheid.nl/idealisatie/id/concept/Exact</vt:idealisatie>
                    <vt:thema>http://standaarden.omgevingswet.overheid.nl/thema/id/concept/Bodem</vt:thema>
                    <vt:thema>http://standaarden.omgevingswet.overheid.nl/thema/id/concept/Bouwwerken</vt:thema>
                    <vt:thema>http://standaarden.omgevingswet.overheid.nl/thema/id/concept/CultureelErfgoed</vt:thema>
                    <vt:thema>http://standaarden.omgevingswet.overheid.nl/thema/id/concept/ExterneVeiligheid</vt:thema>
                    <vt:thema>http://standaarden.omgevingswet.overheid.nl/thema/id/concept/Gezondheid</vt:thema>
                    <vt:thema>http://standaarden.omgevingswet.overheid.nl/thema/id/concept/Landgebruik</vt:thema>
                    <vt:thema>http://standaarden.omgevingswet.overheid.nl/thema/id/concept/Landschap</vt:thema>
                    <vt:thema>http://standaarden.omgevingswet.overheid.nl/thema/id/concept/Natuur</vt:thema>
                    <vt:thema>http://standaarden.omgevingswet.overheid.nl/thema/id/concept/WaterEnWatersystemen</vt:thema>
                    <vt:divisieaanduiding>
                        <vt:DivisieRef xlink:href="nl.imow-pv25.divisietekst.001000000000000000000055"/>
                    </vt:divisieaanduiding>
                    <vt:hoofdlijnaanduiding>
                        <vt:HoofdlijnRef xlink:href="nl.imow-pv25.hoofdlijn.001000000000000000000001"/>
                        <vt:HoofdlijnRef xlink:href="nl.imow-pv25.hoofdlijn.001000000000000000000005"/>
                        <vt:HoofdlijnRef xlink:href="nl.imow-pv25.hoofdlijn.001000000000000000000004"/>
                        <vt:HoofdlijnRef xlink:href="nl.imow-pv25.hoofdlijn.001000000000000000000007"/>
                        <vt:HoofdlijnRef xlink:href="nl.imow-pv25.hoofdlijn.001000000000000000000002"/>
                        <vt:HoofdlijnRef xlink:href="nl.imow-pv25.hoofdlijn.001000000000000000000003"/>
                        <vt:HoofdlijnRef xlink:href="nl.imow-pv25.hoofdlijn.001000000000000000000006"/>
                    </vt:hoofdlijnaanduiding>
                    <vt:locatieaanduiding>
                        <l:LocatieRef xlink:href="nl.imow-pv25.ambtsgebied.001000000000000000009925"/>
                    </vt:locatieaanduiding>
                </vt:Tekstdeel>
            </ow-dc:owObject>
        </sl:stand>
        <sl:stand>
            <ow-dc:owObject>
                <vt:Tekstdeel>
                    <vt:identificatie>nl.imow-pv25.tekstdeel.001000000000000000000057</vt:identificatie>
                    <vt:idealisatie>http://standaarden.omgevingswet.overheid.nl/idealisatie/id/concept/Indicatief</vt:idealisatie>
                    <vt:thema>http://standaarden.omgevingswet.overheid.nl/thema/id/concept/Bodem</vt:thema>
                    <vt:thema>http://standaarden.omgevingswet.overheid.nl/thema/id/concept/Bouwwerken</vt:thema>
                    <vt:thema>http://standaarden.omgevingswet.overheid.nl/thema/id/concept/CultureelErfgoed</vt:thema>
                    <vt:thema>http://standaarden.omgevingswet.overheid.nl/thema/id/concept/ExterneVeiligheid</vt:thema>
                    <vt:thema>http://standaarden.omgevingswet.overheid.nl/thema/id/concept/Gezondheid</vt:thema>
                    <vt:thema>http://standaarden.omgevingswet.overheid.nl/thema/id/concept/Landgebruik</vt:thema>
                    <vt:thema>http://standaarden.omgevingswet.overheid.nl/thema/id/concept/Landschap</vt:thema>
                    <vt:thema>http://standaarden.omgevingswet.overheid.nl/thema/id/concept/Natuur</vt:thema>
                    <vt:thema>http://standaarden.omgevingswet.overheid.nl/thema/id/concept/WaterEnWatersystemen</vt:thema>
                    <vt:divisieaanduiding>
                        <vt:DivisieRef xlink:href="nl.imow-pv25.divisietekst.001000000000000000000057"/>
                    </vt:divisieaanduiding>
                    <vt:hoofdlijnaanduiding>
                        <vt:HoofdlijnRef xlink:href="nl.imow-pv25.hoofdlijn.001000000000000000000001"/>
                        <vt:HoofdlijnRef xlink:href="nl.imow-pv25.hoofdlijn.001000000000000000000005"/>
                        <vt:HoofdlijnRef xlink:href="nl.imow-pv25.hoofdlijn.001000000000000000000004"/>
                        <vt:HoofdlijnRef xlink:href="nl.imow-pv25.hoofdlijn.001000000000000000000007"/>
                        <vt:HoofdlijnRef xlink:href="nl.imow-pv25.hoofdlijn.001000000000000000000002"/>
                        <vt:HoofdlijnRef xlink:href="nl.imow-pv25.hoofdlijn.001000000000000000000003"/>
                        <vt:HoofdlijnRef xlink:href="nl.imow-pv25.hoofdlijn.001000000000000000000006"/>
                    </vt:hoofdlijnaanduiding>
                    <vt:locatieaanduiding>
                        <l:LocatieRef xlink:href="nl.imow-pv25.gebiedengroep.001000000000000000000120"/>
                    </vt:locatieaanduiding>
                </vt:Tekstdeel>
            </ow-dc:owObject>
        </sl:stand>
        <sl:stand>
            <ow-dc:owObject>
                <vt:Tekstdeel>
                    <vt:identificatie>nl.imow-pv25.tekstdeel.001000000000000000000058</vt:identificatie>
                    <vt:idealisatie>http://standaarden.omgevingswet.overheid.nl/idealisatie/id/concept/Exact</vt:idealisatie>
                    <vt:thema>http://standaarden.omgevingswet.overheid.nl/thema/id/concept/Bodem</vt:thema>
                    <vt:thema>http://standaarden.omgevingswet.overheid.nl/thema/id/concept/Bouwwerken</vt:thema>
                    <vt:thema>http://standaarden.omgevingswet.overheid.nl/thema/id/concept/CultureelErfgoed</vt:thema>
                    <vt:thema>http://standaarden.omgevingswet.overheid.nl/thema/id/concept/ExterneVeiligheid</vt:thema>
                    <vt:thema>http://standaarden.omgevingswet.overheid.nl/thema/id/concept/Gezondheid</vt:thema>
                    <vt:thema>http://standaarden.omgevingswet.overheid.nl/thema/id/concept/Landgebruik</vt:thema>
                    <vt:thema>http://standaarden.omgevingswet.overheid.nl/thema/id/concept/Landschap</vt:thema>
                    <vt:thema>http://standaarden.omgevingswet.overheid.nl/thema/id/concept/Natuur</vt:thema>
                    <vt:thema>http://standaarden.omgevingswet.overheid.nl/thema/id/concept/WaterEnWatersystemen</vt:thema>
                    <vt:divisieaanduiding>
                        <vt:DivisieRef xlink:href="nl.imow-pv25.divisietekst.001000000000000000000058"/>
                    </vt:divisieaanduiding>
                    <vt:hoofdlijnaanduiding>
                        <vt:HoofdlijnRef xlink:href="nl.imow-pv25.hoofdlijn.001000000000000000000001"/>
                        <vt:HoofdlijnRef xlink:href="nl.imow-pv25.hoofdlijn.001000000000000000000005"/>
                        <vt:HoofdlijnRef xlink:href="nl.imow-pv25.hoofdlijn.001000000000000000000004"/>
                        <vt:HoofdlijnRef xlink:href="nl.imow-pv25.hoofdlijn.001000000000000000000007"/>
                        <vt:HoofdlijnRef xlink:href="nl.imow-pv25.hoofdlijn.001000000000000000000002"/>
                        <vt:HoofdlijnRef xlink:href="nl.imow-pv25.hoofdlijn.001000000000000000000003"/>
                        <vt:HoofdlijnRef xlink:href="nl.imow-pv25.hoofdlijn.001000000000000000000006"/>
                    </vt:hoofdlijnaanduiding>
                    <vt:locatieaanduiding>
                        <l:LocatieRef xlink:href="nl.imow-pv25.gebiedengroep.001000000000000000000120"/>
                    </vt:locatieaanduiding>
                </vt:Tekstdeel>
            </ow-dc:owObject>
        </sl:stand>
        <sl:stand>
            <ow-dc:owObject>
                <vt:Tekstdeel>
                    <vt:identificatie>nl.imow-pv25.tekstdeel.001000000000000000000059</vt:identificatie>
                    <vt:idealisatie>http://standaarden.omgevingswet.overheid.nl/idealisatie/id/concept/Exact</vt:idealisatie>
                    <vt:thema>http://standaarden.omgevingswet.overheid.nl/thema/id/concept/Bodem</vt:thema>
                    <vt:thema>http://standaarden.omgevingswet.overheid.nl/thema/id/concept/Bouwwerken</vt:thema>
                    <vt:thema>http://standaarden.omgevingswet.overheid.nl/thema/id/concept/CultureelErfgoed</vt:thema>
                    <vt:thema>http://standaarden.omgevingswet.overheid.nl/thema/id/concept/ExterneVeiligheid</vt:thema>
                    <vt:thema>http://standaarden.omgevingswet.overheid.nl/thema/id/concept/Gezondheid</vt:thema>
                    <vt:thema>http://standaarden.omgevingswet.overheid.nl/thema/id/concept/Landgebruik</vt:thema>
                    <vt:thema>http://standaarden.omgevingswet.overheid.nl/thema/id/concept/Landschap</vt:thema>
                    <vt:thema>http://standaarden.omgevingswet.overheid.nl/thema/id/concept/Natuur</vt:thema>
                    <vt:thema>http://standaarden.omgevingswet.overheid.nl/thema/id/concept/WaterEnWatersystemen</vt:thema>
                    <vt:divisieaanduiding>
                        <vt:DivisieRef xlink:href="nl.imow-pv25.divisietekst.001000000000000000000059"/>
                    </vt:divisieaanduiding>
                    <vt:hoofdlijnaanduiding>
                        <vt:HoofdlijnRef xlink:href="nl.imow-pv25.hoofdlijn.001000000000000000000001"/>
                        <vt:HoofdlijnRef xlink:href="nl.imow-pv25.hoofdlijn.001000000000000000000005"/>
                        <vt:HoofdlijnRef xlink:href="nl.imow-pv25.hoofdlijn.001000000000000000000004"/>
                        <vt:HoofdlijnRef xlink:href="nl.imow-pv25.hoofdlijn.001000000000000000000007"/>
                        <vt:HoofdlijnRef xlink:href="nl.imow-pv25.hoofdlijn.001000000000000000000002"/>
                        <vt:HoofdlijnRef xlink:href="nl.imow-pv25.hoofdlijn.001000000000000000000003"/>
                        <vt:HoofdlijnRef xlink:href="nl.imow-pv25.hoofdlijn.001000000000000000000006"/>
                    </vt:hoofdlijnaanduiding>
                    <vt:locatieaanduiding>
                        <l:LocatieRef xlink:href="nl.imow-pv25.ambtsgebied.001000000000000000009925"/>
                    </vt:locatieaanduiding>
                </vt:Tekstdeel>
            </ow-dc:owObject>
        </sl:stand>
        <sl:stand>
            <ow-dc:owObject>
                <vt:Tekstdeel>
                    <vt:identificatie>nl.imow-pv25.tekstdeel.001000000000000000000061</vt:identificatie>
                    <vt:idealisatie>http://standaarden.omgevingswet.overheid.nl/idealisatie/id/concept/Exact</vt:idealisatie>
                    <vt:thema>http://standaarden.omgevingswet.overheid.nl/thema/id/concept/Bodem</vt:thema>
                    <vt:thema>http://standaarden.omgevingswet.overheid.nl/thema/id/concept/Bouwwerken</vt:thema>
                    <vt:thema>http://standaarden.omgevingswet.overheid.nl/thema/id/concept/CultureelErfgoed</vt:thema>
                    <vt:thema>http://standaarden.omgevingswet.overheid.nl/thema/id/concept/ExterneVeiligheid</vt:thema>
                    <vt:thema>http://standaarden.omgevingswet.overheid.nl/thema/id/concept/Gezondheid</vt:thema>
                    <vt:thema>http://standaarden.omgevingswet.overheid.nl/thema/id/concept/Landgebruik</vt:thema>
                    <vt:thema>http://standaarden.omgevingswet.overheid.nl/thema/id/concept/Landschap</vt:thema>
                    <vt:thema>http://standaarden.omgevingswet.overheid.nl/thema/id/concept/Natuur</vt:thema>
                    <vt:thema>http://standaarden.omgevingswet.overheid.nl/thema/id/concept/WaterEnWatersystemen</vt:thema>
                    <vt:divisieaanduiding>
                        <vt:DivisieRef xlink:href="nl.imow-pv25.divisietekst.001000000000000000000061"/>
                    </vt:divisieaanduiding>
                    <vt:hoofdlijnaanduiding>
                        <vt:HoofdlijnRef xlink:href="nl.imow-pv25.hoofdlijn.001000000000000000000001"/>
                        <vt:HoofdlijnRef xlink:href="nl.imow-pv25.hoofdlijn.001000000000000000000005"/>
                        <vt:HoofdlijnRef xlink:href="nl.imow-pv25.hoofdlijn.001000000000000000000004"/>
                        <vt:HoofdlijnRef xlink:href="nl.imow-pv25.hoofdlijn.001000000000000000000007"/>
                        <vt:HoofdlijnRef xlink:href="nl.imow-pv25.hoofdlijn.001000000000000000000002"/>
                        <vt:HoofdlijnRef xlink:href="nl.imow-pv25.hoofdlijn.001000000000000000000003"/>
                        <vt:HoofdlijnRef xlink:href="nl.imow-pv25.hoofdlijn.001000000000000000000006"/>
                    </vt:hoofdlijnaanduiding>
                    <vt:locatieaanduiding>
                        <l:LocatieRef xlink:href="nl.imow-pv25.ambtsgebied.001000000000000000009925"/>
                    </vt:locatieaanduiding>
                </vt:Tekstdeel>
            </ow-dc:owObject>
        </sl:stand>
        <sl:stand>
            <ow-dc:owObject>
                <vt:Tekstdeel>
                    <vt:identificatie>nl.imow-pv25.tekstdeel.001000000000000000000063</vt:identificatie>
                    <vt:idealisatie>http://standaarden.omgevingswet.overheid.nl/idealisatie/id/concept/Exact</vt:idealisatie>
                    <vt:thema>http://standaarden.omgevingswet.overheid.nl/thema/id/concept/Bodem</vt:thema>
                    <vt:thema>http://standaarden.omgevingswet.overheid.nl/thema/id/concept/Bouwwerken</vt:thema>
                    <vt:thema>http://standaarden.omgevingswet.overheid.nl/thema/id/concept/CultureelErfgoed</vt:thema>
                    <vt:thema>http://standaarden.omgevingswet.overheid.nl/thema/id/concept/ExterneVeiligheid</vt:thema>
                    <vt:thema>http://standaarden.omgevingswet.overheid.nl/thema/id/concept/Gezondheid</vt:thema>
                    <vt:thema>http://standaarden.omgevingswet.overheid.nl/thema/id/concept/Landgebruik</vt:thema>
                    <vt:thema>http://standaarden.omgevingswet.overheid.nl/thema/id/concept/Landschap</vt:thema>
                    <vt:thema>http://standaarden.omgevingswet.overheid.nl/thema/id/concept/Natuur</vt:thema>
                    <vt:thema>http://standaarden.omgevingswet.overheid.nl/thema/id/concept/WaterEnWatersystemen</vt:thema>
                    <vt:divisieaanduiding>
                        <vt:DivisieRef xlink:href="nl.imow-pv25.divisietekst.001000000000000000000063"/>
                    </vt:divisieaanduiding>
                    <vt:hoofdlijnaanduiding>
                        <vt:HoofdlijnRef xlink:href="nl.imow-pv25.hoofdlijn.001000000000000000000001"/>
                        <vt:HoofdlijnRef xlink:href="nl.imow-pv25.hoofdlijn.001000000000000000000005"/>
                        <vt:HoofdlijnRef xlink:href="nl.imow-pv25.hoofdlijn.001000000000000000000004"/>
                        <vt:HoofdlijnRef xlink:href="nl.imow-pv25.hoofdlijn.001000000000000000000007"/>
                        <vt:HoofdlijnRef xlink:href="nl.imow-pv25.hoofdlijn.001000000000000000000002"/>
                        <vt:HoofdlijnRef xlink:href="nl.imow-pv25.hoofdlijn.001000000000000000000003"/>
                        <vt:HoofdlijnRef xlink:href="nl.imow-pv25.hoofdlijn.001000000000000000000006"/>
                    </vt:hoofdlijnaanduiding>
                    <vt:locatieaanduiding>
                        <l:LocatieRef xlink:href="nl.imow-pv25.ambtsgebied.001000000000000000009925"/>
                    </vt:locatieaanduiding>
                </vt:Tekstdeel>
            </ow-dc:owObject>
        </sl:stand>
        <sl:stand>
            <ow-dc:owObject>
                <vt:Tekstdeel>
                    <vt:identificatie>nl.imow-pv25.tekstdeel.001000000000000000000065</vt:identificatie>
                    <vt:idealisatie>http://standaarden.omgevingswet.overheid.nl/idealisatie/id/concept/Exact</vt:idealisatie>
                    <vt:thema>http://standaarden.omgevingswet.overheid.nl/thema/id/concept/Bodem</vt:thema>
                    <vt:thema>http://standaarden.omgevingswet.overheid.nl/thema/id/concept/Bouwwerken</vt:thema>
                    <vt:thema>http://standaarden.omgevingswet.overheid.nl/thema/id/concept/CultureelErfgoed</vt:thema>
                    <vt:thema>http://standaarden.omgevingswet.overheid.nl/thema/id/concept/ExterneVeiligheid</vt:thema>
                    <vt:thema>http://standaarden.omgevingswet.overheid.nl/thema/id/concept/Gezondheid</vt:thema>
                    <vt:thema>http://standaarden.omgevingswet.overheid.nl/thema/id/concept/Landgebruik</vt:thema>
                    <vt:thema>http://standaarden.omgevingswet.overheid.nl/thema/id/concept/Landschap</vt:thema>
                    <vt:thema>http://standaarden.omgevingswet.overheid.nl/thema/id/concept/Natuur</vt:thema>
                    <vt:thema>http://standaarden.omgevingswet.overheid.nl/thema/id/concept/WaterEnWatersystemen</vt:thema>
                    <vt:divisieaanduiding>
                        <vt:DivisieRef xlink:href="nl.imow-pv25.divisietekst.001000000000000000000065"/>
                    </vt:divisieaanduiding>
                    <vt:hoofdlijnaanduiding>
                        <vt:HoofdlijnRef xlink:href="nl.imow-pv25.hoofdlijn.001000000000000000000001"/>
                        <vt:HoofdlijnRef xlink:href="nl.imow-pv25.hoofdlijn.001000000000000000000005"/>
                        <vt:HoofdlijnRef xlink:href="nl.imow-pv25.hoofdlijn.001000000000000000000004"/>
                        <vt:HoofdlijnRef xlink:href="nl.imow-pv25.hoofdlijn.001000000000000000000007"/>
                        <vt:HoofdlijnRef xlink:href="nl.imow-pv25.hoofdlijn.001000000000000000000002"/>
                        <vt:HoofdlijnRef xlink:href="nl.imow-pv25.hoofdlijn.001000000000000000000003"/>
                        <vt:HoofdlijnRef xlink:href="nl.imow-pv25.hoofdlijn.001000000000000000000006"/>
                    </vt:hoofdlijnaanduiding>
                    <vt:locatieaanduiding>
                        <l:LocatieRef xlink:href="nl.imow-pv25.ambtsgebied.001000000000000000009925"/>
                    </vt:locatieaanduiding>
                </vt:Tekstdeel>
            </ow-dc:owObject>
        </sl:stand>
        <sl:stand>
            <ow-dc:owObject>
                <vt:Tekstdeel>
                    <vt:identificatie>nl.imow-pv25.tekstdeel.001000000000000000000067</vt:identificatie>
                    <vt:idealisatie>http://standaarden.omgevingswet.overheid.nl/idealisatie/id/concept/Exact</vt:idealisatie>
                    <vt:thema>http://standaarden.omgevingswet.overheid.nl/thema/id/concept/Bodem</vt:thema>
                    <vt:thema>http://standaarden.omgevingswet.overheid.nl/thema/id/concept/Bouwwerken</vt:thema>
                    <vt:thema>http://standaarden.omgevingswet.overheid.nl/thema/id/concept/CultureelErfgoed</vt:thema>
                    <vt:thema>http://standaarden.omgevingswet.overheid.nl/thema/id/concept/ExterneVeiligheid</vt:thema>
                    <vt:thema>http://standaarden.omgevingswet.overheid.nl/thema/id/concept/Gezondheid</vt:thema>
                    <vt:thema>http://standaarden.omgevingswet.overheid.nl/thema/id/concept/Landgebruik</vt:thema>
                    <vt:thema>http://standaarden.omgevingswet.overheid.nl/thema/id/concept/Landschap</vt:thema>
                    <vt:thema>http://standaarden.omgevingswet.overheid.nl/thema/id/concept/Natuur</vt:thema>
                    <vt:thema>http://standaarden.omgevingswet.overheid.nl/thema/id/concept/WaterEnWatersystemen</vt:thema>
                    <vt:divisieaanduiding>
                        <vt:DivisieRef xlink:href="nl.imow-pv25.divisietekst.001000000000000000000067"/>
                    </vt:divisieaanduiding>
                    <vt:hoofdlijnaanduiding>
                        <vt:HoofdlijnRef xlink:href="nl.imow-pv25.hoofdlijn.001000000000000000000001"/>
                        <vt:HoofdlijnRef xlink:href="nl.imow-pv25.hoofdlijn.001000000000000000000005"/>
                        <vt:HoofdlijnRef xlink:href="nl.imow-pv25.hoofdlijn.001000000000000000000004"/>
                        <vt:HoofdlijnRef xlink:href="nl.imow-pv25.hoofdlijn.001000000000000000000007"/>
                        <vt:HoofdlijnRef xlink:href="nl.imow-pv25.hoofdlijn.001000000000000000000002"/>
                        <vt:HoofdlijnRef xlink:href="nl.imow-pv25.hoofdlijn.001000000000000000000003"/>
                        <vt:HoofdlijnRef xlink:href="nl.imow-pv25.hoofdlijn.001000000000000000000006"/>
                    </vt:hoofdlijnaanduiding>
                    <vt:locatieaanduiding>
                        <l:LocatieRef xlink:href="nl.imow-pv25.ambtsgebied.001000000000000000009925"/>
                    </vt:locatieaanduiding>
                </vt:Tekstdeel>
            </ow-dc:owObject>
        </sl:stand>
    </sl:standBestand>
</ow-dc:owBestand>
