<InformatieObjectVersieMetadata schemaversie="1.3.0" xmlns="https://standaarden.overheid.nl/stop/imop/data/">
    <heeftBestanden>
        <heeftBestand>
            <Bestand>
                <bestandsnaam>GIO-c026ccd5.gml</bestandsnaam>
                <hash>e21dd12f2f68baccc2a7faa43cf28e7f10d8d6a1ec75c91f49ebcb493707ee9a4ff83e96f345b0b80c050604515f3da682538d51e11e217a7f2655502b3cea1b</hash>
            </Bestand>
        </heeftBestand>
    </heeftBestanden>
    <heeftGeboorteregeling>/akn/nl/act/pv28/2024/ZHOV</heeftGeboorteregeling>
</InformatieObjectVersieMetadata>