<data:RegelingMetadata xmlns:data="https://standaarden.overheid.nl/stop/imop/data/"
                       xmlns:lvbbu="https://standaarden.overheid.nl/lvbb/stop/uitlevering/">
   <data:alternatieveTitels>
      <data:alternatieveTitel>Verordening houdende regels over de fysieke leefomgeving</data:alternatieveTitel>
   </data:alternatieveTitels>
   <data:heeftCiteertitelInformatie>
      <data:CiteertitelInformatie>
         <data:citeertitel>Zuid-Hollandse Omgevingsverordening</data:citeertitel>
         <data:isOfficieel>true</data:isOfficieel>
      </data:CiteertitelInformatie>
   </data:heeftCiteertitelInformatie>
   <data:eindverantwoordelijke>/tooi/id/provincie/pv28</data:eindverantwoordelijke>
   <data:maker>/tooi/id/provincie/pv28</data:maker>
   <data:officieleTitel>Zuid-Hollandse Omgevingsverordening</data:officieleTitel>
   <data:onderwerpen>
      <data:onderwerp>/tooi/def/concept/c_f4679acc</data:onderwerp>
   </data:onderwerpen>
   <data:overheidsdomeinen>
      <data:overheidsdomein>/tooi/def/concept/c_3708ac5e</data:overheidsdomein>
      <data:overheidsdomein>/tooi/def/concept/c_86b84a9d</data:overheidsdomein>
   </data:overheidsdomeinen>
   <data:rechtsgebieden>
      <data:rechtsgebied>/tooi/def/concept/c_638d8062</data:rechtsgebied>
      <data:rechtsgebied>/tooi/def/concept/c_8ad05f6d</data:rechtsgebied>
   </data:rechtsgebieden>
   <data:soortRegeling>/join/id/stop/regelingtype_004</data:soortRegeling>
   <data:soortBestuursorgaan>/tooi/def/thes/kern/c_411b4e4a</data:soortBestuursorgaan>
</data:RegelingMetadata>
