<InformatieObjectVersieMetadata schemaversie="1.3.0" xmlns="https://standaarden.overheid.nl/stop/imop/data/">
    <heeftBestanden>
        <heeftBestand>
            <Bestand>
                <bestandsnaam>GIO-3fd83078.gml</bestandsnaam>
                <hash>462be84d5765723d90c148fb13fd16302216d8b188de78fa8a7f0fff94235e5e59d55958c992096c0f97597870d1172a3900b5014877eea63ff619a8a8e8a973</hash>
            </Bestand>
        </heeftBestand>
    </heeftBestanden>
    <heeftGeboorteregeling>/akn/nl/act/pv28/2024/ZHOV</heeftGeboorteregeling>
</InformatieObjectVersieMetadata>