<InformatieObjectVersieMetadata schemaversie="1.3.0" xmlns="https://standaarden.overheid.nl/stop/imop/data/">
    <heeftBestanden>
        <heeftBestand>
            <Bestand>
                <bestandsnaam>GIO-ff85d090.gml</bestandsnaam>
                <hash>f7f4df1d732ae79e7a12d354271d49253fd550560ab5cbf98c4dd28985e2457db8a68bfc94079f5e7b5288815a3223bf790765af12a786b57bb4a35843996b56</hash>
            </Bestand>
        </heeftBestand>
    </heeftBestanden>
    <heeftGeboorteregeling>/akn/nl/act/pv28/2024/ZHOV</heeftGeboorteregeling>
</InformatieObjectVersieMetadata>