<InformatieObjectVersieMetadata schemaversie="1.3.0" xmlns="https://standaarden.overheid.nl/stop/imop/data/">
    <heeftBestanden>
        <heeftBestand>
            <Bestand>
                <bestandsnaam>GIO-31c7a045.gml</bestandsnaam>
                <hash>ea383722c8041645eb11b5029d5ed8fe2a137ed74c7c593519084df6ccbcb4d36d77ecf70c9a9698ce679fef4a5b8fe7966f05775dbf7fcf0024fd09fe7459f9</hash>
            </Bestand>
        </heeftBestand>
    </heeftBestanden>
    <heeftGeboorteregeling>/akn/nl/act/pv28/2024/ZHOV</heeftGeboorteregeling>
</InformatieObjectVersieMetadata>