<InformatieObjectVersieMetadata schemaversie="1.3.0" xmlns="https://standaarden.overheid.nl/stop/imop/data/">
    <heeftBestanden>
        <heeftBestand>
            <Bestand>
                <bestandsnaam>GIO-80617f6d.gml</bestandsnaam>
                <hash>5b12ade3f6cd4c434c289ea59dbc48c2321be889aaef8aae9d7f996ac76087dbfb1e7c3b5ed81540abfc7b3c38ed4dbf0efc4adeff33ddb07c25022fa4e8e64a</hash>
            </Bestand>
        </heeftBestand>
    </heeftBestanden>
    <heeftGeboorteregeling>/akn/nl/act/pv28/2024/ZHOV</heeftGeboorteregeling>
</InformatieObjectVersieMetadata>