<InformatieObjectVersieMetadata schemaversie="1.3.0" xmlns="https://standaarden.overheid.nl/stop/imop/data/">
    <heeftBestanden>
        <heeftBestand>
            <Bestand>
                <bestandsnaam>GIO-58a27530.gml</bestandsnaam>
                <hash>220cb6899d0ee9d41cb1034df07a05b22796e5a0ec8f7b21ee9ac42699354b4790d93f1f237fb12e4918d83ca0c8772911123fccbb68c8f499b89640a987d81d</hash>
            </Bestand>
        </heeftBestand>
    </heeftBestanden>
    <heeftGeboorteregeling>/akn/nl/act/pv28/2024/ZHOV</heeftGeboorteregeling>
</InformatieObjectVersieMetadata>