<?xml version="1.0" encoding="UTF-8" standalone="yes"?>
<ow-dc:owBestand xmlns:rol="http://www.geostandaarden.nl/imow/regelsoplocatie" xmlns:schemaLocation="http://www.geostandaarden.nl/imow/bestanden/deelbestand https://register.geostandaarden.nl/xmlschema/tpod/v2.0.0/bestanden-ow/deelbestand-ow/IMOW_Deelbestand.xsd" xmlns:rg="http://www.geostandaarden.nl/imow/regelingsgebied" xmlns:da="http://www.geostandaarden.nl/imow/datatypenalgemeen" xmlns:l="http://www.geostandaarden.nl/imow/locatie" xmlns:sym="http://www.geostandaarden.nl/imow/symbolisatie" xmlns:xsi="http://www.w3.org/2001/XMLSchema-instance" xmlns:kaart="http://www.geostandaarden.nl/imow/kaart" xmlns="http://www.geostandaarden.nl/bestanden-ow/manifest-ow" xmlns:xlink="http://www.w3.org/1999/xlink" xmlns:ow-dc="http://www.geostandaarden.nl/imow/bestanden/deelbestand" xmlns:ga="http://www.geostandaarden.nl/imow/gebiedsaanwijzing" xmlns:sl="http://www.geostandaarden.nl/bestanden-ow/standlevering-generiek" xmlns:p="http://www.geostandaarden.nl/imow/pons" xmlns:regels="http://www.geostandaarden.nl/imow/regels" xmlns:ow="http://www.geostandaarden.nl/imow/owobject" xmlns:vt="http://www.geostandaarden.nl/imow/vrijetekst" xmlns:op="http://www.geostandaarden.nl/imow/opobject">
    <sl:standBestand>
        <sl:dataset>Onbekend</sl:dataset>
        <sl:inhoud>
            <sl:gebied>Onbekend</sl:gebied>
            <sl:leveringsId>Onbekend</sl:leveringsId>
            <sl:objectTypen>
                <sl:objectType>Divisietekst</sl:objectType>
            </sl:objectTypen>
        </sl:inhoud>
        <sl:stand>
            <ow-dc:owObject>
                <vt:Divisietekst wId="pv25_1__content_1">
                    <vt:identificatie>nl.imow-pv25.divisietekst.001000000000000000000015</vt:identificatie>
                </vt:Divisietekst>
            </ow-dc:owObject>
        </sl:stand>
        <sl:stand>
            <ow-dc:owObject>
                <vt:Divisietekst wId="pv25_1__content_2">
                    <vt:identificatie>nl.imow-pv25.divisietekst.001000000000000000000017</vt:identificatie>
                </vt:Divisietekst>
            </ow-dc:owObject>
        </sl:stand>
        <sl:stand>
            <ow-dc:owObject>
                <vt:Divisietekst wId="pv25_1__div_2__content_5">
                    <vt:identificatie>nl.imow-pv25.divisietekst.001000000000000000000019</vt:identificatie>
                </vt:Divisietekst>
            </ow-dc:owObject>
        </sl:stand>
        <sl:stand>
            <ow-dc:owObject>
                <vt:Divisietekst wId="pv25_1__content_4">
                    <vt:identificatie>nl.imow-pv25.divisietekst.001000000000000000000022</vt:identificatie>
                </vt:Divisietekst>
            </ow-dc:owObject>
        </sl:stand>
        <sl:stand>
            <ow-dc:owObject>
                <vt:Divisietekst wId="pv25_1__div_2__content_1">
                    <vt:identificatie>nl.imow-pv25.divisietekst.001000000000000000000024</vt:identificatie>
                </vt:Divisietekst>
            </ow-dc:owObject>
        </sl:stand>
        <sl:stand>
            <ow-dc:owObject>
                <vt:Divisietekst wId="pv25_1__div_2__content_4">
                    <vt:identificatie>nl.imow-pv25.divisietekst.001000000000000000000025</vt:identificatie>
                </vt:Divisietekst>
            </ow-dc:owObject>
        </sl:stand>
        <sl:stand>
            <ow-dc:owObject>
                <vt:Divisietekst wId="pv25_1__div_2__content_3">
                    <vt:identificatie>nl.imow-pv25.divisietekst.001000000000000000000026</vt:identificatie>
                </vt:Divisietekst>
            </ow-dc:owObject>
        </sl:stand>
        <sl:stand>
            <ow-dc:owObject>
                <vt:Divisietekst wId="pv25_1__div_2__content_2">
                    <vt:identificatie>nl.imow-pv25.divisietekst.001000000000000000000028</vt:identificatie>
                </vt:Divisietekst>
            </ow-dc:owObject>
        </sl:stand>
        <sl:stand>
            <ow-dc:owObject>
                <vt:Divisietekst wId="pv25_1__content_3">
                    <vt:identificatie>nl.imow-pv25.divisietekst.001000000000000000000030</vt:identificatie>
                </vt:Divisietekst>
            </ow-dc:owObject>
        </sl:stand>
        <sl:stand>
            <ow-dc:owObject>
                <vt:Divisietekst wId="pv25_1__div_1__content_1">
                    <vt:identificatie>nl.imow-pv25.divisietekst.001000000000000000000041</vt:identificatie>
                </vt:Divisietekst>
            </ow-dc:owObject>
        </sl:stand>
        <sl:stand>
            <ow-dc:owObject>
                <vt:Divisietekst wId="pv25_1__div_1__content_2">
                    <vt:identificatie>nl.imow-pv25.divisietekst.001000000000000000000043</vt:identificatie>
                </vt:Divisietekst>
            </ow-dc:owObject>
        </sl:stand>
        <sl:stand>
            <ow-dc:owObject>
                <vt:Divisietekst wId="pv25_1__div_1__content_3">
                    <vt:identificatie>nl.imow-pv25.divisietekst.001000000000000000000044</vt:identificatie>
                </vt:Divisietekst>
            </ow-dc:owObject>
        </sl:stand>
        <sl:stand>
            <ow-dc:owObject>
                <vt:Divisietekst wId="pv25_1__div_2__div_1__div_1__content_1">
                    <vt:identificatie>nl.imow-pv25.divisietekst.001000000000000000000046</vt:identificatie>
                </vt:Divisietekst>
            </ow-dc:owObject>
        </sl:stand>
        <sl:stand>
            <ow-dc:owObject>
                <vt:Divisietekst wId="pv25_1__div_2__div_1__div_1__content_2">
                    <vt:identificatie>nl.imow-pv25.divisietekst.001000000000000000000047</vt:identificatie>
                </vt:Divisietekst>
            </ow-dc:owObject>
        </sl:stand>
        <sl:stand>
            <ow-dc:owObject>
                <vt:Divisietekst wId="pv25_1__div_2__div_1__div_2__content_1">
                    <vt:identificatie>nl.imow-pv25.divisietekst.001000000000000000000049</vt:identificatie>
                </vt:Divisietekst>
            </ow-dc:owObject>
        </sl:stand>
        <sl:stand>
            <ow-dc:owObject>
                <vt:Divisietekst wId="pv25_1__div_2__div_1__div_3__content_1">
                    <vt:identificatie>nl.imow-pv25.divisietekst.001000000000000000000051</vt:identificatie>
                </vt:Divisietekst>
            </ow-dc:owObject>
        </sl:stand>
        <sl:stand>
            <ow-dc:owObject>
                <vt:Divisietekst wId="pv25_1__div_2__div_1__div_4__content_1">
                    <vt:identificatie>nl.imow-pv25.divisietekst.001000000000000000000053</vt:identificatie>
                </vt:Divisietekst>
            </ow-dc:owObject>
        </sl:stand>
        <sl:stand>
            <ow-dc:owObject>
                <vt:Divisietekst wId="pv25_1__div_2__div_1__div_5__content_1">
                    <vt:identificatie>nl.imow-pv25.divisietekst.001000000000000000000055</vt:identificatie>
                </vt:Divisietekst>
            </ow-dc:owObject>
        </sl:stand>
        <sl:stand>
            <ow-dc:owObject>
                <vt:Divisietekst wId="pv25_1__div_2__div_2__div_1__content_1">
                    <vt:identificatie>nl.imow-pv25.divisietekst.001000000000000000000057</vt:identificatie>
                </vt:Divisietekst>
            </ow-dc:owObject>
        </sl:stand>
        <sl:stand>
            <ow-dc:owObject>
                <vt:Divisietekst wId="pv25_1__div_2__div_2__div_1__content_2">
                    <vt:identificatie>nl.imow-pv25.divisietekst.001000000000000000000058</vt:identificatie>
                </vt:Divisietekst>
            </ow-dc:owObject>
        </sl:stand>
        <sl:stand>
            <ow-dc:owObject>
                <vt:Divisietekst wId="pv25_1__div_2__div_2__div_1__content_3">
                    <vt:identificatie>nl.imow-pv25.divisietekst.001000000000000000000059</vt:identificatie>
                </vt:Divisietekst>
            </ow-dc:owObject>
        </sl:stand>
        <sl:stand>
            <ow-dc:owObject>
                <vt:Divisietekst wId="pv25_1__div_2__div_2__div_2__content_1">
                    <vt:identificatie>nl.imow-pv25.divisietekst.001000000000000000000061</vt:identificatie>
                </vt:Divisietekst>
            </ow-dc:owObject>
        </sl:stand>
        <sl:stand>
            <ow-dc:owObject>
                <vt:Divisietekst wId="pv25_1__div_2__div_2__div_3__content_1">
                    <vt:identificatie>nl.imow-pv25.divisietekst.001000000000000000000063</vt:identificatie>
                </vt:Divisietekst>
            </ow-dc:owObject>
        </sl:stand>
        <sl:stand>
            <ow-dc:owObject>
                <vt:Divisietekst wId="pv25_1__div_2__div_2__div_5__content_1">
                    <vt:identificatie>nl.imow-pv25.divisietekst.001000000000000000000065</vt:identificatie>
                </vt:Divisietekst>
            </ow-dc:owObject>
        </sl:stand>
        <sl:stand>
            <ow-dc:owObject>
                <vt:Divisietekst wId="pv25_1__div_2__div_2__div_4__content_1">
                    <vt:identificatie>nl.imow-pv25.divisietekst.001000000000000000000067</vt:identificatie>
                </vt:Divisietekst>
            </ow-dc:owObject>
        </sl:stand>
    </sl:standBestand>
</ow-dc:owBestand>
