<?xml version="1.0" encoding="UTF-8" standalone="yes"?>
<Aanleveringen xmlns:rol="http://www.geostandaarden.nl/imow/regelsoplocatie" xmlns:schemaLocation="http://www.geostandaarden.nl/imow/bestanden/deelbestand https://register.geostandaarden.nl/xmlschema/tpod/v2.0.0/bestanden-ow/deelbestand-ow/IMOW_Deelbestand.xsd" xmlns:rg="http://www.geostandaarden.nl/imow/regelingsgebied" xmlns:da="http://www.geostandaarden.nl/imow/datatypenalgemeen" xmlns:l="http://www.geostandaarden.nl/imow/locatie" xmlns:sym="http://www.geostandaarden.nl/imow/symbolisatie" xmlns:xsi="http://www.w3.org/2001/XMLSchema-instance" xmlns:kaart="http://www.geostandaarden.nl/imow/kaart" xmlns="http://www.geostandaarden.nl/bestanden-ow/manifest-ow" xmlns:xlink="http://www.w3.org/1999/xlink" xmlns:ow-dc="http://www.geostandaarden.nl/imow/bestanden/deelbestand" xmlns:ga="http://www.geostandaarden.nl/imow/gebiedsaanwijzing" xmlns:sl="http://www.geostandaarden.nl/bestanden-ow/standlevering-generiek" xmlns:p="http://www.geostandaarden.nl/imow/pons" xmlns:regels="http://www.geostandaarden.nl/imow/regels" xmlns:ow="http://www.geostandaarden.nl/imow/owobject" xmlns:vt="http://www.geostandaarden.nl/imow/vrijetekst" xmlns:op="http://www.geostandaarden.nl/imow/opobject">
    <domein>omgevingswet</domein>
    <IMOWversie>2.0.1</IMOWversie>
    <Aanlevering>
        <WorkIDRegeling>/akn/nl/act/pv25/2022/omgevingsvisie</WorkIDRegeling>
        <DoelID>/join/id/proces/pv25/2022/1_13_nieuweregeling</DoelID>
        <Bestand>
            <naam>ambtsgebieden.xml</naam>
            <objecttype>Ambtsgebied</objecttype>
        </Bestand>
        <Bestand>
            <naam>divisieteksten.xml</naam>
            <objecttype>Divisietekst</objecttype>
        </Bestand>
        <Bestand>
            <naam>gebieden.xml</naam>
            <objecttype>Gebied</objecttype>
        </Bestand>
        <Bestand>
            <naam>gebiedengroepen.xml</naam>
            <objecttype>Gebiedengroep</objecttype>
        </Bestand>
        <Bestand>
            <naam>hoofdlijnen.xml</naam>
            <objecttype>Hoofdlijn</objecttype>
        </Bestand>
        <Bestand>
            <naam>regelingsgebieden.xml</naam>
            <objecttype>Regelingsgebied</objecttype>
        </Bestand>
        <Bestand>
            <naam>tekstdelen.xml</naam>
            <objecttype>Tekstdeel</objecttype>
        </Bestand>
    </Aanlevering>
</Aanleveringen>
