<InformatieObjectVersieMetadata schemaversie="1.3.0" xmlns="https://standaarden.overheid.nl/stop/imop/data/">
    <heeftBestanden>
        <heeftBestand>
            <Bestand>
                <bestandsnaam>GIO-3a5195c7.gml</bestandsnaam>
                <hash>abec6bf3e62c3cb44394e4e0b11438161a2a73d08e4c358881e6196c61b93ad1ed2b3ae275e929f7b4c8c45117c44306d89195bde7aa94ecac53f3ef63102879</hash>
            </Bestand>
        </heeftBestand>
    </heeftBestanden>
    <heeftGeboorteregeling>/akn/nl/act/pv28/2024/ZHOV</heeftGeboorteregeling>
</InformatieObjectVersieMetadata>