<FeatureTypeStyle version="1.1.0" xmlns="http://www.opengis.net/se">
  <FeatureTypeName xmlns:opera="http://koop.overheid.nl/apps/opera/" xmlns:lvbbu="https://standaarden.overheid.nl/lvbb/stop/uitlevering/" xmlns:geo="https://standaarden.overheid.nl/stop/imop/geo/" xmlns:xsi="http://www.w3.org/2001/XMLSchema-instance">geo:Locatie</FeatureTypeName>
  <SemanticTypeIdentifier xmlns:opera="http://koop.overheid.nl/apps/opera/" xmlns:lvbbu="https://standaarden.overheid.nl/lvbb/stop/uitlevering/" xmlns:geo="https://standaarden.overheid.nl/stop/imop/geo/" xmlns:xsi="http://www.w3.org/2001/XMLSchema-instance">geo:kwalitatieveNormwaarde</SemanticTypeIdentifier>
  <Rule xmlns:opera="http://koop.overheid.nl/apps/opera/" xmlns:lvbbu="https://standaarden.overheid.nl/lvbb/stop/uitlevering/" xmlns:geo="https://standaarden.overheid.nl/stop/imop/geo/" xmlns:xsi="http://www.w3.org/2001/XMLSchema-instance">
    <Name>Welstandsniveau laag</Name>
    <Description>
      <Title>Welstandsniveau laag</Title>
    </Description>
    <Filter xmlns="http://www.opengis.net/ogc">
      <PropertyIsEqualTo>
	<PropertyName>kwalitatieveNormwaarde</PropertyName>
	<Literal>laag</Literal>
      </PropertyIsEqualTo>
    </Filter>
    <PolygonSymbolizer>
      <Name>vsgt307</Name>
      <Fill>
	<SvgParameter name="fill">#d2d2ff</SvgParameter>
	<SvgParameter name="fill-opacity">0.3</SvgParameter>
      </Fill>
      <Stroke>
	<SvgParameter name="stroke">#0000ff</SvgParameter>
	<SvgParameter name="stroke-opacity">1</SvgParameter>
	<SvgParameter name="stroke-width">0.5</SvgParameter>
	<SvgParameter name="stroke-linejoin">round</SvgParameter>
      </Stroke>
    </PolygonSymbolizer>
  </Rule>
  <Rule xmlns:opera="http://koop.overheid.nl/apps/opera/" xmlns:lvbbu="https://standaarden.overheid.nl/lvbb/stop/uitlevering/" xmlns:geo="https://standaarden.overheid.nl/stop/imop/geo/" xmlns:xsi="http://www.w3.org/2001/XMLSchema-instance">
    <Name>Welstandsniveau midden</Name>
    <Description>
      <Title>Welstandsniveau midden</Title>
    </Description>
    <Filter xmlns="http://www.opengis.net/ogc">
      <PropertyIsEqualTo>
	<PropertyName>kwalitatieveNormwaarde</PropertyName>
	<Literal>midden</Literal>
      </PropertyIsEqualTo>
    </Filter>
    <PolygonSymbolizer>
      <Name>vsgt304</Name>
      <Fill>
	<SvgParameter name="fill">#7878ff</SvgParameter>
	<SvgParameter name="fill-opacity">0.3</SvgParameter>
      </Fill>
      <Stroke>
	<SvgParameter name="stroke">#0000ff</SvgParameter>
	<SvgParameter name="stroke-opacity">1</SvgParameter>
	<SvgParameter name="stroke-width">0.5</SvgParameter>
	<SvgParameter name="stroke-linejoin">round</SvgParameter>
      </Stroke>
    </PolygonSymbolizer>
  </Rule>
  <Rule xmlns:opera="http://koop.overheid.nl/apps/opera/" xmlns:lvbbu="https://standaarden.overheid.nl/lvbb/stop/uitlevering/" xmlns:geo="https://standaarden.overheid.nl/stop/imop/geo/" xmlns:xsi="http://www.w3.org/2001/XMLSchema-instance">
    <Name>Welstandsniveau hoog</Name>
    <Description>
      <Title>Welstandsniveau hoog</Title>
    </Description>
    <Filter xmlns="http://www.opengis.net/ogc">
      <PropertyIsEqualTo>
	<PropertyName>kwalitatieveNormwaarde</PropertyName>
	<Literal>hoog</Literal>
      </PropertyIsEqualTo>
    </Filter>
    <PolygonSymbolizer>
      <Name>vsgt304</Name>
      <Fill>
	<SvgParameter name="fill">#0000ff</SvgParameter>
	<SvgParameter name="fill-opacity">0.3</SvgParameter>
      </Fill>
      <Stroke>
	<SvgParameter name="stroke">#0000ff</SvgParameter>
	<SvgParameter name="stroke-opacity">1</SvgParameter>
	<SvgParameter name="stroke-width">0.5</SvgParameter>
	<SvgParameter name="stroke-linejoin">round</SvgParameter>
      </Stroke>
    </PolygonSymbolizer>
  </Rule>
</FeatureTypeStyle>