<InformatieObjectVersieMetadata schemaversie="1.3.0" xmlns="https://standaarden.overheid.nl/stop/imop/data/">
    <heeftBestanden>
        <heeftBestand>
            <Bestand>
                <bestandsnaam>GIO-b3860c26.gml</bestandsnaam>
                <hash>fea7c563dd13fe35591b9a88a40c3cf90c8985b84e687c961711ffdba27384553be1065633cf9cb0d9e3ebf8ca83b7c7ce690ab90480dfbf4c1b37ceca4cbb99</hash>
            </Bestand>
        </heeftBestand>
    </heeftBestanden>
    <heeftGeboorteregeling>/akn/nl/act/pv28/2024/ZHOV</heeftGeboorteregeling>
</InformatieObjectVersieMetadata>