<InformatieObjectVersieMetadata schemaversie="1.3.0" xmlns="https://standaarden.overheid.nl/stop/imop/data/">
    <heeftBestanden>
        <heeftBestand>
            <Bestand>
                <bestandsnaam>GIO-541be0d3.gml</bestandsnaam>
                <hash>455f62185ed65ead90941b74ba48e4207f6eba8417b7d1bcca3b07cd396932b2b01438cfc6a79b52413b5be6b8c0b1f448da6afc2965f229964f1382996aa042</hash>
            </Bestand>
        </heeftBestand>
    </heeftBestanden>
    <heeftGeboorteregeling>/akn/nl/act/pv28/2024/ZHOV</heeftGeboorteregeling>
</InformatieObjectVersieMetadata>