<InformatieObjectVersieMetadata schemaversie="1.3.0" xmlns="https://standaarden.overheid.nl/stop/imop/data/">
    <heeftBestanden>
        <heeftBestand>
            <Bestand>
                <bestandsnaam>GIO-f2017a8b.gml</bestandsnaam>
                <hash>fc427665bd8d38a0fd88ea58151479974cc462e529491b69ad583bef0a3db34577ebef99f7a2f1f4fa58aed78c5d69fe5817e3a2d9e8793358dd076f86fce85a</hash>
            </Bestand>
        </heeftBestand>
    </heeftBestanden>
    <heeftGeboorteregeling>/akn/nl/act/pv28/2024/ZHOV</heeftGeboorteregeling>
</InformatieObjectVersieMetadata>