<InformatieObjectVersieMetadata schemaversie="1.3.0" xmlns="https://standaarden.overheid.nl/stop/imop/data/">
    <heeftBestanden>
        <heeftBestand>
            <Bestand>
                <bestandsnaam>GIO-30d6662e.gml</bestandsnaam>
                <hash>6deb4397f3aedfe4aef029b0c5a030cd8fe07b4acdc825a9bdfc061e9fc04f42d89107ffcd47461cdb6b6cdcadc88f43b21a952b6fbc3e827a1e7663b813bf14</hash>
            </Bestand>
        </heeftBestand>
    </heeftBestanden>
    <heeftGeboorteregeling>/akn/nl/act/pv28/2024/ZHOV</heeftGeboorteregeling>
</InformatieObjectVersieMetadata>