<InformatieObjectVersieMetadata schemaversie="1.3.0" xmlns="https://standaarden.overheid.nl/stop/imop/data/">
    <heeftBestanden>
        <heeftBestand>
            <Bestand>
                <bestandsnaam>GIO-b26725e5.gml</bestandsnaam>
                <hash>5a4b9df681f4736d36a524f6f8156f7d4986c072409ea4b78f75a434a33b0908ba88850dad409e3514029f55849525685eb8fe2b4be7a3849b9c3e9cef0f0308</hash>
            </Bestand>
        </heeftBestand>
    </heeftBestanden>
    <heeftGeboorteregeling>/akn/nl/act/pv28/2024/ZHOV</heeftGeboorteregeling>
</InformatieObjectVersieMetadata>