<InformatieObjectVersieMetadata schemaversie="1.3.0" xmlns="https://standaarden.overheid.nl/stop/imop/data/">
    <heeftBestanden>
        <heeftBestand>
            <Bestand>
                <bestandsnaam>GIO-1bb39acf.gml</bestandsnaam>
                <hash>361517bfc77cb121b327568acfd6e10996724611a614776b00cf9538b9d4a1aacf1f3aee6ea87ba862b3141414ecf38a75f3cc5b3754a9b69b9554e3ac4d339a</hash>
            </Bestand>
        </heeftBestand>
    </heeftBestanden>
    <heeftGeboorteregeling>/akn/nl/act/pv28/2024/ZHOV</heeftGeboorteregeling>
</InformatieObjectVersieMetadata>