<InformatieObjectVersieMetadata schemaversie="1.3.0" xmlns="https://standaarden.overheid.nl/stop/imop/data/">
    <heeftBestanden>
        <heeftBestand>
            <Bestand>
                <bestandsnaam>GIO-260de867.gml</bestandsnaam>
                <hash>ee4f048bf528082967abdeec738ccf6444baa36dc554e5eee7d12fbe313bf27c1da89ab8db51524f7667c42159f15226b47e25821a5aaa463aba843fc8b8bf96</hash>
            </Bestand>
        </heeftBestand>
    </heeftBestanden>
    <heeftGeboorteregeling>/akn/nl/act/pv28/2024/ZHOV</heeftGeboorteregeling>
</InformatieObjectVersieMetadata>