<InformatieObjectVersieMetadata schemaversie="1.3.0" xmlns="https://standaarden.overheid.nl/stop/imop/data/">
    <heeftBestanden>
        <heeftBestand>
            <Bestand>
                <bestandsnaam>GIO-f88ad77d.gml</bestandsnaam>
                <hash>5f30501c685ae03af015dcb256d8d9e07ce21c2893121cea98618f2b18864a7dc9c60f5cfa58218530818ca2b5fc2b6e8a35f5a3afcf0de91367df987ef552b1</hash>
            </Bestand>
        </heeftBestand>
    </heeftBestanden>
    <heeftGeboorteregeling>/akn/nl/act/pv28/2024/ZHOV</heeftGeboorteregeling>
</InformatieObjectVersieMetadata>