<InformatieObjectMetadata schemaversie="1.3.0" xmlns="https://standaarden.overheid.nl/stop/imop/data/">
    <alternatieveTitels>
        <alternatieveTitel>alternatieve-titel IO consolideren-1</alternatieveTitel>
    </alternatieveTitels>
    <eindverantwoordelijke>/tooi/id/gemeente/gm9920</eindverantwoordelijke>
    <formaatInformatieobject>/join/id/stop/informatieobject/doc_001</formaatInformatieobject>
    <maker>/tooi/id/gemeente/gm9920</maker>
    <naamInformatieObject>naam IO consolideren-1</naamInformatieObject>
    <officieleTitel>/join/id/regdata/gm9920/2025/IO_2025031919_4952649_1-consolideren-1</officieleTitel>
    <publicatieinstructie>TeConsolideren</publicatieinstructie>
</InformatieObjectMetadata>