<InformatieObjectVersieMetadata schemaversie="1.3.0" xmlns="https://standaarden.overheid.nl/stop/imop/data/">
    <heeftBestanden>
        <heeftBestand>
            <Bestand>
                <bestandsnaam>consolideren-1.pdf</bestandsnaam>
                <hash>91fd58751c4f1daab4377b5b02fdd417e5f789bbe5507eb4ea2d3d625710a497d51bf6b1bbf27788f014b60382b920d82fb11dbb6de4a150d711ebc8617b350a</hash>
            </Bestand>
        </heeftBestand>
    </heeftBestanden>
    <heeftGeboorteregeling>/akn/nl/act/gm9920/2025/R_2025031919_4952649</heeftGeboorteregeling>
</InformatieObjectVersieMetadata>