<InformatieObjectVersieMetadata schemaversie="1.3.0" xmlns="https://standaarden.overheid.nl/stop/imop/data/">
    <heeftBestanden>
        <heeftBestand>
            <Bestand>
                <bestandsnaam>kwaliteitscriteria_2_1.pdf</bestandsnaam>
                <hash>cfd859dabe18db8214a13d7706fbf5af95f7b9899830e1f1a7c9f61dcd8f6356581798174b4bdafca3f1c550eab2b0b3ea6e835807e143a09488a217d5d3367e</hash>
            </Bestand>
        </heeftBestand>
    </heeftBestanden>
    <heeftGeboorteregeling>/akn/nl/act/pv28/2024/ZHOV</heeftGeboorteregeling>
</InformatieObjectVersieMetadata>