<InformatieObjectVersieMetadata schemaversie="1.3.0" xmlns="https://standaarden.overheid.nl/stop/imop/data/">
    <heeftBestanden>
        <heeftBestand>
            <Bestand>
                <bestandsnaam>GIO-493432ae.gml</bestandsnaam>
                <hash>977261570415683b35a45c6d432edd93ab60c39d9f7b482504aebe4a4af4891e35249c592020956033608fef3fa124dfce9834948f662ee718b877b536aca1e9</hash>
            </Bestand>
        </heeftBestand>
    </heeftBestanden>
    <heeftGeboorteregeling>/akn/nl/act/pv28/2024/ZHOV</heeftGeboorteregeling>
</InformatieObjectVersieMetadata>