<InformatieObjectMetadata schemaversie="1.3.0" xmlns="https://standaarden.overheid.nl/stop/imop/data/">
    <alternatieveTitels>
        <alternatieveTitel>Werelderfgoed Hollandse Waterlinies</alternatieveTitel>
    </alternatieveTitels>
    <eindverantwoordelijke>/tooi/id/provincie/pv28</eindverantwoordelijke>
    <formaatInformatieobject>/join/id/stop/informatieobject/gio_002</formaatInformatieobject>
    <maker>/tooi/id/provincie/pv28</maker>
    <naamInformatieObject>Werelderfgoed Hollandse Waterlinies</naamInformatieObject>
    <officieleTitel>/join/id/regdata/pv28/2024/gebiedsaanwijzing_3fee5df7d751437dbcc2ae1ea586cffc</officieleTitel>
    <publicatieinstructie>TeConsolideren</publicatieinstructie>
</InformatieObjectMetadata>