<InformatieObjectVersieMetadata schemaversie="1.3.0" xmlns="https://standaarden.overheid.nl/stop/imop/data/">
    <heeftBestanden>
        <heeftBestand>
            <Bestand>
                <bestandsnaam>GIO-6afbf0ec.gml</bestandsnaam>
                <hash>ceeb21cb157d15534ef7790c30ffda26b3a84ca3b86730ec70d5444d64b6b124d2588b1e610bbe47bf15f9b1f37adf2511e0e22b5729037e8b19f39d20dcf020</hash>
            </Bestand>
        </heeftBestand>
    </heeftBestanden>
    <heeftGeboorteregeling>/akn/nl/act/pv28/2024/ZHOV</heeftGeboorteregeling>
</InformatieObjectVersieMetadata>