<InformatieObjectVersieMetadata schemaversie="1.3.0" xmlns="https://standaarden.overheid.nl/stop/imop/data/">
    <heeftBestanden>
        <heeftBestand>
            <Bestand>
                <bestandsnaam>GIO-966a7a8a.gml</bestandsnaam>
                <hash>8a3c39affcddea341ff882fcc6e400a7e186891fd19c6472f39616467b7a844a9ae79fb41a0ddba0e70947d9e8a69812c9b4f63537fb1ffdf54c59808e3642b1</hash>
            </Bestand>
        </heeftBestand>
    </heeftBestanden>
    <heeftGeboorteregeling>/akn/nl/act/pv28/2024/ZHOV</heeftGeboorteregeling>
</InformatieObjectVersieMetadata>