<?xml version="1.0" encoding="UTF-8" standalone="no"?>
  <AanleveringInformatieObject xmlns="https://standaarden.overheid.nl/stop/imop/aanlever/">
  <InformatieObjectVersie xmlns="https://standaarden.overheid.nl/stop/imop/data/">
  <ExpressionIdentificatie>
  <FRBRWork>/join/id/regdata/gm0297/2019/Zone_B</FRBRWork>
  <FRBRExpression>/join/id/regdata/gm0297/2019/Zone_B/nld@2019-06-18;3520</FRBRExpression>
  </ExpressionIdentificatie>
  <InformatieObjectVersieMetadata>
  <heeftBestanden>
  <heeftBestand>
  <Bestand>
  <bestandsnaam>Zone_B.gml</bestandsnaam>
  <hash>cc900c4ef6070b0b7c816c22356b076adbaaf5894b957c10ddb0dd139a1a8145c0abe0496d110d0ee142fd24890d7c5a25871d6148bd16ad1a80fc7ca2f7c7ac</hash>
  </Bestand>
  </heeftBestand>
  </heeftBestanden>
  </InformatieObjectVersieMetadata>
  <data:InformatieObjectMetadata xmlns:data="https://standaarden.overheid.nl/stop/imop/data/" schemaversie="1.3.0">
  <data:alternatieveTitels>
  <data:alternatieveTitel>Zone B</data:alternatieveTitel>
  </data:alternatieveTitels>
  <data:eindverantwoordelijke>/tooi/id/gemeente/gm0297</data:eindverantwoordelijke>
  <data:formaatInformatieobject>/join/id/stop/informatieobject/gio_002</data:formaatInformatieobject>
  <data:maker>/tooi/id/gemeente/gm0297</data:maker>
  <data:naamInformatieObject>Zone B</data:naamInformatieObject>
  <data:officieleTitel>/join/id/regdata/gm0297/2019/Zone_B</data:officieleTitel>
  <data:publicatieinstructie>TeConsolideren</data:publicatieinstructie>
  </data:InformatieObjectMetadata>
  </InformatieObjectVersie>
  </AanleveringInformatieObject>