<?xml version="1.0" encoding="UTF-8" standalone="no"?>
  <AanleveringInformatieObject xmlns="https://standaarden.overheid.nl/stop/imop/aanlever/">
  <InformatieObjectVersie xmlns="https://standaarden.overheid.nl/stop/imop/data/">
  <ExpressionIdentificatie>
  <FRBRWork>/join/id/regdata/gm0297/2019/Speelhal</FRBRWork>
  <FRBRExpression>/join/id/regdata/gm0297/2019/Speelhal/nld@2019-06-18;3520</FRBRExpression>
  </ExpressionIdentificatie>
  <InformatieObjectVersieMetadata>
  <heeftBestanden>
  <heeftBestand>
  <Bestand>
  <bestandsnaam>Speelhal.gml</bestandsnaam>
  <hash>b8cdeb0681adc28d03c47e64e3a70dc5f1820eb2a40d4b949c13e6f98f8ccce651a1fde46049b1cb1ced7019b673f24b3bbe134557ac55455f0279ed1d01ec30</hash>
  </Bestand>
  </heeftBestand>
  </heeftBestanden>
  </InformatieObjectVersieMetadata>
  <data:InformatieObjectMetadata xmlns:data="https://standaarden.overheid.nl/stop/imop/data/" schemaversie="1.3.0">
  <data:alternatieveTitels>
  <data:alternatieveTitel>Speelhal</data:alternatieveTitel>
  </data:alternatieveTitels>
  <data:eindverantwoordelijke>/tooi/id/gemeente/gm0297</data:eindverantwoordelijke>
  <data:formaatInformatieobject>/join/id/stop/informatieobject/gio_002</data:formaatInformatieobject>
  <data:maker>/tooi/id/gemeente/gm0297</data:maker>
  <data:naamInformatieObject>Speelhal</data:naamInformatieObject>
  <data:officieleTitel>/join/id/regdata/gm0297/2019/Speelhal</data:officieleTitel>
  <data:publicatieinstructie>TeConsolideren</data:publicatieinstructie>
  </data:InformatieObjectMetadata>
  </InformatieObjectVersie>
  </AanleveringInformatieObject>