<?xml version="1.0" encoding="UTF-8" standalone="no"?>
  <AanleveringInformatieObject xmlns="https://standaarden.overheid.nl/lvbb/stop/aanlevering/" xmlns:geo="https://standaarden.overheid.nl/stop/imop/geo/" xmlns:xsi="http://www.w3.org/2001/XMLSchema-instance" schemaversie="1.2.0" xsi:schemaLocation="https://standaarden.overheid.nl/lvbb/stop/aanlevering https://standaarden.overheid.nl/lvbb/1.2.0/lvbb-stop-aanlevering.xsd">
  <InformatieObjectVersie>
  <data:ExpressionIdentificatie xmlns:data="https://standaarden.overheid.nl/stop/imop/data/">
  <data:FRBRWork>/join/id/regdata/gm9920/2025/IO_2025031919_4952649_1-gio-1</data:FRBRWork>
  <data:FRBRExpression>/join/id/regdata/gm9920/2025/IO_2025031919_4952649_1-gio-1/nld@2025-03-19;1</data:FRBRExpression>
  <data:soortWork>/join/id/stop/work_010</data:soortWork>
  </data:ExpressionIdentificatie>
  <data:InformatieObjectVersieMetadata xmlns:data="https://standaarden.overheid.nl/stop/imop/data/">
  <data:heeftGeboorteregeling>/akn/nl/act/gm9920/2025/R_2025031919_4952649</data:heeftGeboorteregeling>
  <data:heeftBestanden>
  <data:heeftBestand>
  <data:Bestand>
  <data:bestandsnaam>gio-1.gml</data:bestandsnaam>
  <data:hash>dc9b3ba1778b4c39b326476f1937a39457d3fa72b20a7f5e66df3d50c68d11a158f8e6f59a322a343f4d4608ffb544579a564b114710c38ac666fb98dd60dfbe</data:hash>
  </data:Bestand>
  </data:heeftBestand>
  </data:heeftBestanden>
  </data:InformatieObjectVersieMetadata>
  <InformatieObjectMetadata xmlns="https://standaarden.overheid.nl/stop/imop/data/" schemaversie="1.3.0">
  <alternatieveTitels>
  <alternatieveTitel>alternatieve-titel IO gio-1</alternatieveTitel>
  </alternatieveTitels>
  <eindverantwoordelijke>/tooi/id/gemeente/gm9920</eindverantwoordelijke>
  <formaatInformatieobject>/join/id/stop/informatieobject/gio_002</formaatInformatieobject>
  <maker>/tooi/id/gemeente/gm9920</maker>
  <naamInformatieObject>naam IO gio-1</naamInformatieObject>
  <officieleTitel>/join/id/regdata/gm9920/2025/IO_2025031919_4952649_1-gio-1</officieleTitel>
  <publicatieinstructie>TeConsolideren</publicatieinstructie>
  </InformatieObjectMetadata>
  </InformatieObjectVersie>
  </AanleveringInformatieObject>