<?xml version="1.0" encoding="UTF-8"?>
<manifest xmlns="http://www.overheid.nl/2017/lvbb">
    <bestand>
        <bestandsnaam>IO-10182618571177054896/Identificatie.xml</bestandsnaam>
        <contentType>application/xml</contentType>
    </bestand>
    <bestand>
        <bestandsnaam>IO-10182618571177054896/Metadata.xml</bestandsnaam>
        <contentType>application/xml</contentType>
    </bestand>
    <bestand>
        <bestandsnaam>IO-10182618571177054896/Momentopname.xml</bestandsnaam>
        <contentType>application/xml</contentType>
    </bestand>
    <bestand>
        <bestandsnaam>IO-10182618571177054896/VersieMetadata.xml</bestandsnaam>
        <contentType>application/xml</contentType>
    </bestand>
    <bestand>
        <bestandsnaam>IO-10182618571177054896/Zone_B.gml</bestandsnaam>
        <contentType>application/gml+xml</contentType>
    </bestand>
    <bestand>
        <bestandsnaam>IO-11720444151463335420/Bedrijf_categorie_2.gml</bestandsnaam>
        <contentType>application/gml+xml</contentType>
    </bestand>
    <bestand>
        <bestandsnaam>IO-11720444151463335420/Identificatie.xml</bestandsnaam>
        <contentType>application/xml</contentType>
    </bestand>
    <bestand>
        <bestandsnaam>IO-11720444151463335420/Metadata.xml</bestandsnaam>
        <contentType>application/xml</contentType>
    </bestand>
    <bestand>
        <bestandsnaam>IO-11720444151463335420/Momentopname.xml</bestandsnaam>
        <contentType>application/xml</contentType>
    </bestand>
    <bestand>
        <bestandsnaam>IO-11720444151463335420/VersieMetadata.xml</bestandsnaam>
        <contentType>application/xml</contentType>
    </bestand>
    <bestand>
        <bestandsnaam>IO-13503928799666621855/FeatureTypeStyle.xml</bestandsnaam>
        <contentType>application/xml</contentType>
    </bestand>
    <bestand>
        <bestandsnaam>IO-13503928799666621855/Identificatie.xml</bestandsnaam>
        <contentType>application/xml</contentType>
    </bestand>
    <bestand>
        <bestandsnaam>IO-13503928799666621855/Metadata.xml</bestandsnaam>
        <contentType>application/xml</contentType>
    </bestand>
    <bestand>
        <bestandsnaam>IO-13503928799666621855/Momentopname.xml</bestandsnaam>
        <contentType>application/xml</contentType>
    </bestand>
    <bestand>
        <bestandsnaam>IO-13503928799666621855/VersieMetadata.xml</bestandsnaam>
        <contentType>application/xml</contentType>
    </bestand>
    <bestand>
        <bestandsnaam>IO-13503928799666621855/Welstand.gml</bestandsnaam>
        <contentType>application/gml+xml</contentType>
    </bestand>
    <bestand>
        <bestandsnaam>IO-14597034620182508107/Identificatie.xml</bestandsnaam>
        <contentType>application/xml</contentType>
    </bestand>
    <bestand>
        <bestandsnaam>IO-14597034620182508107/Metadata.xml</bestandsnaam>
        <contentType>application/xml</contentType>
    </bestand>
    <bestand>
        <bestandsnaam>IO-14597034620182508107/Momentopname.xml</bestandsnaam>
        <contentType>application/xml</contentType>
    </bestand>
    <bestand>
        <bestandsnaam>IO-14597034620182508107/VersieMetadata.xml</bestandsnaam>
        <contentType>application/xml</contentType>
    </bestand>
    <bestand>
        <bestandsnaam>IO-14597034620182508107/Zuilichem.gml</bestandsnaam>
        <contentType>application/gml+xml</contentType>
    </bestand>
    <bestand>
        <bestandsnaam>IO-2532327482081185203/Identificatie.xml</bestandsnaam>
        <contentType>application/xml</contentType>
    </bestand>
    <bestand>
        <bestandsnaam>IO-2532327482081185203/Metadata.xml</bestandsnaam>
        <contentType>application/xml</contentType>
    </bestand>
    <bestand>
        <bestandsnaam>IO-2532327482081185203/Momentopname.xml</bestandsnaam>
        <contentType>application/xml</contentType>
    </bestand>
    <bestand>
        <bestandsnaam>IO-2532327482081185203/Speelhal.gml</bestandsnaam>
        <contentType>application/gml+xml</contentType>
    </bestand>
    <bestand>
        <bestandsnaam>IO-2532327482081185203/VersieMetadata.xml</bestandsnaam>
        <contentType>application/xml</contentType>
    </bestand>
    <bestand>
        <bestandsnaam>IO-3642319606482791992/Bouwhoogte.gml</bestandsnaam>
        <contentType>application/gml+xml</contentType>
    </bestand>
    <bestand>
        <bestandsnaam>IO-3642319606482791992/FeatureTypeStyle.xml</bestandsnaam>
        <contentType>application/xml</contentType>
    </bestand>
    <bestand>
        <bestandsnaam>IO-3642319606482791992/Identificatie.xml</bestandsnaam>
        <contentType>application/xml</contentType>
    </bestand>
    <bestand>
        <bestandsnaam>IO-3642319606482791992/Metadata.xml</bestandsnaam>
        <contentType>application/xml</contentType>
    </bestand>
    <bestand>
        <bestandsnaam>IO-3642319606482791992/Momentopname.xml</bestandsnaam>
        <contentType>application/xml</contentType>
    </bestand>
    <bestand>
        <bestandsnaam>IO-3642319606482791992/VersieMetadata.xml</bestandsnaam>
        <contentType>application/xml</contentType>
    </bestand>
    <bestand>
        <bestandsnaam>IO-3904162226355973189/Centrumgebied.gml</bestandsnaam>
        <contentType>application/gml+xml</contentType>
    </bestand>
    <bestand>
        <bestandsnaam>IO-3904162226355973189/Identificatie.xml</bestandsnaam>
        <contentType>application/xml</contentType>
    </bestand>
    <bestand>
        <bestandsnaam>IO-3904162226355973189/Metadata.xml</bestandsnaam>
        <contentType>application/xml</contentType>
    </bestand>
    <bestand>
        <bestandsnaam>IO-3904162226355973189/Momentopname.xml</bestandsnaam>
        <contentType>application/xml</contentType>
    </bestand>
    <bestand>
        <bestandsnaam>IO-3904162226355973189/VersieMetadata.xml</bestandsnaam>
        <contentType>application/xml</contentType>
    </bestand>
    <bestand>
        <bestandsnaam>IO-4193505734249179753/Identificatie.xml</bestandsnaam>
        <contentType>application/xml</contentType>
    </bestand>
    <bestand>
        <bestandsnaam>IO-4193505734249179753/Metadata.xml</bestandsnaam>
        <contentType>application/xml</contentType>
    </bestand>
    <bestand>
        <bestandsnaam>IO-4193505734249179753/Momentopname.xml</bestandsnaam>
        <contentType>application/xml</contentType>
    </bestand>
    <bestand>
        <bestandsnaam>IO-4193505734249179753/VersieMetadata.xml</bestandsnaam>
        <contentType>application/xml</contentType>
    </bestand>
    <bestand>
        <bestandsnaam>IO-4193505734249179753/Zone_A.gml</bestandsnaam>
        <contentType>application/gml+xml</contentType>
    </bestand>
    <bestand>
        <bestandsnaam>IO-6604134138365027465/Identificatie.xml</bestandsnaam>
        <contentType>application/xml</contentType>
    </bestand>
    <bestand>
        <bestandsnaam>IO-6604134138365027465/Metadata.xml</bestandsnaam>
        <contentType>application/xml</contentType>
    </bestand>
    <bestand>
        <bestandsnaam>IO-6604134138365027465/Momentopname.xml</bestandsnaam>
        <contentType>application/xml</contentType>
    </bestand>
    <bestand>
        <bestandsnaam>IO-6604134138365027465/Regdata.pdf</bestandsnaam>
        <contentType>application/pdf</contentType>
    </bestand>
    <bestand>
        <bestandsnaam>IO-6604134138365027465/VersieMetadata.xml</bestandsnaam>
        <contentType>application/xml</contentType>
    </bestand>
    <bestand>
        <bestandsnaam>OW-bestanden/activiteiten.xml</bestandsnaam>
        <contentType>application/xml</contentType>
    </bestand>
    <bestand>
        <bestandsnaam>OW-bestanden/ambtsgebieden.xml</bestandsnaam>
        <contentType>application/xml</contentType>
    </bestand>
    <bestand>
        <bestandsnaam>OW-bestanden/gebieden.xml</bestandsnaam>
        <contentType>application/xml</contentType>
    </bestand>
    <bestand>
        <bestandsnaam>OW-bestanden/gebiedengroepen.xml</bestandsnaam>
        <contentType>application/xml</contentType>
    </bestand>
    <bestand>
        <bestandsnaam>OW-bestanden/gebiedsaanwijzingen.xml</bestandsnaam>
        <contentType>application/xml</contentType>
    </bestand>
    <bestand>
        <bestandsnaam>OW-bestanden/kaarten.xml</bestandsnaam>
        <contentType>application/xml</contentType>
    </bestand>
    <bestand>
        <bestandsnaam>OW-bestanden/manifest-ow.xml</bestandsnaam>
        <contentType>application/xml</contentType>
    </bestand>
    <bestand>
        <bestandsnaam>OW-bestanden/omgevingsnormen.xml</bestandsnaam>
        <contentType>application/xml</contentType>
    </bestand>
    <bestand>
        <bestandsnaam>OW-bestanden/omgevingswaarden.xml</bestandsnaam>
        <contentType>application/xml</contentType>
    </bestand>
    <bestand>
        <bestandsnaam>OW-bestanden/omgevingswaarderegels.xml</bestandsnaam>
        <contentType>application/xml</contentType>
    </bestand>
    <bestand>
        <bestandsnaam>OW-bestanden/regelingsgebieden.xml</bestandsnaam>
        <contentType>application/xml</contentType>
    </bestand>
    <bestand>
        <bestandsnaam>OW-bestanden/regelsvooriedereen.xml</bestandsnaam>
        <contentType>application/xml</contentType>
    </bestand>
    <bestand>
        <bestandsnaam>OW-bestanden/regelteksten.xml</bestandsnaam>
        <contentType>application/xml</contentType>
    </bestand>
    <bestand>
        <bestandsnaam>Regeling/Identificatie.xml</bestandsnaam>
        <contentType>application/xml</contentType>
    </bestand>
    <bestand>
        <bestandsnaam>Regeling/Metadata.xml</bestandsnaam>
        <contentType>application/xml</contentType>
    </bestand>
    <bestand>
        <bestandsnaam>Regeling/Momentopname.xml</bestandsnaam>
        <contentType>application/xml</contentType>
    </bestand>
    <bestand>
        <bestandsnaam>Regeling/Tekst.xml</bestandsnaam>
        <contentType>application/xml</contentType>
    </bestand>
    <bestand>
        <bestandsnaam>Regeling/VersieMetadata.xml</bestandsnaam>
        <contentType>application/xml</contentType>
    </bestand>
    <bestand>
        <bestandsnaam>opdracht.xml</bestandsnaam>
        <contentType>application/xml</contentType>
    </bestand>
    <bestand>
        <bestandsnaam>pakbon.xml</bestandsnaam>
        <contentType>application/xml</contentType>
    </bestand>
</manifest>