<?xml version="1.0" encoding="UTF-8" standalone="yes"?>
<ow-dc:owBestand xmlns:rol="http://www.geostandaarden.nl/imow/regelsoplocatie" xmlns:schemaLocation="http://www.geostandaarden.nl/imow/bestanden/deelbestand https://register.geostandaarden.nl/xmlschema/tpod/v2.0.0/bestanden-ow/deelbestand-ow/IMOW_Deelbestand.xsd" xmlns:rg="http://www.geostandaarden.nl/imow/regelingsgebied" xmlns:da="http://www.geostandaarden.nl/imow/datatypenalgemeen" xmlns:l="http://www.geostandaarden.nl/imow/locatie" xmlns:sym="http://www.geostandaarden.nl/imow/symbolisatie" xmlns:xsi="http://www.w3.org/2001/XMLSchema-instance" xmlns:kaart="http://www.geostandaarden.nl/imow/kaart" xmlns="http://www.geostandaarden.nl/bestanden-ow/manifest-ow" xmlns:xlink="http://www.w3.org/1999/xlink" xmlns:ow-dc="http://www.geostandaarden.nl/imow/bestanden/deelbestand" xmlns:ga="http://www.geostandaarden.nl/imow/gebiedsaanwijzing" xmlns:sl="http://www.geostandaarden.nl/bestanden-ow/standlevering-generiek" xmlns:p="http://www.geostandaarden.nl/imow/pons" xmlns:regels="http://www.geostandaarden.nl/imow/regels" xmlns:ow="http://www.geostandaarden.nl/imow/owobject" xmlns:vt="http://www.geostandaarden.nl/imow/vrijetekst" xmlns:op="http://www.geostandaarden.nl/imow/opobject">
    <sl:standBestand>
        <sl:dataset>Onbekend</sl:dataset>
        <sl:inhoud>
            <sl:gebied>Onbekend</sl:gebied>
            <sl:leveringsId>Onbekend</sl:leveringsId>
            <sl:objectTypen>
                <sl:objectType>RegelVoorIedereen</sl:objectType>
            </sl:objectTypen>
        </sl:inhoud>
        <sl:stand>
            <ow-dc:owObject>
                <regels:RegelVoorIedereen>
                    <regels:identificatie>nl.imow-gm0297.juridischeregel.2019000001</regels:identificatie>
                    <regels:idealisatie>http://standaarden.omgevingswet.overheid.nl/idealisatie/id/concept/Exact</regels:idealisatie>
                    <regels:artikelOfLid>
                        <regels:RegeltekstRef xlink:href="nl.imow-gm0297.regeltekst.2019000001"/>
                    </regels:artikelOfLid>
                    <regels:locatieaanduiding>
                        <l:LocatieRef xlink:href="nl.imow-gm0297.gebiedengroep.Bedrijfcategorie2"/>
                    </regels:locatieaanduiding>
                    <regels:gebiedsaanwijzing>
                        <ga:GebiedsaanwijzingRef xlink:href="nl.imow-gm0297.gebiedsaanwijzing.2019000001"/>
                    </regels:gebiedsaanwijzing>
                </regels:RegelVoorIedereen>
            </ow-dc:owObject>
        </sl:stand>
        <sl:stand>
            <ow-dc:owObject>
                <regels:RegelVoorIedereen>
                    <regels:identificatie>nl.imow-gm0297.juridischeregel.2019000002</regels:identificatie>
                    <regels:idealisatie>http://standaarden.omgevingswet.overheid.nl/idealisatie/id/concept/Exact</regels:idealisatie>
                    <regels:artikelOfLid>
                        <regels:RegeltekstRef xlink:href="nl.imow-gm0297.regeltekst.2019000002"/>
                    </regels:artikelOfLid>
                    <regels:locatieaanduiding>
                        <l:LocatieRef xlink:href="nl.imow-gm0297.gebiedengroep.Bedrijfcategorie2"/>
                    </regels:locatieaanduiding>
                    <regels:activiteitaanduiding>
                        <rol:ActiviteitRef xlink:href="nl.imow-gm0297.activiteit.2019000241"/>
                        <regels:ActiviteitLocatieaanduiding>
                            <regels:identificatie>nl.imow-gm0297.activiteitlocatieaanduiding.2019000001</regels:identificatie>
                            <regels:activiteitregelkwalificatie>http://standaarden.omgevingswet.overheid.nl/activiteitregelkwalificatie/id/concept/Toegestaan</regels:activiteitregelkwalificatie>
                            <regels:locatieaanduiding>
<l:LocatieRef xlink:href="nl.imow-gm0297.gebiedengroep.Bedrijfcategorie2"/>
                            </regels:locatieaanduiding>
                        </regels:ActiviteitLocatieaanduiding>
                    </regels:activiteitaanduiding>
                </regels:RegelVoorIedereen>
            </ow-dc:owObject>
        </sl:stand>
        <sl:stand>
            <ow-dc:owObject>
                <regels:RegelVoorIedereen>
                    <regels:identificatie>nl.imow-gm0297.juridischeregel.2019000003</regels:identificatie>
                    <regels:idealisatie>http://standaarden.omgevingswet.overheid.nl/idealisatie/id/concept/Exact</regels:idealisatie>
                    <regels:artikelOfLid>
                        <regels:RegeltekstRef xlink:href="nl.imow-gm0297.regeltekst.2019000002"/>
                    </regels:artikelOfLid>
                    <regels:locatieaanduiding>
                        <l:LocatieRef xlink:href="nl.imow-gm0297.gebiedengroep.Bedrijfcategorie2"/>
                    </regels:locatieaanduiding>
                    <regels:activiteitaanduiding>
                        <rol:ActiviteitRef xlink:href="nl.imow-gm0297.activiteit.2019000530"/>
                        <regels:ActiviteitLocatieaanduiding>
                            <regels:identificatie>nl.imow-gm0297.activiteitlocatieaanduiding.2019000002</regels:identificatie>
                            <regels:activiteitregelkwalificatie>http://standaarden.omgevingswet.overheid.nl/activiteitregelkwalificatie/id/concept/Toegestaan</regels:activiteitregelkwalificatie>
                            <regels:locatieaanduiding>
<l:LocatieRef xlink:href="nl.imow-gm0297.gebiedengroep.Bedrijfcategorie2"/>
                            </regels:locatieaanduiding>
                        </regels:ActiviteitLocatieaanduiding>
                    </regels:activiteitaanduiding>
                </regels:RegelVoorIedereen>
            </ow-dc:owObject>
        </sl:stand>
        <sl:stand>
            <ow-dc:owObject>
                <regels:RegelVoorIedereen>
                    <regels:identificatie>nl.imow-gm0297.juridischeregel.2019000004</regels:identificatie>
                    <regels:idealisatie>http://standaarden.omgevingswet.overheid.nl/idealisatie/id/concept/Exact</regels:idealisatie>
                    <regels:artikelOfLid>
                        <regels:RegeltekstRef xlink:href="nl.imow-gm0297.regeltekst.2019000002"/>
                    </regels:artikelOfLid>
                    <regels:locatieaanduiding>
                        <l:LocatieRef xlink:href="nl.imow-gm0297.gebiedengroep.Bedrijfcategorie2"/>
                    </regels:locatieaanduiding>
                    <regels:activiteitaanduiding>
                        <rol:ActiviteitRef xlink:href="nl.imow-gm0297.activiteit.2019000243"/>
                        <regels:ActiviteitLocatieaanduiding>
                            <regels:identificatie>nl.imow-gm0297.activiteitlocatieaanduiding.2019000003</regels:identificatie>
                            <regels:activiteitregelkwalificatie>http://standaarden.omgevingswet.overheid.nl/activiteitregelkwalificatie/id/concept/Toegestaan</regels:activiteitregelkwalificatie>
                            <regels:locatieaanduiding>
<l:LocatieRef xlink:href="nl.imow-gm0297.gebiedengroep.Bedrijfcategorie2"/>
                            </regels:locatieaanduiding>
                        </regels:ActiviteitLocatieaanduiding>
                    </regels:activiteitaanduiding>
                </regels:RegelVoorIedereen>
            </ow-dc:owObject>
        </sl:stand>
        <sl:stand>
            <ow-dc:owObject>
                <regels:RegelVoorIedereen>
                    <regels:identificatie>nl.imow-gm0297.juridischeregel.2019000005</regels:identificatie>
                    <regels:idealisatie>http://standaarden.omgevingswet.overheid.nl/idealisatie/id/concept/Exact</regels:idealisatie>
                    <regels:artikelOfLid>
                        <regels:RegeltekstRef xlink:href="nl.imow-gm0297.regeltekst.2019000002"/>
                    </regels:artikelOfLid>
                    <regels:locatieaanduiding>
                        <l:LocatieRef xlink:href="nl.imow-gm0297.gebiedengroep.Bedrijfcategorie2"/>
                    </regels:locatieaanduiding>
                    <regels:activiteitaanduiding>
                        <rol:ActiviteitRef xlink:href="nl.imow-gm0297.activiteit.2019000244"/>
                        <regels:ActiviteitLocatieaanduiding>
                            <regels:identificatie>nl.imow-gm0297.activiteitlocatieaanduiding.2019000004</regels:identificatie>
                            <regels:activiteitregelkwalificatie>http://standaarden.omgevingswet.overheid.nl/activiteitregelkwalificatie/id/concept/Toegestaan</regels:activiteitregelkwalificatie>
                            <regels:locatieaanduiding>
<l:LocatieRef xlink:href="nl.imow-gm0297.gebiedengroep.Bedrijfcategorie2"/>
                            </regels:locatieaanduiding>
                        </regels:ActiviteitLocatieaanduiding>
                    </regels:activiteitaanduiding>
                </regels:RegelVoorIedereen>
            </ow-dc:owObject>
        </sl:stand>
        <sl:stand>
            <ow-dc:owObject>
                <regels:RegelVoorIedereen>
                    <regels:identificatie>nl.imow-gm0297.juridischeregel.2019000006</regels:identificatie>
                    <regels:idealisatie>http://standaarden.omgevingswet.overheid.nl/idealisatie/id/concept/Exact</regels:idealisatie>
                    <regels:artikelOfLid>
                        <regels:RegeltekstRef xlink:href="nl.imow-gm0297.regeltekst.2019000002"/>
                    </regels:artikelOfLid>
                    <regels:locatieaanduiding>
                        <l:LocatieRef xlink:href="nl.imow-gm0297.gebiedengroep.Bedrijfcategorie2"/>
                    </regels:locatieaanduiding>
                    <regels:activiteitaanduiding>
                        <rol:ActiviteitRef xlink:href="nl.imow-gm0297.activiteit.2019000245"/>
                        <regels:ActiviteitLocatieaanduiding>
                            <regels:identificatie>nl.imow-gm0297.activiteitlocatieaanduiding.2019000005</regels:identificatie>
                            <regels:activiteitregelkwalificatie>http://standaarden.omgevingswet.overheid.nl/activiteitregelkwalificatie/id/concept/Toegestaan</regels:activiteitregelkwalificatie>
                            <regels:locatieaanduiding>
<l:LocatieRef xlink:href="nl.imow-gm0297.gebiedengroep.Bedrijfcategorie2"/>
                            </regels:locatieaanduiding>
                        </regels:ActiviteitLocatieaanduiding>
                    </regels:activiteitaanduiding>
                </regels:RegelVoorIedereen>
            </ow-dc:owObject>
        </sl:stand>
        <sl:stand>
            <ow-dc:owObject>
                <regels:RegelVoorIedereen>
                    <regels:identificatie>nl.imow-gm0297.juridischeregel.2019000007</regels:identificatie>
                    <regels:idealisatie>http://standaarden.omgevingswet.overheid.nl/idealisatie/id/concept/Exact</regels:idealisatie>
                    <regels:artikelOfLid>
                        <regels:RegeltekstRef xlink:href="nl.imow-gm0297.regeltekst.2019000002"/>
                    </regels:artikelOfLid>
                    <regels:locatieaanduiding>
                        <l:LocatieRef xlink:href="nl.imow-gm0297.gebiedengroep.Bedrijfcategorie2"/>
                    </regels:locatieaanduiding>
                    <regels:activiteitaanduiding>
                        <rol:ActiviteitRef xlink:href="nl.imow-gm0297.activiteit.2019000246"/>
                        <regels:ActiviteitLocatieaanduiding>
                            <regels:identificatie>nl.imow-gm0297.activiteitlocatieaanduiding.2019000006</regels:identificatie>
                            <regels:activiteitregelkwalificatie>http://standaarden.omgevingswet.overheid.nl/activiteitregelkwalificatie/id/concept/Toegestaan</regels:activiteitregelkwalificatie>
                            <regels:locatieaanduiding>
<l:LocatieRef xlink:href="nl.imow-gm0297.gebiedengroep.zoneA"/>
                            </regels:locatieaanduiding>
                        </regels:ActiviteitLocatieaanduiding>
                    </regels:activiteitaanduiding>
                </regels:RegelVoorIedereen>
            </ow-dc:owObject>
        </sl:stand>
        <sl:stand>
            <ow-dc:owObject>
                <regels:RegelVoorIedereen>
                    <regels:identificatie>nl.imow-gm0297.juridischeregel.2019000008</regels:identificatie>
                    <regels:idealisatie>http://standaarden.omgevingswet.overheid.nl/idealisatie/id/concept/Exact</regels:idealisatie>
                    <regels:artikelOfLid>
                        <regels:RegeltekstRef xlink:href="nl.imow-gm0297.regeltekst.2019000003"/>
                    </regels:artikelOfLid>
                    <regels:locatieaanduiding>
                        <l:LocatieRef xlink:href="nl.imow-gm0297.gebiedengroep.Bedrijfcategorie2"/>
                    </regels:locatieaanduiding>
                    <regels:activiteitaanduiding>
                        <rol:ActiviteitRef xlink:href="nl.imow-gm0297.activiteit.2019000730"/>
                        <regels:ActiviteitLocatieaanduiding>
                            <regels:identificatie>nl.imow-gm0297.activiteitlocatieaanduiding.2019000007</regels:identificatie>
                            <regels:activiteitregelkwalificatie>http://standaarden.omgevingswet.overheid.nl/activiteitregelkwalificatie/id/concept/Verbod</regels:activiteitregelkwalificatie>
                            <regels:locatieaanduiding>
<l:LocatieRef xlink:href="nl.imow-gm0297.gebiedengroep.Bedrijfcategorie2"/>
                            </regels:locatieaanduiding>
                        </regels:ActiviteitLocatieaanduiding>
                    </regels:activiteitaanduiding>
                </regels:RegelVoorIedereen>
            </ow-dc:owObject>
        </sl:stand>
        <sl:stand>
            <ow-dc:owObject>
                <regels:RegelVoorIedereen>
                    <regels:identificatie>nl.imow-gm0297.juridischeregel.2019000009</regels:identificatie>
                    <regels:idealisatie>http://standaarden.omgevingswet.overheid.nl/idealisatie/id/concept/Exact</regels:idealisatie>
                    <regels:artikelOfLid>
                        <regels:RegeltekstRef xlink:href="nl.imow-gm0297.regeltekst.2019000003"/>
                    </regels:artikelOfLid>
                    <regels:locatieaanduiding>
                        <l:LocatieRef xlink:href="nl.imow-gm0297.gebiedengroep.Bedrijfcategorie2"/>
                    </regels:locatieaanduiding>
                    <regels:activiteitaanduiding>
                        <rol:ActiviteitRef xlink:href="nl.imow-gm0297.activiteit.2019000740"/>
                        <regels:ActiviteitLocatieaanduiding>
                            <regels:identificatie>nl.imow-gm0297.activiteitlocatieaanduiding.2019000008</regels:identificatie>
                            <regels:activiteitregelkwalificatie>http://standaarden.omgevingswet.overheid.nl/activiteitregelkwalificatie/id/concept/Verbod</regels:activiteitregelkwalificatie>
                            <regels:locatieaanduiding>
<l:LocatieRef xlink:href="nl.imow-gm0297.gebiedengroep.Bedrijfcategorie2"/>
                            </regels:locatieaanduiding>
                        </regels:ActiviteitLocatieaanduiding>
                    </regels:activiteitaanduiding>
                </regels:RegelVoorIedereen>
            </ow-dc:owObject>
        </sl:stand>
        <sl:stand>
            <ow-dc:owObject>
                <regels:RegelVoorIedereen>
                    <regels:identificatie>nl.imow-gm0297.juridischeregel.2019000010</regels:identificatie>
                    <regels:idealisatie>http://standaarden.omgevingswet.overheid.nl/idealisatie/id/concept/Exact</regels:idealisatie>
                    <regels:artikelOfLid>
                        <regels:RegeltekstRef xlink:href="nl.imow-gm0297.regeltekst.2019000003"/>
                    </regels:artikelOfLid>
                    <regels:locatieaanduiding>
                        <l:LocatieRef xlink:href="nl.imow-gm0297.gebiedengroep.Bedrijfcategorie2"/>
                    </regels:locatieaanduiding>
                    <regels:activiteitaanduiding>
                        <rol:ActiviteitRef xlink:href="nl.imow-gm0297.activiteit.2019000750"/>
                        <regels:ActiviteitLocatieaanduiding>
                            <regels:identificatie>nl.imow-gm0297.activiteitlocatieaanduiding.2019000009</regels:identificatie>
                            <regels:activiteitregelkwalificatie>http://standaarden.omgevingswet.overheid.nl/activiteitregelkwalificatie/id/concept/Verbod</regels:activiteitregelkwalificatie>
                            <regels:locatieaanduiding>
<l:LocatieRef xlink:href="nl.imow-gm0297.gebiedengroep.Bedrijfcategorie2"/>
                            </regels:locatieaanduiding>
                        </regels:ActiviteitLocatieaanduiding>
                    </regels:activiteitaanduiding>
                </regels:RegelVoorIedereen>
            </ow-dc:owObject>
        </sl:stand>
        <sl:stand>
            <ow-dc:owObject>
                <regels:RegelVoorIedereen>
                    <regels:identificatie>nl.imow-gm0297.juridischeregel.2019000011</regels:identificatie>
                    <regels:idealisatie>http://standaarden.omgevingswet.overheid.nl/idealisatie/id/concept/Exact</regels:idealisatie>
                    <regels:artikelOfLid>
                        <regels:RegeltekstRef xlink:href="nl.imow-gm0297.regeltekst.2019000004"/>
                    </regels:artikelOfLid>
                    <regels:locatieaanduiding>
                        <l:LocatieRef xlink:href="nl.imow-gm0297.gebiedengroep.zoneB"/>
                    </regels:locatieaanduiding>
                    <regels:activiteitaanduiding>
                        <rol:ActiviteitRef xlink:href="nl.imow-gm0297.activiteit.2019000590"/>
                        <regels:ActiviteitLocatieaanduiding>
                            <regels:identificatie>nl.imow-gm0297.activiteitlocatieaanduiding.2019000010</regels:identificatie>
                            <regels:activiteitregelkwalificatie>http://standaarden.omgevingswet.overheid.nl/activiteitregelkwalificatie/id/concept/Meldingsplicht</regels:activiteitregelkwalificatie>
                            <regels:locatieaanduiding>
<l:LocatieRef xlink:href="nl.imow-gm0297.gebiedengroep.zoneB"/>
                            </regels:locatieaanduiding>
                        </regels:ActiviteitLocatieaanduiding>
                    </regels:activiteitaanduiding>
                </regels:RegelVoorIedereen>
            </ow-dc:owObject>
        </sl:stand>
        <sl:stand>
            <ow-dc:owObject>
                <regels:RegelVoorIedereen>
                    <regels:identificatie>nl.imow-gm0297.juridischeregel.2019000012</regels:identificatie>
                    <regels:idealisatie>http://standaarden.omgevingswet.overheid.nl/idealisatie/id/concept/Exact</regels:idealisatie>
                    <regels:artikelOfLid>
                        <regels:RegeltekstRef xlink:href="nl.imow-gm0297.regeltekst.2019000007"/>
                    </regels:artikelOfLid>
                    <regels:locatieaanduiding>
                        <l:LocatieRef xlink:href="nl.imow-gm0297.gebiedengroep.Bedrijfcategorie2"/>
                    </regels:locatieaanduiding>
                    <regels:activiteitaanduiding>
                        <rol:ActiviteitRef xlink:href="nl.imow-gm0297.activiteit.2019000540"/>
                        <regels:ActiviteitLocatieaanduiding>
                            <regels:identificatie>nl.imow-gm0297.activiteitlocatieaanduiding.2019000011</regels:identificatie>
                            <regels:activiteitregelkwalificatie>http://standaarden.omgevingswet.overheid.nl/activiteitregelkwalificatie/id/concept/Vergunningplicht</regels:activiteitregelkwalificatie>
                            <regels:locatieaanduiding>
<l:LocatieRef xlink:href="nl.imow-gm0297.gebiedengroep.Bedrijfcategorie2"/>
                            </regels:locatieaanduiding>
                        </regels:ActiviteitLocatieaanduiding>
                    </regels:activiteitaanduiding>
                    <regels:activiteitaanduiding>
                        <rol:ActiviteitRef xlink:href="nl.imow-gm0297.activiteit.2019000760"/>
                        <regels:ActiviteitLocatieaanduiding>
                            <regels:identificatie>nl.imow-gm0297.activiteitlocatieaanduiding.2019000013</regels:identificatie>
                            <regels:activiteitregelkwalificatie>http://standaarden.omgevingswet.overheid.nl/activiteitregelkwalificatie/id/concept/Vergunningplicht</regels:activiteitregelkwalificatie>
                            <regels:locatieaanduiding>
<l:LocatieRef xlink:href="nl.imow-gm0297.gebiedengroep.Bedrijfcategorie2"/>
                            </regels:locatieaanduiding>
                        </regels:ActiviteitLocatieaanduiding>
                    </regels:activiteitaanduiding>
                </regels:RegelVoorIedereen>
            </ow-dc:owObject>
        </sl:stand>
        <sl:stand>
            <ow-dc:owObject>
                <regels:RegelVoorIedereen>
                    <regels:identificatie>nl.imow-gm0297.juridischeregel.2019000013</regels:identificatie>
                    <regels:idealisatie>http://standaarden.omgevingswet.overheid.nl/idealisatie/id/concept/Exact</regels:idealisatie>
                    <regels:artikelOfLid>
                        <regels:RegeltekstRef xlink:href="nl.imow-gm0297.regeltekst.2019000012"/>
                    </regels:artikelOfLid>
                    <regels:locatieaanduiding>
                        <l:LocatieRef xlink:href="nl.imow-gm0297.gebiedengroep.centrumgebied"/>
                    </regels:locatieaanduiding>
                    <regels:gebiedsaanwijzing>
                        <ga:GebiedsaanwijzingRef xlink:href="nl.imow-gm0297.gebiedsaanwijzing.2019000002"/>
                    </regels:gebiedsaanwijzing>
                </regels:RegelVoorIedereen>
            </ow-dc:owObject>
        </sl:stand>
        <sl:stand>
            <ow-dc:owObject>
                <regels:RegelVoorIedereen>
                    <regels:identificatie>nl.imow-gm0297.juridischeregel.2019000014</regels:identificatie>
                    <regels:idealisatie>http://standaarden.omgevingswet.overheid.nl/idealisatie/id/concept/Exact</regels:idealisatie>
                    <regels:artikelOfLid>
                        <regels:RegeltekstRef xlink:href="nl.imow-gm0297.regeltekst.2019000008"/>
                    </regels:artikelOfLid>
                    <regels:locatieaanduiding>
                        <l:LocatieRef xlink:href="nl.imow-gm0297.gebiedengroep.speelhal"/>
                        <l:LocatieRef xlink:href="nl.imow-gm0297.gebied.2019000008"/>
                        <l:LocatieRef xlink:href="nl.imow-gm0297.gebied.2019000009"/>
                        <l:LocatieRef xlink:href="nl.imow-gm0297.gebied.2019000010"/>
                        <l:LocatieRef xlink:href="nl.imow-gm0297.gebiedengroep.zuilichem"/>
                    </regels:locatieaanduiding>
                    <regels:activiteitaanduiding>
                        <rol:ActiviteitRef xlink:href="nl.imow-gm0297.activiteit.2019000660"/>
                        <regels:ActiviteitLocatieaanduiding>
                            <regels:identificatie>nl.imow-gm0297.activiteitlocatieaanduiding.2019000012</regels:identificatie>
                            <regels:activiteitregelkwalificatie>http://standaarden.omgevingswet.overheid.nl/activiteitregelkwalificatie/id/concept/Toegestaan</regels:activiteitregelkwalificatie>
                            <regels:locatieaanduiding>
<l:LocatieRef xlink:href="nl.imow-gm0297.gebiedengroep.speelhal"/>
                            </regels:locatieaanduiding>
                        </regels:ActiviteitLocatieaanduiding>
                    </regels:activiteitaanduiding>
                    <regels:activiteitaanduiding>
                        <rol:ActiviteitRef xlink:href="nl.imow-gm0297.activiteit.2019000680"/>
                        <regels:ActiviteitLocatieaanduiding>
                            <regels:identificatie>nl.imow-gm0297.activiteitlocatieaanduiding.2019000014</regels:identificatie>
                            <regels:activiteitregelkwalificatie>http://standaarden.omgevingswet.overheid.nl/activiteitregelkwalificatie/id/concept/Toegestaan</regels:activiteitregelkwalificatie>
                            <regels:locatieaanduiding>
<l:LocatieRef xlink:href="nl.imow-gm0297.gebiedengroep.centrumgebied"/>
                            </regels:locatieaanduiding>
                        </regels:ActiviteitLocatieaanduiding>
                    </regels:activiteitaanduiding>
                </regels:RegelVoorIedereen>
            </ow-dc:owObject>
        </sl:stand>
        <sl:stand>
            <ow-dc:owObject>
                <regels:RegelVoorIedereen>
                    <regels:identificatie>nl.imow-gm0297.juridischeregel.2019000016</regels:identificatie>
                    <regels:idealisatie>http://standaarden.omgevingswet.overheid.nl/idealisatie/id/concept/Exact</regels:idealisatie>
                    <regels:artikelOfLid>
                        <regels:RegeltekstRef xlink:href="nl.imow-gm0297.regeltekst.2019000010"/>
                    </regels:artikelOfLid>
                    <regels:locatieaanduiding>
                        <l:LocatieRef xlink:href="nl.imow-gm0297.gebiedengroep.speelhal"/>
                        <l:LocatieRef xlink:href="nl.imow-gm0297.gebied.2019000008"/>
                        <l:LocatieRef xlink:href="nl.imow-gm0297.gebied.2019000009"/>
                        <l:LocatieRef xlink:href="nl.imow-gm0297.gebied.2019000010"/>
                        <l:LocatieRef xlink:href="nl.imow-gm0297.gebied.2019000013"/>
                        <l:LocatieRef xlink:href="nl.imow-gm0297.gebiedengroep.zuilichem"/>
                    </regels:locatieaanduiding>
                    <regels:omgevingsnormaanduiding>
                        <rol:OmgevingsnormRef xlink:href="nl.imow-gm0297.omgevingsnorm.2019000002"/>
                    </regels:omgevingsnormaanduiding>
                </regels:RegelVoorIedereen>
            </ow-dc:owObject>
        </sl:stand>
        <sl:stand>
            <ow-dc:owObject>
                <regels:RegelVoorIedereen>
                    <regels:identificatie>nl.imow-gm0297.juridischeregel.2019000017</regels:identificatie>
                    <regels:idealisatie>http://standaarden.omgevingswet.overheid.nl/idealisatie/id/concept/Exact</regels:idealisatie>
                    <regels:artikelOfLid>
                        <regels:RegeltekstRef xlink:href="nl.imow-gm0297.regeltekst.2019000015"/>
                    </regels:artikelOfLid>
                    <regels:locatieaanduiding>
                        <l:LocatieRef xlink:href="nl.imow-gm0297.gebiedengroep.zoneA"/>
                        <l:LocatieRef xlink:href="nl.imow-gm0297.gebiedengroep.zoneB"/>
                        <l:LocatieRef xlink:href="nl.imow-gm0297.gebiedengroep.centrumgebied"/>
                    </regels:locatieaanduiding>
                    <regels:kaartaanduiding>
                        <kaart:KaartRef xlink:href="nl.imow-gm0297.kaart.2019000001"/>
                    </regels:kaartaanduiding>
                    <regels:omgevingsnormaanduiding>
                        <rol:OmgevingsnormRef xlink:href="nl.imow-gm0297.omgevingsnorm.2019000003"/>
                    </regels:omgevingsnormaanduiding>
                </regels:RegelVoorIedereen>
            </ow-dc:owObject>
        </sl:stand>
        <sl:stand>
            <ow-dc:owObject>
                <regels:RegelVoorIedereen>
                    <regels:identificatie>nl.imow-gm0297.juridischeregel.2019000019</regels:identificatie>
                    <regels:idealisatie>http://standaarden.omgevingswet.overheid.nl/idealisatie/id/concept/Exact</regels:idealisatie>
                    <regels:artikelOfLid>
                        <regels:RegeltekstRef xlink:href="nl.imow-gm0297.regeltekst.2019000116"/>
                    </regels:artikelOfLid>
                    <regels:locatieaanduiding>
                        <l:LocatieRef xlink:href="nl.imow-gm0297.ambtsgebied.ZaltbommelAmbtsgebied"/>
                    </regels:locatieaanduiding>
                </regels:RegelVoorIedereen>
            </ow-dc:owObject>
        </sl:stand>
        <sl:stand>
            <ow-dc:owObject>
                <regels:RegelVoorIedereen>
                    <regels:identificatie>nl.imow-gm0297.juridischeregel.2019000113</regels:identificatie>
                    <regels:idealisatie>http://standaarden.omgevingswet.overheid.nl/idealisatie/id/concept/Exact</regels:idealisatie>
                    <regels:artikelOfLid>
                        <regels:RegeltekstRef xlink:href="nl.imow-gm0297.regeltekst.2019000113"/>
                    </regels:artikelOfLid>
                    <regels:locatieaanduiding>
                        <l:LocatieRef xlink:href="nl.imow-gm0297.ambtsgebied.ZaltbommelAmbtsgebied"/>
                    </regels:locatieaanduiding>
                    <regels:activiteitaanduiding>
                        <rol:ActiviteitRef xlink:href="nl.imow-gm0297.activiteit.2019000800"/>
                        <regels:ActiviteitLocatieaanduiding>
                            <regels:identificatie>nl.imow-gm0297.activiteitlocatieaanduiding.20190000111</regels:identificatie>
                            <regels:activiteitregelkwalificatie>http://standaarden.omgevingswet.overheid.nl/activiteitregelkwalificatie/id/concept/Toegestaan</regels:activiteitregelkwalificatie>
                            <regels:locatieaanduiding>
<l:LocatieRef xlink:href="nl.imow-gm0297.ambtsgebied.ZaltbommelAmbtsgebied"/>
                            </regels:locatieaanduiding>
                        </regels:ActiviteitLocatieaanduiding>
                    </regels:activiteitaanduiding>
                    <regels:activiteitaanduiding>
                        <rol:ActiviteitRef xlink:href="nl.imow-gm0297.activiteit.2019000800"/>
                        <regels:ActiviteitLocatieaanduiding>
                            <regels:identificatie>nl.imow-gm0297.activiteitlocatieaanduiding.20190000112</regels:identificatie>
                            <regels:activiteitregelkwalificatie>http://standaarden.omgevingswet.overheid.nl/activiteitregelkwalificatie/id/concept/Meldingsplicht</regels:activiteitregelkwalificatie>
                            <regels:locatieaanduiding>
<l:LocatieRef xlink:href="nl.imow-gm0297.ambtsgebied.ZaltbommelAmbtsgebied"/>
                            </regels:locatieaanduiding>
                        </regels:ActiviteitLocatieaanduiding>
                    </regels:activiteitaanduiding>
                    <regels:activiteitaanduiding>
                        <rol:ActiviteitRef xlink:href="nl.imow-gm0297.activiteit.2019000800"/>
                        <regels:ActiviteitLocatieaanduiding>
                            <regels:identificatie>nl.imow-gm0297.activiteitlocatieaanduiding.20190000113</regels:identificatie>
                            <regels:activiteitregelkwalificatie>http://standaarden.omgevingswet.overheid.nl/activiteitregelkwalificatie/id/concept/Vergunningplicht</regels:activiteitregelkwalificatie>
                            <regels:locatieaanduiding>
<l:LocatieRef xlink:href="nl.imow-gm0297.ambtsgebied.ZaltbommelAmbtsgebied"/>
                            </regels:locatieaanduiding>
                        </regels:ActiviteitLocatieaanduiding>
                    </regels:activiteitaanduiding>
                </regels:RegelVoorIedereen>
            </ow-dc:owObject>
        </sl:stand>
        <sl:stand>
            <ow-dc:owObject>
                <regels:RegelVoorIedereen>
                    <regels:identificatie>nl.imow-gm0297.juridischeregel.2019000114</regels:identificatie>
                    <regels:idealisatie>http://standaarden.omgevingswet.overheid.nl/idealisatie/id/concept/Exact</regels:idealisatie>
                    <regels:artikelOfLid>
                        <regels:RegeltekstRef xlink:href="nl.imow-gm0297.regeltekst.2019000114"/>
                    </regels:artikelOfLid>
                    <regels:locatieaanduiding>
                        <l:LocatieRef xlink:href="nl.imow-gm0297.ambtsgebied.ZaltbommelAmbtsgebied"/>
                    </regels:locatieaanduiding>
                    <regels:activiteitaanduiding>
                        <rol:ActiviteitRef xlink:href="nl.imow-gm0297.activiteit.2019000810"/>
                        <regels:ActiviteitLocatieaanduiding>
                            <regels:identificatie>nl.imow-gm0297.activiteitlocatieaanduiding.20190000114</regels:identificatie>
                            <regels:activiteitregelkwalificatie>http://standaarden.omgevingswet.overheid.nl/activiteitregelkwalificatie/id/concept/Vergunningplicht</regels:activiteitregelkwalificatie>
                            <regels:locatieaanduiding>
<l:LocatieRef xlink:href="nl.imow-gm0297.ambtsgebied.ZaltbommelAmbtsgebied"/>
                            </regels:locatieaanduiding>
                        </regels:ActiviteitLocatieaanduiding>
                    </regels:activiteitaanduiding>
                </regels:RegelVoorIedereen>
            </ow-dc:owObject>
        </sl:stand>
        <sl:stand>
            <ow-dc:owObject>
                <regels:RegelVoorIedereen>
                    <regels:identificatie>nl.imow-gm0297.juridischeregel.2019000115</regels:identificatie>
                    <regels:idealisatie>http://standaarden.omgevingswet.overheid.nl/idealisatie/id/concept/Exact</regels:idealisatie>
                    <regels:artikelOfLid>
                        <regels:RegeltekstRef xlink:href="nl.imow-gm0297.regeltekst.2019000115"/>
                    </regels:artikelOfLid>
                    <regels:locatieaanduiding>
                        <l:LocatieRef xlink:href="nl.imow-gm0297.ambtsgebied.ZaltbommelAmbtsgebied"/>
                    </regels:locatieaanduiding>
                    <regels:activiteitaanduiding>
                        <rol:ActiviteitRef xlink:href="nl.imow-gm0297.activiteit.2019000810"/>
                        <regels:ActiviteitLocatieaanduiding>
                            <regels:identificatie>nl.imow-gm0297.activiteitlocatieaanduiding.20190000115</regels:identificatie>
                            <regels:activiteitregelkwalificatie>http://standaarden.omgevingswet.overheid.nl/activiteitregelkwalificatie/id/concept/Toegestaan</regels:activiteitregelkwalificatie>
                            <regels:locatieaanduiding>
<l:LocatieRef xlink:href="nl.imow-gm0297.ambtsgebied.ZaltbommelAmbtsgebied"/>
                            </regels:locatieaanduiding>
                        </regels:ActiviteitLocatieaanduiding>
                    </regels:activiteitaanduiding>
                </regels:RegelVoorIedereen>
            </ow-dc:owObject>
        </sl:stand>
    </sl:standBestand>
</ow-dc:owBestand>
