<InformatieObjectVersieMetadata schemaversie="1.3.0" xmlns="https://standaarden.overheid.nl/stop/imop/data/">
    <heeftBestanden>
        <heeftBestand>
            <Bestand>
                <bestandsnaam>GIO-33d91a6d.gml</bestandsnaam>
                <hash>8a778c28672fa700d70bd7fa8bb0270c0f380f143f37628be456332dc2ba7be57fd359d2517f66d79da4e4151f6e6b1cb208f8195d07b850d6a6c231fa3afb74</hash>
            </Bestand>
        </heeftBestand>
    </heeftBestanden>
    <heeftGeboorteregeling>/akn/nl/act/pv28/2024/ZHOV</heeftGeboorteregeling>
</InformatieObjectVersieMetadata>