<InformatieObjectMetadata schemaversie="1.3.0" xmlns="https://standaarden.overheid.nl/stop/imop/data/">
    <alternatieveTitels>
        <alternatieveTitel>afwijkende maaiveld criteria</alternatieveTitel>
    </alternatieveTitels>
    <eindverantwoordelijke>/tooi/id/provincie/pv28</eindverantwoordelijke>
    <formaatInformatieobject>/join/id/stop/informatieobject/gio_002</formaatInformatieobject>
    <maker>/tooi/id/provincie/pv28</maker>
    <naamInformatieObject>afwijkende maaiveld criteria</naamInformatieObject>
    <officieleTitel>/join/id/regdata/pv28/2024/norm_2e88a7797ea44c27bdfe6299e3f5505f</officieleTitel>
    <publicatieinstructie>TeConsolideren</publicatieinstructie>
</InformatieObjectMetadata>