<InformatieObjectVersieMetadata schemaversie="1.3.0" xmlns="https://standaarden.overheid.nl/stop/imop/data/">
    <heeftBestanden>
        <heeftBestand>
            <Bestand>
                <bestandsnaam>GIO-dec6f6ed.gml</bestandsnaam>
                <hash>cc670abad8cb7df01d6242f7172dcd11acdd9855c25c11253cdb3f14cf73f2b9b170d3045728ad2e4dcc37dab010f068e8c69b9134af4b96c9dd4e9d0d1a4cfa</hash>
            </Bestand>
        </heeftBestand>
    </heeftBestanden>
    <heeftGeboorteregeling>/akn/nl/act/pv28/2024/ZHOV</heeftGeboorteregeling>
</InformatieObjectVersieMetadata>