<InformatieObjectVersieMetadata schemaversie="1.3.0" xmlns="https://standaarden.overheid.nl/stop/imop/data/">
    <heeftBestanden>
        <heeftBestand>
            <Bestand>
                <bestandsnaam>GIO-8203d374.gml</bestandsnaam>
                <hash>cdd9999db3b46babfafd397c4ccafd0be296efeacf42f4dddb6d90ec445ba0c8073d2b1ddaf6a6fe440cb6c761987a5009e28bdce767ba92e06c2ae0289d2d48</hash>
            </Bestand>
        </heeftBestand>
    </heeftBestanden>
    <heeftGeboorteregeling>/akn/nl/act/pv28/2024/ZHOV</heeftGeboorteregeling>
</InformatieObjectVersieMetadata>