<InformatieObjectVersieMetadata schemaversie="1.3.0" xmlns="https://standaarden.overheid.nl/stop/imop/data/">
  <heeftGeboorteregeling>/akn/nl/act/pv30/2022/omgevingsverordeningT</heeftGeboorteregeling>
  <heeftBestanden>
    <heeftBestand>
      <Bestand xmlns:xsi="http://www.w3.org/2001/XMLSchema-instance" xmlns:geo="https://standaarden.overheid.nl/stop/imop/geo/">
	<bestandsnaam>locaties_01checkduplicate11-v1.gml</bestandsnaam>
	<hash/>
      </Bestand>
    </heeftBestand>
  </heeftBestanden>
</InformatieObjectVersieMetadata>