<InformatieObjectVersieMetadata schemaversie="1.3.0" xmlns="https://standaarden.overheid.nl/stop/imop/data/">
    <heeftBestanden>
        <heeftBestand>
            <Bestand>
                <bestandsnaam>GIO-078bc0de.gml</bestandsnaam>
                <hash>28e38e108e9028958bdb676977eb3a1702bba6edf801895fdf58b36d227f010b56608b4f918fb91ed0a58cc96ffc13d5fb1011d3fda9d59fedc1f756f02dfe94</hash>
            </Bestand>
        </heeftBestand>
    </heeftBestanden>
    <heeftGeboorteregeling>/akn/nl/act/pv28/2024/ZHOV</heeftGeboorteregeling>
</InformatieObjectVersieMetadata>