<InformatieObjectVersieMetadata schemaversie="1.3.0" xmlns="https://standaarden.overheid.nl/stop/imop/data/">
    <heeftBestanden>
        <heeftBestand>
            <Bestand>
                <bestandsnaam>GIO-88411c87.gml</bestandsnaam>
                <hash>a4e4f2562fcaf996946b77445daa9f207d0fa4b817579bf91a58fa8e47cc8616c72f6cecd57b0dcc8045698bbe33f6317b8d17693cf3f70c051b8eb6b2025f41</hash>
            </Bestand>
        </heeftBestand>
    </heeftBestanden>
    <heeftGeboorteregeling>/akn/nl/act/pv28/2024/ZHOV</heeftGeboorteregeling>
</InformatieObjectVersieMetadata>