<InformatieObjectVersieMetadata schemaversie="1.3.0" xmlns="https://standaarden.overheid.nl/stop/imop/data/">
    <heeftBestanden>
        <heeftBestand>
            <Bestand>
                <bestandsnaam>GIO-31a8ecba.gml</bestandsnaam>
                <hash>e153256a8f946f6e0432cf5bfa509be0e58f876649376963639f0b1c3166c2ee55d0743b22dea7428a9dcf90a8956bf336dd43f7bab435f6a0fe55df5ee834f7</hash>
            </Bestand>
        </heeftBestand>
    </heeftBestanden>
    <heeftGeboorteregeling>/akn/nl/act/pv28/2024/ZHOV</heeftGeboorteregeling>
</InformatieObjectVersieMetadata>