<InformatieObjectVersieMetadata schemaversie="1.3.0" xmlns="https://standaarden.overheid.nl/stop/imop/data/">
    <heeftBestanden>
        <heeftBestand>
            <Bestand>
                <bestandsnaam>GIO-f6eb6ca7.gml</bestandsnaam>
                <hash>e14894ae2f6f0343208981f91f1d2b403ca017dc239530429203ccc2ae4fb915d6a5b27cf8da9ef8174d411a5138f970e04d3f594823ae8d6b6581cdb2dc0ed3</hash>
            </Bestand>
        </heeftBestand>
    </heeftBestanden>
    <heeftGeboorteregeling>/akn/nl/act/pv28/2024/ZHOV</heeftGeboorteregeling>
</InformatieObjectVersieMetadata>