<InformatieObjectVersieMetadata schemaversie="1.3.0" xmlns="https://standaarden.overheid.nl/stop/imop/data/">
    <heeftBestanden>
        <heeftBestand>
            <Bestand>
                <bestandsnaam>GIO-2ae9b247.gml</bestandsnaam>
                <hash>3f179cf44d1cf3fc8b9190da3becf415d315b150185fd139002c4cd727fb1a430ff366e722e9cc992faec0e9da8403fd2dcc88104d6baaca7de227a65442d94e</hash>
            </Bestand>
        </heeftBestand>
    </heeftBestanden>
    <heeftGeboorteregeling>/akn/nl/act/pv28/2024/ZHOV</heeftGeboorteregeling>
</InformatieObjectVersieMetadata>