<data:InformatieObjectMetadata schemaversie="1.3.0" xmlns:data="https://standaarden.overheid.nl/stop/imop/data/">
  <data:eindverantwoordelijke>/tooi/id/provincie/pv30</data:eindverantwoordelijke>
  <data:formaatInformatieobject>/join/id/stop/informatieobject/gio_002</data:formaatInformatieobject>
  <data:maker>/tooi/id/provincie/pv30</data:maker>
  <data:naamInformatieObject>Bedrijf - Nutsvoorziening</data:naamInformatieObject>
  <data:officieleTitel>/join/id/regdata/pv30/2024/136giobf5faafd-4619-4a72-8c06-b15f77cffaba</data:officieleTitel>
  <data:publicatieinstructie>TeConsolideren</data:publicatieinstructie>
</data:InformatieObjectMetadata>