<InformatieObjectVersieMetadata schemaversie="1.3.0" xmlns="https://standaarden.overheid.nl/stop/imop/data/">
    <heeftBestanden>
        <heeftBestand>
            <Bestand>
                <bestandsnaam>GIO-ab3fdb53.gml</bestandsnaam>
                <hash>0389c27126c0fa07ad62b9aa4be6d61a284609f1dc8096390b169d6e0dc72c809c56123ebea2d7acbf960d4f5f345fac43688b37af8f268d75aeda52a36ad7ca</hash>
            </Bestand>
        </heeftBestand>
    </heeftBestanden>
    <heeftGeboorteregeling>/akn/nl/act/pv28/2024/ZHOV</heeftGeboorteregeling>
</InformatieObjectVersieMetadata>