<InformatieObjectVersieMetadata schemaversie="1.3.0" xmlns="https://standaarden.overheid.nl/stop/imop/data/">
    <heeftBestanden>
        <heeftBestand>
            <Bestand>
                <bestandsnaam>GIO-37e44869.gml</bestandsnaam>
                <hash>a51ddf9f26fb3a25a38dc9b8e5b1c4652faa4798d9e98f004ac9fa7fad32203bebc958a351474721129080a01d66e502700e3903613d052a7e982df712d5b713</hash>
            </Bestand>
        </heeftBestand>
    </heeftBestanden>
    <heeftGeboorteregeling>/akn/nl/act/pv28/2024/ZHOV</heeftGeboorteregeling>
</InformatieObjectVersieMetadata>