<InformatieObjectVersieMetadata schemaversie="1.3.0" xmlns="https://standaarden.overheid.nl/stop/imop/data/">
    <heeftBestanden>
        <heeftBestand>
            <Bestand>
                <bestandsnaam>GIO-a3a563c8.gml</bestandsnaam>
                <hash>c7e70364b60e9730085852516cde19d32e530317ce4d3f6c9f11fa1f3ce26935b455a0e004432add8638b67280d6bac0b6c4689fac84e1b893494f95b12e0092</hash>
            </Bestand>
        </heeftBestand>
    </heeftBestanden>
    <heeftGeboorteregeling>/akn/nl/act/pv28/2024/ZHOV</heeftGeboorteregeling>
</InformatieObjectVersieMetadata>