<InformatieObjectMetadata schemaversie="1.3.0" xmlns="https://standaarden.overheid.nl/stop/imop/data/">
    <alternatieveTitels>
        <alternatieveTitel>gebieden met beschermingscategorie 1</alternatieveTitel>
    </alternatieveTitels>
    <eindverantwoordelijke>/tooi/id/provincie/pv28</eindverantwoordelijke>
    <formaatInformatieobject>/join/id/stop/informatieobject/gio_002</formaatInformatieobject>
    <maker>/tooi/id/provincie/pv28</maker>
    <naamInformatieObject>gebieden met beschermingscategorie 1</naamInformatieObject>
    <officieleTitel>/join/id/regdata/pv28/2024/gebiedsaanwijzing_71258985997e48ccaf9ecd49f51ea4a8</officieleTitel>
    <publicatieinstructie>TeConsolideren</publicatieinstructie>
</InformatieObjectMetadata>