<InformatieObjectVersieMetadata schemaversie="1.3.0" xmlns="https://standaarden.overheid.nl/stop/imop/data/">
    <heeftBestanden>
        <heeftBestand>
            <Bestand>
                <bestandsnaam>GIO-8477d02b.gml</bestandsnaam>
                <hash>c88a73bcf7e512f991e0a7f1fb63ebf67578894f11a381d207b69e0ccbbbaa59c37bc1a2729369d1e4004530351fd6f9b5d6135eb5d0545593f553131141d698</hash>
            </Bestand>
        </heeftBestand>
    </heeftBestanden>
    <heeftGeboorteregeling>/akn/nl/act/pv28/2024/ZHOV</heeftGeboorteregeling>
</InformatieObjectVersieMetadata>