<InformatieObjectVersieMetadata schemaversie="1.3.0" xmlns="https://standaarden.overheid.nl/stop/imop/data/">
    <heeftBestanden>
        <heeftBestand>
            <Bestand>
                <bestandsnaam>GIO-14401481.gml</bestandsnaam>
                <hash>8d39ddc8c1a61ae72b5a3b2d405ec394f9588ccbbeda36c210b7b496f94622ad36a54613eca3bbcd0c627bfc725e08a5ca7ec129dae976ec5f1a68a479c5b3e3</hash>
            </Bestand>
        </heeftBestand>
    </heeftBestanden>
    <heeftGeboorteregeling>/akn/nl/act/pv28/2024/ZHOV</heeftGeboorteregeling>
</InformatieObjectVersieMetadata>