<InformatieObjectMetadata schemaversie="1.3.0" xmlns="https://standaarden.overheid.nl/stop/imop/data/">
    <alternatieveTitels>
        <alternatieveTitel>natuurnetwerk Nederland: blijvend agrarisch gebied binnen Natura 2000-gebied</alternatieveTitel>
    </alternatieveTitels>
    <eindverantwoordelijke>/tooi/id/provincie/pv28</eindverantwoordelijke>
    <formaatInformatieobject>/join/id/stop/informatieobject/gio_002</formaatInformatieobject>
    <maker>/tooi/id/provincie/pv28</maker>
    <naamInformatieObject>natuurnetwerk Nederland: blijvend agrarisch gebied binnen Natura 2000-gebied</naamInformatieObject>
    <officieleTitel>/join/id/regdata/pv28/2024/gebiedsaanwijzing_3b580449b1bb434db747f36c930c6912</officieleTitel>
    <publicatieinstructie>TeConsolideren</publicatieinstructie>
</InformatieObjectMetadata>