<InformatieObjectVersieMetadata schemaversie="1.3.0" xmlns="https://standaarden.overheid.nl/stop/imop/data/">
    <heeftBestanden>
        <heeftBestand>
            <Bestand>
                <bestandsnaam>GIO-7e2a2a65.gml</bestandsnaam>
                <hash>1b0d1250653805bee138561a1469c4fbf293ba89aba4de17a42c9881f350eac32424c28c5b062a17114de8aa5b0bc4d8a255b5875cf5b4b07226426399849c1f</hash>
            </Bestand>
        </heeftBestand>
    </heeftBestanden>
    <heeftGeboorteregeling>/akn/nl/act/pv28/2024/ZHOV</heeftGeboorteregeling>
</InformatieObjectVersieMetadata>