<?xml version="1.0" encoding="UTF-8" standalone="yes"?>
<Pakbon xmlns:rol="http://www.geostandaarden.nl/imow/regelsoplocatie" xmlns:xsi="http://www.w3.org/2001/XMLSchema-instance" xmlns="https://standaarden.overheid.nl/stop/imop/uitwisseling/" schemaversie="1.3.0">
    <Component>
        <FRBRWork>/akn/nl/act/gm0297/2019/reg456</FRBRWork>
        <FRBRExpression>/akn/nl/act/gm0297/2019/reg456/nld@1</FRBRExpression>
        <soortWork>/join/id/stop/work_019</soortWork>
        <heeftModule>
            <Module>
                <localName>ExpressionIdentificatie</localName>
                <namespace>https://standaarden.overheid.nl/stop/imop/data/</namespace>
                <bestandsnaam>Regeling/Identificatie.xml</bestandsnaam>
                <mediatype>application/xml</mediatype>
                <schemaversie>1.3.0</schemaversie>
            </Module>
            <Module>
                <localName>RegelingVersieMetadata</localName>
                <namespace>https://standaarden.overheid.nl/stop/imop/data/</namespace>
                <bestandsnaam>Regeling/VersieMetadata.xml</bestandsnaam>
                <mediatype>application/xml</mediatype>
                <schemaversie>1.3.0</schemaversie>
            </Module>
            <Module>
                <localName>RegelingCompact</localName>
                <namespace>https://standaarden.overheid.nl/stop/imop/tekst/</namespace>
                <bestandsnaam>Regeling/Tekst.xml</bestandsnaam>
                <mediatype>application/xml</mediatype>
                <schemaversie>1.3.0</schemaversie>
            </Module>
            <Module>
                <localName>RegelingMetadata</localName>
                <namespace>https://standaarden.overheid.nl/stop/imop/data/</namespace>
                <bestandsnaam>Regeling/Metadata.xml</bestandsnaam>
                <mediatype>application/xml</mediatype>
                <schemaversie>1.3.0</schemaversie>
            </Module>
            <Module>
                <localName>Momentopname</localName>
                <namespace>https://standaarden.overheid.nl/stop/imop/data/</namespace>
                <bestandsnaam>Regeling/Momentopname.xml</bestandsnaam>
                <mediatype>application/xml</mediatype>
                <schemaversie>1.3.0</schemaversie>
            </Module>
            <Module>
                <localName>Aanleveringen</localName>
                <namespace>http://www.geostandaarden.nl/bestanden-ow/manifest-ow</namespace>
                <bestandsnaam>OW-bestanden/manifest-ow.xml</bestandsnaam>
                <mediatype>application/xml</mediatype>
                <schemaversie>1.0.4</schemaversie>
            </Module>
        </heeftModule>
    </Component>
    <Component>
        <FRBRWork>/join/id/regdata/gm0297/2019/Bedrijf_categorie_2</FRBRWork>
        <FRBRExpression>/join/id/regdata/gm0297/2019/Bedrijf_categorie_2/nld@2019-06-18;3520</FRBRExpression>
        <soortWork>/join/id/stop/work_010</soortWork>
        <heeftModule>
            <Module>
                <localName>ExpressionIdentificatie</localName>
                <namespace>https://standaarden.overheid.nl/stop/imop/data/</namespace>
                <bestandsnaam>IO-11720444151463335420/Identificatie.xml</bestandsnaam>
                <mediatype>application/xml</mediatype>
                <schemaversie>1.3.0</schemaversie>
            </Module>
            <Module>
                <localName>InformatieObjectVersieMetadata</localName>
                <namespace>https://standaarden.overheid.nl/stop/imop/data/</namespace>
                <bestandsnaam>IO-11720444151463335420/VersieMetadata.xml</bestandsnaam>
                <mediatype>application/xml</mediatype>
                <schemaversie>1.3.0</schemaversie>
            </Module>
            <Module>
                <localName>InformatieObjectMetadata</localName>
                <namespace>https://standaarden.overheid.nl/stop/imop/data/</namespace>
                <bestandsnaam>IO-11720444151463335420/Metadata.xml</bestandsnaam>
                <mediatype>application/xml</mediatype>
                <schemaversie>1.3.0</schemaversie>
            </Module>
            <Module>
                <localName>GeoInformatieObjectVersie</localName>
                <namespace>https://standaarden.overheid.nl/stop/imop/geo/</namespace>
                <bestandsnaam>IO-11720444151463335420/Bedrijf_categorie_2.gml</bestandsnaam>
                <mediatype>application/gml+xml</mediatype>
                <schemaversie>1.3.0</schemaversie>
            </Module>
            <Module>
                <localName>Momentopname</localName>
                <namespace>https://standaarden.overheid.nl/stop/imop/data/</namespace>
                <bestandsnaam>IO-11720444151463335420/Momentopname.xml</bestandsnaam>
                <mediatype>application/xml</mediatype>
                <schemaversie>1.3.0</schemaversie>
            </Module>
        </heeftModule>
    </Component>
    <Component>
        <FRBRWork>/join/id/regdata/gm0297/2019/Centrumgebied</FRBRWork>
        <FRBRExpression>/join/id/regdata/gm0297/2019/Centrumgebied/nld@2019-06-18;3520</FRBRExpression>
        <soortWork>/join/id/stop/work_010</soortWork>
        <heeftModule>
            <Module>
                <localName>ExpressionIdentificatie</localName>
                <namespace>https://standaarden.overheid.nl/stop/imop/data/</namespace>
                <bestandsnaam>IO-3904162226355973189/Identificatie.xml</bestandsnaam>
                <mediatype>application/xml</mediatype>
                <schemaversie>1.3.0</schemaversie>
            </Module>
            <Module>
                <localName>InformatieObjectVersieMetadata</localName>
                <namespace>https://standaarden.overheid.nl/stop/imop/data/</namespace>
                <bestandsnaam>IO-3904162226355973189/VersieMetadata.xml</bestandsnaam>
                <mediatype>application/xml</mediatype>
                <schemaversie>1.3.0</schemaversie>
            </Module>
            <Module>
                <localName>InformatieObjectMetadata</localName>
                <namespace>https://standaarden.overheid.nl/stop/imop/data/</namespace>
                <bestandsnaam>IO-3904162226355973189/Metadata.xml</bestandsnaam>
                <mediatype>application/xml</mediatype>
                <schemaversie>1.3.0</schemaversie>
            </Module>
            <Module>
                <localName>GeoInformatieObjectVersie</localName>
                <namespace>https://standaarden.overheid.nl/stop/imop/geo/</namespace>
                <bestandsnaam>IO-3904162226355973189/Centrumgebied.gml</bestandsnaam>
                <mediatype>application/gml+xml</mediatype>
                <schemaversie>1.3.0</schemaversie>
            </Module>
            <Module>
                <localName>Momentopname</localName>
                <namespace>https://standaarden.overheid.nl/stop/imop/data/</namespace>
                <bestandsnaam>IO-3904162226355973189/Momentopname.xml</bestandsnaam>
                <mediatype>application/xml</mediatype>
                <schemaversie>1.3.0</schemaversie>
            </Module>
        </heeftModule>
    </Component>
    <Component>
        <FRBRWork>/join/id/regdata/gm0297/2019/Speelhal</FRBRWork>
        <FRBRExpression>/join/id/regdata/gm0297/2019/Speelhal/nld@2019-06-18;3520</FRBRExpression>
        <soortWork>/join/id/stop/work_010</soortWork>
        <heeftModule>
            <Module>
                <localName>ExpressionIdentificatie</localName>
                <namespace>https://standaarden.overheid.nl/stop/imop/data/</namespace>
                <bestandsnaam>IO-2532327482081185203/Identificatie.xml</bestandsnaam>
                <mediatype>application/xml</mediatype>
                <schemaversie>1.3.0</schemaversie>
            </Module>
            <Module>
                <localName>InformatieObjectVersieMetadata</localName>
                <namespace>https://standaarden.overheid.nl/stop/imop/data/</namespace>
                <bestandsnaam>IO-2532327482081185203/VersieMetadata.xml</bestandsnaam>
                <mediatype>application/xml</mediatype>
                <schemaversie>1.3.0</schemaversie>
            </Module>
            <Module>
                <localName>InformatieObjectMetadata</localName>
                <namespace>https://standaarden.overheid.nl/stop/imop/data/</namespace>
                <bestandsnaam>IO-2532327482081185203/Metadata.xml</bestandsnaam>
                <mediatype>application/xml</mediatype>
                <schemaversie>1.3.0</schemaversie>
            </Module>
            <Module>
                <localName>GeoInformatieObjectVersie</localName>
                <namespace>https://standaarden.overheid.nl/stop/imop/geo/</namespace>
                <bestandsnaam>IO-2532327482081185203/Speelhal.gml</bestandsnaam>
                <mediatype>application/gml+xml</mediatype>
                <schemaversie>1.3.0</schemaversie>
            </Module>
            <Module>
                <localName>Momentopname</localName>
                <namespace>https://standaarden.overheid.nl/stop/imop/data/</namespace>
                <bestandsnaam>IO-2532327482081185203/Momentopname.xml</bestandsnaam>
                <mediatype>application/xml</mediatype>
                <schemaversie>1.3.0</schemaversie>
            </Module>
        </heeftModule>
    </Component>
    <Component>
        <FRBRWork>/join/id/regdata/gm0297/2019/Bouwhoogte</FRBRWork>
        <FRBRExpression>/join/id/regdata/gm0297/2019/Bouwhoogte/nld@2019-06-18;3520</FRBRExpression>
        <soortWork>/join/id/stop/work_010</soortWork>
        <heeftModule>
            <Module>
                <localName>ExpressionIdentificatie</localName>
                <namespace>https://standaarden.overheid.nl/stop/imop/data/</namespace>
                <bestandsnaam>IO-3642319606482791992/Identificatie.xml</bestandsnaam>
                <mediatype>application/xml</mediatype>
                <schemaversie>1.3.0</schemaversie>
            </Module>
            <Module>
                <localName>InformatieObjectVersieMetadata</localName>
                <namespace>https://standaarden.overheid.nl/stop/imop/data/</namespace>
                <bestandsnaam>IO-3642319606482791992/VersieMetadata.xml</bestandsnaam>
                <mediatype>application/xml</mediatype>
                <schemaversie>1.3.0</schemaversie>
            </Module>
            <Module>
                <localName>InformatieObjectMetadata</localName>
                <namespace>https://standaarden.overheid.nl/stop/imop/data/</namespace>
                <bestandsnaam>IO-3642319606482791992/Metadata.xml</bestandsnaam>
                <mediatype>application/xml</mediatype>
                <schemaversie>1.3.0</schemaversie>
            </Module>
            <Module>
                <localName>FeatureTypeStyle</localName>
                <namespace>http://www.opengis.net/se</namespace>
                <bestandsnaam>IO-3642319606482791992/FeatureTypeStyle.xml</bestandsnaam>
                <mediatype>application/xml</mediatype>
                <schemaversie>1.3.0</schemaversie>
            </Module>
            <Module>
                <localName>GeoInformatieObjectVersie</localName>
                <namespace>https://standaarden.overheid.nl/stop/imop/geo/</namespace>
                <bestandsnaam>IO-3642319606482791992/Bouwhoogte.gml</bestandsnaam>
                <mediatype>application/gml+xml</mediatype>
                <schemaversie>1.3.0</schemaversie>
            </Module>
            <Module>
                <localName>Momentopname</localName>
                <namespace>https://standaarden.overheid.nl/stop/imop/data/</namespace>
                <bestandsnaam>IO-3642319606482791992/Momentopname.xml</bestandsnaam>
                <mediatype>application/xml</mediatype>
                <schemaversie>1.3.0</schemaversie>
            </Module>
        </heeftModule>
    </Component>
    <Component>
        <FRBRWork>/join/id/regdata/gm0297/2019/Welstand</FRBRWork>
        <FRBRExpression>/join/id/regdata/gm0297/2019/Welstand/nld@2019-06-18;3520</FRBRExpression>
        <soortWork>/join/id/stop/work_010</soortWork>
        <heeftModule>
            <Module>
                <localName>ExpressionIdentificatie</localName>
                <namespace>https://standaarden.overheid.nl/stop/imop/data/</namespace>
                <bestandsnaam>IO-13503928799666621855/Identificatie.xml</bestandsnaam>
                <mediatype>application/xml</mediatype>
                <schemaversie>1.3.0</schemaversie>
            </Module>
            <Module>
                <localName>InformatieObjectVersieMetadata</localName>
                <namespace>https://standaarden.overheid.nl/stop/imop/data/</namespace>
                <bestandsnaam>IO-13503928799666621855/VersieMetadata.xml</bestandsnaam>
                <mediatype>application/xml</mediatype>
                <schemaversie>1.3.0</schemaversie>
            </Module>
            <Module>
                <localName>InformatieObjectMetadata</localName>
                <namespace>https://standaarden.overheid.nl/stop/imop/data/</namespace>
                <bestandsnaam>IO-13503928799666621855/Metadata.xml</bestandsnaam>
                <mediatype>application/xml</mediatype>
                <schemaversie>1.3.0</schemaversie>
            </Module>
            <Module>
                <localName>FeatureTypeStyle</localName>
                <namespace>http://www.opengis.net/se</namespace>
                <bestandsnaam>IO-13503928799666621855/FeatureTypeStyle.xml</bestandsnaam>
                <mediatype>application/xml</mediatype>
                <schemaversie>1.3.0</schemaversie>
            </Module>
            <Module>
                <localName>GeoInformatieObjectVersie</localName>
                <namespace>https://standaarden.overheid.nl/stop/imop/geo/</namespace>
                <bestandsnaam>IO-13503928799666621855/Welstand.gml</bestandsnaam>
                <mediatype>application/gml+xml</mediatype>
                <schemaversie>1.3.0</schemaversie>
            </Module>
            <Module>
                <localName>Momentopname</localName>
                <namespace>https://standaarden.overheid.nl/stop/imop/data/</namespace>
                <bestandsnaam>IO-13503928799666621855/Momentopname.xml</bestandsnaam>
                <mediatype>application/xml</mediatype>
                <schemaversie>1.3.0</schemaversie>
            </Module>
        </heeftModule>
    </Component>
    <Component>
        <FRBRWork>/join/id/regdata/gm0297/2019/Zone_A</FRBRWork>
        <FRBRExpression>/join/id/regdata/gm0297/2019/Zone_A/nld@2019-06-18;3520</FRBRExpression>
        <soortWork>/join/id/stop/work_010</soortWork>
        <heeftModule>
            <Module>
                <localName>ExpressionIdentificatie</localName>
                <namespace>https://standaarden.overheid.nl/stop/imop/data/</namespace>
                <bestandsnaam>IO-4193505734249179753/Identificatie.xml</bestandsnaam>
                <mediatype>application/xml</mediatype>
                <schemaversie>1.3.0</schemaversie>
            </Module>
            <Module>
                <localName>InformatieObjectVersieMetadata</localName>
                <namespace>https://standaarden.overheid.nl/stop/imop/data/</namespace>
                <bestandsnaam>IO-4193505734249179753/VersieMetadata.xml</bestandsnaam>
                <mediatype>application/xml</mediatype>
                <schemaversie>1.3.0</schemaversie>
            </Module>
            <Module>
                <localName>InformatieObjectMetadata</localName>
                <namespace>https://standaarden.overheid.nl/stop/imop/data/</namespace>
                <bestandsnaam>IO-4193505734249179753/Metadata.xml</bestandsnaam>
                <mediatype>application/xml</mediatype>
                <schemaversie>1.3.0</schemaversie>
            </Module>
            <Module>
                <localName>GeoInformatieObjectVersie</localName>
                <namespace>https://standaarden.overheid.nl/stop/imop/geo/</namespace>
                <bestandsnaam>IO-4193505734249179753/Zone_A.gml</bestandsnaam>
                <mediatype>application/gml+xml</mediatype>
                <schemaversie>1.3.0</schemaversie>
            </Module>
            <Module>
                <localName>Momentopname</localName>
                <namespace>https://standaarden.overheid.nl/stop/imop/data/</namespace>
                <bestandsnaam>IO-4193505734249179753/Momentopname.xml</bestandsnaam>
                <mediatype>application/xml</mediatype>
                <schemaversie>1.3.0</schemaversie>
            </Module>
        </heeftModule>
    </Component>
    <Component>
        <FRBRWork>/join/id/regdata/gm0297/2019/Zone_B</FRBRWork>
        <FRBRExpression>/join/id/regdata/gm0297/2019/Zone_B/nld@2019-06-18;3520</FRBRExpression>
        <soortWork>/join/id/stop/work_010</soortWork>
        <heeftModule>
            <Module>
                <localName>ExpressionIdentificatie</localName>
                <namespace>https://standaarden.overheid.nl/stop/imop/data/</namespace>
                <bestandsnaam>IO-10182618571177054896/Identificatie.xml</bestandsnaam>
                <mediatype>application/xml</mediatype>
                <schemaversie>1.3.0</schemaversie>
            </Module>
            <Module>
                <localName>InformatieObjectVersieMetadata</localName>
                <namespace>https://standaarden.overheid.nl/stop/imop/data/</namespace>
                <bestandsnaam>IO-10182618571177054896/VersieMetadata.xml</bestandsnaam>
                <mediatype>application/xml</mediatype>
                <schemaversie>1.3.0</schemaversie>
            </Module>
            <Module>
                <localName>InformatieObjectMetadata</localName>
                <namespace>https://standaarden.overheid.nl/stop/imop/data/</namespace>
                <bestandsnaam>IO-10182618571177054896/Metadata.xml</bestandsnaam>
                <mediatype>application/xml</mediatype>
                <schemaversie>1.3.0</schemaversie>
            </Module>
            <Module>
                <localName>GeoInformatieObjectVersie</localName>
                <namespace>https://standaarden.overheid.nl/stop/imop/geo/</namespace>
                <bestandsnaam>IO-10182618571177054896/Zone_B.gml</bestandsnaam>
                <mediatype>application/gml+xml</mediatype>
                <schemaversie>1.3.0</schemaversie>
            </Module>
            <Module>
                <localName>Momentopname</localName>
                <namespace>https://standaarden.overheid.nl/stop/imop/data/</namespace>
                <bestandsnaam>IO-10182618571177054896/Momentopname.xml</bestandsnaam>
                <mediatype>application/xml</mediatype>
                <schemaversie>1.3.0</schemaversie>
            </Module>
        </heeftModule>
    </Component>
    <Component>
        <FRBRWork>/join/id/regdata/gm0297/2019/Zuilichem</FRBRWork>
        <FRBRExpression>/join/id/regdata/gm0297/2019/Zuilichem/nld@2019-06-18;3520</FRBRExpression>
        <soortWork>/join/id/stop/work_010</soortWork>
        <heeftModule>
            <Module>
                <localName>ExpressionIdentificatie</localName>
                <namespace>https://standaarden.overheid.nl/stop/imop/data/</namespace>
                <bestandsnaam>IO-14597034620182508107/Identificatie.xml</bestandsnaam>
                <mediatype>application/xml</mediatype>
                <schemaversie>1.3.0</schemaversie>
            </Module>
            <Module>
                <localName>InformatieObjectVersieMetadata</localName>
                <namespace>https://standaarden.overheid.nl/stop/imop/data/</namespace>
                <bestandsnaam>IO-14597034620182508107/VersieMetadata.xml</bestandsnaam>
                <mediatype>application/xml</mediatype>
                <schemaversie>1.3.0</schemaversie>
            </Module>
            <Module>
                <localName>InformatieObjectMetadata</localName>
                <namespace>https://standaarden.overheid.nl/stop/imop/data/</namespace>
                <bestandsnaam>IO-14597034620182508107/Metadata.xml</bestandsnaam>
                <mediatype>application/xml</mediatype>
                <schemaversie>1.3.0</schemaversie>
            </Module>
            <Module>
                <localName>GeoInformatieObjectVersie</localName>
                <namespace>https://standaarden.overheid.nl/stop/imop/geo/</namespace>
                <bestandsnaam>IO-14597034620182508107/Zuilichem.gml</bestandsnaam>
                <mediatype>application/gml+xml</mediatype>
                <schemaversie>1.3.0</schemaversie>
            </Module>
            <Module>
                <localName>Momentopname</localName>
                <namespace>https://standaarden.overheid.nl/stop/imop/data/</namespace>
                <bestandsnaam>IO-14597034620182508107/Momentopname.xml</bestandsnaam>
                <mediatype>application/xml</mediatype>
                <schemaversie>1.3.0</schemaversie>
            </Module>
        </heeftModule>
    </Component>
    <Component>
        <FRBRWork>/join/id/regdata/gm0297/2020/PDF</FRBRWork>
        <FRBRExpression>/join/id/regdata/gm0297/2020/PDF/nld@2020-06-18;3520</FRBRExpression>
        <soortWork>/join/id/stop/work_010</soortWork>
        <heeftModule>
            <Module>
                <localName>ExpressionIdentificatie</localName>
                <namespace>https://standaarden.overheid.nl/stop/imop/data/</namespace>
                <bestandsnaam>IO-6604134138365027465/Identificatie.xml</bestandsnaam>
                <mediatype>application/xml</mediatype>
                <schemaversie>1.3.0</schemaversie>
            </Module>
            <Module>
                <localName>InformatieObjectVersieMetadata</localName>
                <namespace>https://standaarden.overheid.nl/stop/imop/data/</namespace>
                <bestandsnaam>IO-6604134138365027465/VersieMetadata.xml</bestandsnaam>
                <mediatype>application/xml</mediatype>
                <schemaversie>1.3.0</schemaversie>
            </Module>
            <Module>
                <localName>InformatieObjectMetadata</localName>
                <namespace>https://standaarden.overheid.nl/stop/imop/data/</namespace>
                <bestandsnaam>IO-6604134138365027465/Metadata.xml</bestandsnaam>
                <mediatype>application/xml</mediatype>
                <schemaversie>1.3.0</schemaversie>
            </Module>
            <Module>
                <localName>Momentopname</localName>
                <namespace>https://standaarden.overheid.nl/stop/imop/data/</namespace>
                <bestandsnaam>IO-6604134138365027465/Momentopname.xml</bestandsnaam>
                <mediatype>application/xml</mediatype>
                <schemaversie>1.3.0</schemaversie>
            </Module>
        </heeftModule>
        <heeftBestand>
            <Bestand>
                <bestandsnaam>IO-6604134138365027465/Regdata.pdf</bestandsnaam>
                <mediatype>application/pdf</mediatype>
            </Bestand>
        </heeftBestand>
    </Component>
</Pakbon>
