<InformatieObjectVersieMetadata schemaversie="1.3.0" xmlns="https://standaarden.overheid.nl/stop/imop/data/">
    <heeftBestanden>
        <heeftBestand>
            <Bestand>
                <bestandsnaam>GIO-30fc7b62.gml</bestandsnaam>
                <hash>e6c673c9519d91e45cc0dec5190e39d6a00e74cce59f6a7849ef3342c043a9f8c3dd673701f1cc3d050cf19e9c0a7aba971fd09c0d30aca74dce587275214738</hash>
            </Bestand>
        </heeftBestand>
    </heeftBestanden>
    <heeftGeboorteregeling>/akn/nl/act/pv28/2024/ZHOV</heeftGeboorteregeling>
</InformatieObjectVersieMetadata>