<InformatieObjectVersieMetadata schemaversie="1.3.0" xmlns="https://standaarden.overheid.nl/stop/imop/data/">
    <heeftBestanden>
        <heeftBestand>
            <Bestand>
                <bestandsnaam>GIO-e1a64c91.gml</bestandsnaam>
                <hash>068483b435cfbd88518eeb297dbdb09b3d9e4d2d33c87329a94f17223f5192cce447d1aed813554675b3293310ec9db69e5568a3eb29f6fca3314c0e87229064</hash>
            </Bestand>
        </heeftBestand>
    </heeftBestanden>
    <heeftGeboorteregeling>/akn/nl/act/pv28/2024/ZHOV</heeftGeboorteregeling>
</InformatieObjectVersieMetadata>