<InformatieObjectVersieMetadata schemaversie="1.3.0" xmlns="https://standaarden.overheid.nl/stop/imop/data/">
    <heeftBestanden>
        <heeftBestand>
            <Bestand>
                <bestandsnaam>GIO-74a9c7b9.gml</bestandsnaam>
                <hash>a329dc9b225ebc965aa617fdc6ba287cc0d0fb851b7c86defd33c2691cf7d7bbfb8a425ab733af3a82f817f45c7f8e731001a70f9b3fef74a3df6c343e7376ef</hash>
            </Bestand>
        </heeftBestand>
    </heeftBestanden>
    <heeftGeboorteregeling>/akn/nl/act/pv28/2024/ZHOV</heeftGeboorteregeling>
</InformatieObjectVersieMetadata>