<InformatieObjectVersieMetadata schemaversie="1.3.0" xmlns="https://standaarden.overheid.nl/stop/imop/data/">
    <heeftBestanden>
        <heeftBestand>
            <Bestand>
                <bestandsnaam>GIO-839bfd4a.gml</bestandsnaam>
                <hash>a5d9fca09a2cc291a3eef4228d66c841909d992c970bd3cb7382d49418e4c4f162c5050df3a03ab99029deabab289e1101eda37c2374b4d4daeced87ccb727fb</hash>
            </Bestand>
        </heeftBestand>
    </heeftBestanden>
    <heeftGeboorteregeling>/akn/nl/act/pv28/2024/ZHOV</heeftGeboorteregeling>
</InformatieObjectVersieMetadata>