<InformatieObjectVersieMetadata schemaversie="1.3.0" xmlns="https://standaarden.overheid.nl/stop/imop/data/">
    <heeftBestanden>
        <heeftBestand>
            <Bestand>
                <bestandsnaam>GIO-4e63accc.gml</bestandsnaam>
                <hash>7ad060527e2cb8971492ffa8376902efb178ee90b8c5753808993bbdf4d58538fbe954e9d51731f9702835be13431575f0aea0be1e6338b312c52d0f0538253f</hash>
            </Bestand>
        </heeftBestand>
    </heeftBestanden>
    <heeftGeboorteregeling>/akn/nl/act/pv28/2024/ZHOV</heeftGeboorteregeling>
</InformatieObjectVersieMetadata>