<?xml version="1.0" encoding="UTF-8" standalone="yes"?>
<ow-dc:owBestand xmlns:rol="http://www.geostandaarden.nl/imow/regelsoplocatie" xmlns:schemaLocation="http://www.geostandaarden.nl/imow/bestanden/deelbestand https://register.geostandaarden.nl/xmlschema/tpod/v2.0.0/bestanden-ow/deelbestand-ow/IMOW_Deelbestand.xsd" xmlns:rg="http://www.geostandaarden.nl/imow/regelingsgebied" xmlns:da="http://www.geostandaarden.nl/imow/datatypenalgemeen" xmlns:l="http://www.geostandaarden.nl/imow/locatie" xmlns:sym="http://www.geostandaarden.nl/imow/symbolisatie" xmlns:xsi="http://www.w3.org/2001/XMLSchema-instance" xmlns:kaart="http://www.geostandaarden.nl/imow/kaart" xmlns="http://www.geostandaarden.nl/bestanden-ow/manifest-ow" xmlns:xlink="http://www.w3.org/1999/xlink" xmlns:ow-dc="http://www.geostandaarden.nl/imow/bestanden/deelbestand" xmlns:ga="http://www.geostandaarden.nl/imow/gebiedsaanwijzing" xmlns:sl="http://www.geostandaarden.nl/bestanden-ow/standlevering-generiek" xmlns:p="http://www.geostandaarden.nl/imow/pons" xmlns:regels="http://www.geostandaarden.nl/imow/regels" xmlns:ow="http://www.geostandaarden.nl/imow/owobject" xmlns:vt="http://www.geostandaarden.nl/imow/vrijetekst" xmlns:op="http://www.geostandaarden.nl/imow/opobject">
    <sl:standBestand>
        <sl:dataset>Onbekend</sl:dataset>
        <sl:inhoud>
            <sl:gebied>Onbekend</sl:gebied>
            <sl:leveringsId>Onbekend</sl:leveringsId>
            <sl:objectTypen>
                <sl:objectType>Omgevingsnorm</sl:objectType>
            </sl:objectTypen>
        </sl:inhoud>
        <sl:stand>
            <ow-dc:owObject>
                <rol:Omgevingsnorm>
                    <rol:identificatie>nl.imow-gm0297.omgevingsnorm.2019000002</rol:identificatie>
                    <rol:naam>maximum bouwhoogte bedrijfsgebouw</rol:naam>
                    <rol:type>http://standaarden.omgevingswet.overheid.nl/typenorm/id/concept/MaximumBouwhoogte</rol:type>
                    <rol:eenheid>http://standaarden.omgevingswet.overheid.nl/eenheid/id/concept/Meter</rol:eenheid>
                    <rol:normwaarde>
                        <rol:Normwaarde>
                            <rol:identificatie>nl.imow-gm0297.normwaarde.2019000002</rol:identificatie>
                            <rol:kwantitatieveWaarde>13</rol:kwantitatieveWaarde>
                            <rol:locatieaanduiding>
<l:LocatieRef xlink:href="nl.imow-gm0297.gebied.2019000010"/>
<l:LocatieRef xlink:href="nl.imow-gm0297.gebied.2019000013"/>
                            </rol:locatieaanduiding>
                        </rol:Normwaarde>
                        <rol:Normwaarde>
                            <rol:identificatie>nl.imow-gm0297.normwaarde.2019000003</rol:identificatie>
                            <rol:kwantitatieveWaarde>7</rol:kwantitatieveWaarde>
                            <rol:locatieaanduiding>
<l:LocatieRef xlink:href="nl.imow-gm0297.gebied.2019000008"/>
<l:LocatieRef xlink:href="nl.imow-gm0297.gebied.2019000009"/>
                            </rol:locatieaanduiding>
                        </rol:Normwaarde>
                    </rol:normwaarde>
                    <rol:groep>http://standaarden.omgevingswet.overheid.nl/omgevingsnorm/id/concept/Bouwaanduiding</rol:groep>
                </rol:Omgevingsnorm>
            </ow-dc:owObject>
        </sl:stand>
        <sl:stand>
            <ow-dc:owObject>
                <rol:Omgevingsnorm>
                    <rol:identificatie>nl.imow-gm0297.omgevingsnorm.2019000003</rol:identificatie>
                    <rol:naam>welstandsniveau</rol:naam>
                    <rol:type>http://standaarden.omgevingswet.overheid.nl/typenorm/id/concept/MaximumBouwhoogte</rol:type>
                    <rol:normwaarde>
                        <rol:Normwaarde>
                            <rol:identificatie>nl.imow-gm0297.normwaarde.2019000004</rol:identificatie>
                            <rol:kwalitatieveWaarde>laag</rol:kwalitatieveWaarde>
                            <rol:locatieaanduiding>
<l:LocatieRef xlink:href="nl.imow-gm0297.gebied.2019000015"/>
                            </rol:locatieaanduiding>
                        </rol:Normwaarde>
                        <rol:Normwaarde>
                            <rol:identificatie>nl.imow-gm0297.normwaarde.2019000005</rol:identificatie>
                            <rol:kwalitatieveWaarde>midden</rol:kwalitatieveWaarde>
                            <rol:locatieaanduiding>
<l:LocatieRef xlink:href="nl.imow-gm0297.gebied.2019000014"/>
                            </rol:locatieaanduiding>
                        </rol:Normwaarde>
                        <rol:Normwaarde>
                            <rol:identificatie>nl.imow-gm0297.normwaarde.2019000006</rol:identificatie>
                            <rol:kwalitatieveWaarde>hoog</rol:kwalitatieveWaarde>
                            <rol:locatieaanduiding>
<l:LocatieRef xlink:href="nl.imow-gm0297.gebied.2019000016"/>
                            </rol:locatieaanduiding>
                        </rol:Normwaarde>
                    </rol:normwaarde>
                    <rol:groep>http://standaarden.omgevingswet.overheid.nl/omgevingsnorm/id/concept/Bouwaanduiding</rol:groep>
                </rol:Omgevingsnorm>
            </ow-dc:owObject>
        </sl:stand>
    </sl:standBestand>
</ow-dc:owBestand>
