<InformatieObjectVersieMetadata schemaversie="1.3.0" xmlns="https://standaarden.overheid.nl/stop/imop/data/">
    <heeftBestanden>
        <heeftBestand>
            <Bestand>
                <bestandsnaam>GIO-bd826e0c.gml</bestandsnaam>
                <hash>d606829e29fcf4af1b8a1415ccd8c7ca19d5f8f5c3024a68db323c2ba286344940f429bfdb0361800c8078e5e4cb5bbd44b499beabce3b3f3b78f6f75a402455</hash>
            </Bestand>
        </heeftBestand>
    </heeftBestanden>
    <heeftGeboorteregeling>/akn/nl/act/pv28/2024/ZHOV</heeftGeboorteregeling>
</InformatieObjectVersieMetadata>