<?xml version="1.0" encoding="UTF-8" standalone="no"?>
<manifest xmlns="http://www.overheid.nl/2017/lvbb">
  <bestand>
    <bestandsnaam>IO-9079973851626898484/Momentopname.xml</bestandsnaam>
    <contentType>application/xml</contentType>
  </bestand>
  <bestand>
    <bestandsnaam>OW-bestanden/gebieden.xml</bestandsnaam>
    <contentType>application/xml</contentType>
  </bestand>
  <bestand>
    <bestandsnaam>OW-bestanden/gebiedengroepen.xml</bestandsnaam>
    <contentType>application/xml</contentType>
  </bestand>
  <bestand>
    <bestandsnaam>jpg_99c72f46-bd66-45d2-b9fa-80a57d433757-v1.jpg</bestandsnaam>
    <contentType>image/jpeg</contentType>
  </bestand>
  <bestand>
    <bestandsnaam>OW-bestanden/divisieteksten.xml</bestandsnaam>
    <contentType>application/xml</contentType>
  </bestand>
  <bestand>
    <bestandsnaam>gml_Geldersnatuurnetwerk-v1.gml</bestandsnaam>
    <contentType>application/gml+xml</contentType>
  </bestand>
  <bestand>
    <bestandsnaam>jpg_3537ea72-83f4-479f-8231-43a5d1be0014-v1.jpg</bestandsnaam>
    <contentType>image/jpeg</contentType>
  </bestand>
  <bestand>
    <bestandsnaam>jpg_ef529412-3716-4d09-9877-bfe8a0bc440c-v1.jpg</bestandsnaam>
    <contentType>image/jpeg</contentType>
  </bestand>
  <bestand>
    <bestandsnaam>opdracht.xml</bestandsnaam>
    <contentType>application/xml</contentType>
  </bestand>
  <bestand>
    <bestandsnaam>jpg_13cbb9b8-1357-4a7d-bfba-45ee7535a253-v1.jpg</bestandsnaam>
    <contentType>image/jpeg</contentType>
  </bestand>
  <bestand>
    <bestandsnaam>jpg_aa65fe68-cd17-4bb6-8a56-a04039a8efce-v1.jpg</bestandsnaam>
    <contentType>image/jpeg</contentType>
  </bestand>
  <bestand>
    <bestandsnaam>IO-9079973851626898484/Metadata.xml</bestandsnaam>
    <contentType>application/xml</contentType>
  </bestand>
  <bestand>
    <bestandsnaam>besluit.xml</bestandsnaam>
    <contentType>application/xml</contentType>
  </bestand>
  <bestand>
    <bestandsnaam>OW-bestanden/hoofdlijnen.xml</bestandsnaam>
    <contentType>application/xml</contentType>
  </bestand>
  <bestand>
    <bestandsnaam>OW-bestanden/tekstdelen.xml</bestandsnaam>
    <contentType>application/xml</contentType>
  </bestand>
  <bestand>
    <bestandsnaam>jpg_248b1dcb-8503-4f0d-933a-f98df5a8c4b0-v1.jpg</bestandsnaam>
    <contentType>image/jpeg</contentType>
  </bestand>
  <bestand>
    <bestandsnaam>IO-9079973851626898484/Identificatie.xml</bestandsnaam>
    <contentType>application/xml</contentType>
  </bestand>
  <bestand>
    <bestandsnaam>OW-bestanden/ambtsgebieden.xml</bestandsnaam>
    <contentType>application/xml</contentType>
  </bestand>
  <bestand>
    <bestandsnaam>jpg_ea57daa6-e24f-4ad5-ad39-4f11e2834537-v1.jpg</bestandsnaam>
    <contentType>image/jpeg</contentType>
  </bestand>
  <bestand>
    <bestandsnaam>IO-9079973851626898484/VersieMetadata.xml</bestandsnaam>
    <contentType>application/xml</contentType>
  </bestand>
  <bestand>
    <bestandsnaam>jpg_dc74a2e9-fd9c-4cab-95af-822d20ade88d-v1.jpg</bestandsnaam>
    <contentType>image/jpeg</contentType>
  </bestand>
  <bestand>
    <bestandsnaam>jpg_a0dcaa75-285e-4a6b-94ef-363a9ceea4f9-v1.jpg</bestandsnaam>
    <contentType>image/jpeg</contentType>
  </bestand>
  <bestand>
    <bestandsnaam>jpg_a76c3d90-399b-429f-b172-acb916d6f9f8-v1.jpg</bestandsnaam>
    <contentType>image/jpeg</contentType>
  </bestand>
  <bestand>
    <bestandsnaam>jpg_86fa3555-b2e6-4584-8d6c-b1cf704ddc0d-v1.jpg</bestandsnaam>
    <contentType>image/jpeg</contentType>
  </bestand>
  <bestand>
    <bestandsnaam>jpg_9d5604b3-9bba-49b4-a5fd-97831cc468c3-v1.jpg</bestandsnaam>
    <contentType>image/jpeg</contentType>
  </bestand>
  <bestand>
    <bestandsnaam>jpg_a12f4055-ed17-40c2-8b9d-e9d22f06f7d7-v1.jpg</bestandsnaam>
    <contentType>image/jpeg</contentType>
  </bestand>
  <bestand>
    <bestandsnaam>OW-bestanden/regelingsgebieden.xml</bestandsnaam>
    <contentType>application/xml</contentType>
  </bestand>
  <bestand>
    <bestandsnaam>OW-bestanden/manifest-ow.xml</bestandsnaam>
    <contentType>application/xml</contentType>
  </bestand>
  <bestand>
    <bestandsnaam>manifest.xml</bestandsnaam>
    <contentType>application/xml</contentType>
  </bestand>
  <bestand>
    <bestandsnaam>jpg_97cbd11a-1f81-4c52-8362-5abba3a7ea04-v1.jpg</bestandsnaam>
    <contentType>image/jpeg</contentType>
  </bestand>
</manifest>
