<data:InformatieObjectMetadata schemaversie="1.3.0" xmlns:data="https://standaarden.overheid.nl/stop/imop/data/">
  <data:eindverantwoordelijke>/tooi/id/provincie/pv30</data:eindverantwoordelijke>
  <data:formaatInformatieobject>/join/id/stop/informatieobject/gio_002</data:formaatInformatieobject>
  <data:maker>/tooi/id/provincie/pv30</data:maker>
  <data:naamInformatieObject>Aalanden</data:naamInformatieObject>
  <data:officieleTitel>/join/id/regdata/pv30/2024/136gio33a54856-31da-4c4d-bd9d-7eada1920408</data:officieleTitel>
  <data:publicatieinstructie>TeConsolideren</data:publicatieinstructie>
</data:InformatieObjectMetadata>