<InformatieObjectVersieMetadata schemaversie="1.3.0" xmlns="https://standaarden.overheid.nl/stop/imop/data/">
    <heeftBestanden>
        <heeftBestand>
            <Bestand>
                <bestandsnaam>GIO-0c95a5cc.gml</bestandsnaam>
                <hash>76e4e9d4a09868f8618dae6ce476c4f86f6872b693f9a9b7c0ab179cb422e6d53f36fc0ddc9784387d44cc72464e6e0c32b32c20bc159b77243d6570be68e712</hash>
            </Bestand>
        </heeftBestand>
    </heeftBestanden>
    <heeftGeboorteregeling>/akn/nl/act/pv28/2024/ZHOV</heeftGeboorteregeling>
</InformatieObjectVersieMetadata>