<data:RegelingMetadata schemaversie="1.3.0" xmlns:data="https://standaarden.overheid.nl/stop/imop/data/">
  <data:eindverantwoordelijke>/tooi/id/gemeente/gm0233</data:eindverantwoordelijke>
  <data:maker>/tooi/id/ministerie/mnre1034</data:maker>
  <data:officieleTitel>Omgevingsplan gemeente Ermelo</data:officieleTitel>
  <data:onderwerpen>
    <data:onderwerp>/tooi/def/concept/c_db2fbedb</data:onderwerp>
    <data:onderwerp>/tooi/def/concept/c_a6a9eddd</data:onderwerp>
    <data:onderwerp>/tooi/def/concept/c_389a72e6</data:onderwerp>
    <data:onderwerp>/tooi/def/concept/c_2408fb5a</data:onderwerp>
    <data:onderwerp>/tooi/def/concept/c_124eaf3a</data:onderwerp>
    <data:onderwerp>/tooi/def/concept/c_75809540</data:onderwerp>
    <data:onderwerp>/tooi/def/concept/c_9f410ab6</data:onderwerp>
    <data:onderwerp>/tooi/def/concept/c_beb01b1c</data:onderwerp>
    <data:onderwerp>/tooi/def/concept/c_70e03904</data:onderwerp>
    <data:onderwerp>/tooi/def/concept/c_9af4b880</data:onderwerp>
    <data:onderwerp>/tooi/def/concept/c_afa30a11</data:onderwerp>
    <data:onderwerp>/tooi/def/concept/c_a6c5e5b8</data:onderwerp>
    <data:onderwerp>/tooi/def/concept/c_cfc7d5ab</data:onderwerp>
  </data:onderwerpen>
  <data:overheidsdomeinen>
    <data:overheidsdomein>/tooi/def/concept/c_86b84a9d</data:overheidsdomein>
    <data:overheidsdomein>/tooi/def/concept/c_3708ac5e</data:overheidsdomein>
  </data:overheidsdomeinen>
  <data:rechtsgebieden>
    <data:rechtsgebied>/tooi/def/concept/c_638d8062</data:rechtsgebied>
  </data:rechtsgebieden>
  <data:soortRegeling>/join/id/stop/regelingtype_003</data:soortRegeling>
  <data:soortBestuursorgaan>/tooi/def/thes/kern/c_2a7d8663</data:soortBestuursorgaan>
</data:RegelingMetadata>