<InformatieObjectVersieMetadata schemaversie="1.3.0" xmlns="https://standaarden.overheid.nl/stop/imop/data/">
    <heeftBestanden>
        <heeftBestand>
            <Bestand>
                <bestandsnaam>GIO-827d2751.gml</bestandsnaam>
                <hash>b9eb7ccfc21a463627082dc82ba6a767c7398596903ad9cf54494c623577a7f1b062096bd1af467b1c0f9df1243348a9242ebb1e605bfda6e1b942c8fb170190</hash>
            </Bestand>
        </heeftBestand>
    </heeftBestanden>
    <heeftGeboorteregeling>/akn/nl/act/pv28/2024/ZHOV</heeftGeboorteregeling>
</InformatieObjectVersieMetadata>