<?xml version="1.0" encoding="UTF-8" standalone="yes"?>
<Pakbon xmlns:rol="http://www.geostandaarden.nl/imow/regelsoplocatie" xmlns:xsi="http://www.w3.org/2001/XMLSchema-instance" xmlns="https://standaarden.overheid.nl/stop/imop/uitwisseling/" schemaversie="1.3.0">
    <Component>
        <FRBRWork>/akn/nl/act/pv30/2022/omgevingsverordeningT</FRBRWork>
        <FRBRExpression>/akn/nl/act/pv30/2022/omgevingsverordeningT/nld@2364</FRBRExpression>
        <soortWork>/join/id/stop/work_019</soortWork>
        <heeftModule>
            <Module>
                <localName>ExpressionIdentificatie</localName>
                <namespace>https://standaarden.overheid.nl/stop/imop/data/</namespace>
                <bestandsnaam>Regeling/Identificatie.xml</bestandsnaam>
                <mediatype>application/xml</mediatype>
                <schemaversie>1.3.0</schemaversie>
            </Module>
            <Module>
                <localName>RegelingVersieMetadata</localName>
                <namespace>https://standaarden.overheid.nl/stop/imop/data/</namespace>
                <bestandsnaam>Regeling/VersieMetadata.xml</bestandsnaam>
                <mediatype>application/xml</mediatype>
                <schemaversie>1.3.0</schemaversie>
            </Module>
            <Module>
                <localName>RegelingCompact</localName>
                <namespace>https://standaarden.overheid.nl/stop/imop/tekst/</namespace>
                <bestandsnaam>Regeling/Tekst.xml</bestandsnaam>
                <mediatype>application/xml</mediatype>
                <schemaversie>1.3.0</schemaversie>
            </Module>
            <Module>
                <localName>RegelingMetadata</localName>
                <namespace>https://standaarden.overheid.nl/stop/imop/data/</namespace>
                <bestandsnaam>Regeling/Metadata.xml</bestandsnaam>
                <mediatype>application/xml</mediatype>
                <schemaversie>1.3.0</schemaversie>
            </Module>
            <Module>
                <localName>Momentopname</localName>
                <namespace>https://standaarden.overheid.nl/stop/imop/data/</namespace>
                <bestandsnaam>Regeling/Momentopname.xml</bestandsnaam>
                <mediatype>application/xml</mediatype>
                <schemaversie>1.3.0</schemaversie>
            </Module>
            <Module>
                <localName>Aanleveringen</localName>
                <namespace>http://www.geostandaarden.nl/bestanden-ow/manifest-ow</namespace>
                <bestandsnaam>OW-bestanden/manifest-ow.xml</bestandsnaam>
                <mediatype>application/xml</mediatype>
                <schemaversie>1.0.4</schemaversie>
            </Module>
        </heeftModule>
        <heeftBestand>
            <Bestand>
                <bestandsnaam>Regeling/jpg_0c87c8f3-2173-45c5-8455-f849aa5ff9d7.jpg</bestandsnaam>
                <mediatype>image/jpeg</mediatype>
            </Bestand>
        </heeftBestand>
        <heeftBestand>
            <Bestand>
                <bestandsnaam>Regeling/jpg_587e46c8-ee13-4b6c-bed6-ea40aa0cebbd.jpg</bestandsnaam>
                <mediatype>image/jpeg</mediatype>
            </Bestand>
        </heeftBestand>
        <heeftBestand>
            <Bestand>
                <bestandsnaam>Regeling/jpg_9b91dede-a81d-4339-839d-57de57710ba5.jpg</bestandsnaam>
                <mediatype>image/jpeg</mediatype>
            </Bestand>
        </heeftBestand>
        <heeftBestand>
            <Bestand>
                <bestandsnaam>Regeling/jpg_261c0f81-24d4-41a5-921f-33a3c52a7ae4.jpg</bestandsnaam>
                <mediatype>image/jpeg</mediatype>
            </Bestand>
        </heeftBestand>
        <heeftBestand>
            <Bestand>
                <bestandsnaam>Regeling/jpg_0aaf116d-a6d2-4198-9815-24ecbf9ad01a.jpg</bestandsnaam>
                <mediatype>image/jpeg</mediatype>
            </Bestand>
        </heeftBestand>
        <heeftBestand>
            <Bestand>
                <bestandsnaam>Regeling/jpg_d7c1318f-868f-4ab7-b41a-4a375517e7e5.jpg</bestandsnaam>
                <mediatype>image/jpeg</mediatype>
            </Bestand>
        </heeftBestand>
    </Component>
    <Component>
        <FRBRWork>/join/id/regdata/pv30/2024/136gio53a913c0-d3b8-45e1-9b5a-c0d985105d9c</FRBRWork>
        <FRBRExpression>/join/id/regdata/pv30/2024/136gio53a913c0-d3b8-45e1-9b5a-c0d985105d9c/nld@2024-05-14;127</FRBRExpression>
        <soortWork>/join/id/stop/work_010</soortWork>
        <heeftModule>
            <Module>
                <localName>ExpressionIdentificatie</localName>
                <namespace>https://standaarden.overheid.nl/stop/imop/data/</namespace>
                <bestandsnaam>IO-16658033014442469215/Identificatie.xml</bestandsnaam>
                <mediatype>application/xml</mediatype>
                <schemaversie>1.3.0</schemaversie>
            </Module>
            <Module>
                <localName>InformatieObjectVersieMetadata</localName>
                <namespace>https://standaarden.overheid.nl/stop/imop/data/</namespace>
                <bestandsnaam>IO-16658033014442469215/VersieMetadata.xml</bestandsnaam>
                <mediatype>application/xml</mediatype>
                <schemaversie>1.3.0</schemaversie>
            </Module>
            <Module>
                <localName>InformatieObjectMetadata</localName>
                <namespace>https://standaarden.overheid.nl/stop/imop/data/</namespace>
                <bestandsnaam>IO-16658033014442469215/Metadata.xml</bestandsnaam>
                <mediatype>application/xml</mediatype>
                <schemaversie>1.3.0</schemaversie>
            </Module>
            <Module>
                <localName>GeoInformatieObjectVersie</localName>
                <namespace>https://standaarden.overheid.nl/stop/imop/geo/</namespace>
                <bestandsnaam>IO-16658033014442469215/locaties_01checkduplicate11-v1.gml</bestandsnaam>
                <mediatype>application/gml+xml</mediatype>
                <schemaversie>1.3.0</schemaversie>
            </Module>
            <Module>
                <localName>Momentopname</localName>
                <namespace>https://standaarden.overheid.nl/stop/imop/data/</namespace>
                <bestandsnaam>IO-16658033014442469215/Momentopname.xml</bestandsnaam>
                <mediatype>application/xml</mediatype>
                <schemaversie>1.3.0</schemaversie>
            </Module>
        </heeftModule>
    </Component>
    <Component>
        <FRBRWork>/join/id/regdata/pv30/2024/136gioffde11cf-b096-11ee-b4e3-000c291d1f30</FRBRWork>
        <FRBRExpression>/join/id/regdata/pv30/2024/136gioffde11cf-b096-11ee-b4e3-000c291d1f30/nld@2024-05-14;22</FRBRExpression>
        <soortWork>/join/id/stop/work_010</soortWork>
        <heeftModule>
            <Module>
                <localName>ExpressionIdentificatie</localName>
                <namespace>https://standaarden.overheid.nl/stop/imop/data/</namespace>
                <bestandsnaam>IO-12994150082916870714/Identificatie.xml</bestandsnaam>
                <mediatype>application/xml</mediatype>
                <schemaversie>1.3.0</schemaversie>
            </Module>
            <Module>
                <localName>InformatieObjectVersieMetadata</localName>
                <namespace>https://standaarden.overheid.nl/stop/imop/data/</namespace>
                <bestandsnaam>IO-12994150082916870714/VersieMetadata.xml</bestandsnaam>
                <mediatype>application/xml</mediatype>
                <schemaversie>1.3.0</schemaversie>
            </Module>
            <Module>
                <localName>InformatieObjectMetadata</localName>
                <namespace>https://standaarden.overheid.nl/stop/imop/data/</namespace>
                <bestandsnaam>IO-12994150082916870714/Metadata.xml</bestandsnaam>
                <mediatype>application/xml</mediatype>
                <schemaversie>1.3.0</schemaversie>
            </Module>
            <Module>
                <localName>GeoInformatieObjectVersie</localName>
                <namespace>https://standaarden.overheid.nl/stop/imop/geo/</namespace>
                <bestandsnaam>IO-12994150082916870714/normen_Leiding-Riool-v1.gml</bestandsnaam>
                <mediatype>application/gml+xml</mediatype>
                <schemaversie>1.3.0</schemaversie>
            </Module>
            <Module>
                <localName>Momentopname</localName>
                <namespace>https://standaarden.overheid.nl/stop/imop/data/</namespace>
                <bestandsnaam>IO-12994150082916870714/Momentopname.xml</bestandsnaam>
                <mediatype>application/xml</mediatype>
                <schemaversie>1.3.0</schemaversie>
            </Module>
        </heeftModule>
    </Component>
    <Component>
        <FRBRWork>/join/id/regdata/pv30/2024/136gio9052635c-b094-11ee-ab3c-000c291d1f30</FRBRWork>
        <FRBRExpression>/join/id/regdata/pv30/2024/136gio9052635c-b094-11ee-ab3c-000c291d1f30/nld@2024-05-14;20</FRBRExpression>
        <soortWork>/join/id/stop/work_010</soortWork>
        <heeftModule>
            <Module>
                <localName>ExpressionIdentificatie</localName>
                <namespace>https://standaarden.overheid.nl/stop/imop/data/</namespace>
                <bestandsnaam>IO-6726654224481633096/Identificatie.xml</bestandsnaam>
                <mediatype>application/xml</mediatype>
                <schemaversie>1.3.0</schemaversie>
            </Module>
            <Module>
                <localName>InformatieObjectVersieMetadata</localName>
                <namespace>https://standaarden.overheid.nl/stop/imop/data/</namespace>
                <bestandsnaam>IO-6726654224481633096/VersieMetadata.xml</bestandsnaam>
                <mediatype>application/xml</mediatype>
                <schemaversie>1.3.0</schemaversie>
            </Module>
            <Module>
                <localName>InformatieObjectMetadata</localName>
                <namespace>https://standaarden.overheid.nl/stop/imop/data/</namespace>
                <bestandsnaam>IO-6726654224481633096/Metadata.xml</bestandsnaam>
                <mediatype>application/xml</mediatype>
                <schemaversie>1.3.0</schemaversie>
            </Module>
            <Module>
                <localName>GeoInformatieObjectVersie</localName>
                <namespace>https://standaarden.overheid.nl/stop/imop/geo/</namespace>
                <bestandsnaam>IO-6726654224481633096/normen_Verkeer-Erftoegangsweg-v1.gml</bestandsnaam>
                <mediatype>application/gml+xml</mediatype>
                <schemaversie>1.3.0</schemaversie>
            </Module>
            <Module>
                <localName>Momentopname</localName>
                <namespace>https://standaarden.overheid.nl/stop/imop/data/</namespace>
                <bestandsnaam>IO-6726654224481633096/Momentopname.xml</bestandsnaam>
                <mediatype>application/xml</mediatype>
                <schemaversie>1.3.0</schemaversie>
            </Module>
        </heeftModule>
    </Component>
    <Component>
        <FRBRWork>/join/id/regdata/pv30/2024/136gio33a54856-31da-4c4d-bd9d-7eada1920408</FRBRWork>
        <FRBRExpression>/join/id/regdata/pv30/2024/136gio33a54856-31da-4c4d-bd9d-7eada1920408/nld@2024-05-14;162</FRBRExpression>
        <soortWork>/join/id/stop/work_010</soortWork>
        <heeftModule>
            <Module>
                <localName>ExpressionIdentificatie</localName>
                <namespace>https://standaarden.overheid.nl/stop/imop/data/</namespace>
                <bestandsnaam>IO-9005483804832004167/Identificatie.xml</bestandsnaam>
                <mediatype>application/xml</mediatype>
                <schemaversie>1.3.0</schemaversie>
            </Module>
            <Module>
                <localName>InformatieObjectVersieMetadata</localName>
                <namespace>https://standaarden.overheid.nl/stop/imop/data/</namespace>
                <bestandsnaam>IO-9005483804832004167/VersieMetadata.xml</bestandsnaam>
                <mediatype>application/xml</mediatype>
                <schemaversie>1.3.0</schemaversie>
            </Module>
            <Module>
                <localName>InformatieObjectMetadata</localName>
                <namespace>https://standaarden.overheid.nl/stop/imop/data/</namespace>
                <bestandsnaam>IO-9005483804832004167/Metadata.xml</bestandsnaam>
                <mediatype>application/xml</mediatype>
                <schemaversie>1.3.0</schemaversie>
            </Module>
            <Module>
                <localName>GeoInformatieObjectVersie</localName>
                <namespace>https://standaarden.overheid.nl/stop/imop/geo/</namespace>
                <bestandsnaam>IO-9005483804832004167/locaties_Aalanden-v1.gml</bestandsnaam>
                <mediatype>application/gml+xml</mediatype>
                <schemaversie>1.3.0</schemaversie>
            </Module>
            <Module>
                <localName>Momentopname</localName>
                <namespace>https://standaarden.overheid.nl/stop/imop/data/</namespace>
                <bestandsnaam>IO-9005483804832004167/Momentopname.xml</bestandsnaam>
                <mediatype>application/xml</mediatype>
                <schemaversie>1.3.0</schemaversie>
            </Module>
        </heeftModule>
    </Component>
    <Component>
        <FRBRWork>/join/id/regdata/pv30/2024/136gioe558f013-0212-11ef-a3f7-000c291d1f30</FRBRWork>
        <FRBRExpression>/join/id/regdata/pv30/2024/136gioe558f013-0212-11ef-a3f7-000c291d1f30/nld@2024-05-14;48</FRBRExpression>
        <soortWork>/join/id/stop/work_010</soortWork>
        <heeftModule>
            <Module>
                <localName>ExpressionIdentificatie</localName>
                <namespace>https://standaarden.overheid.nl/stop/imop/data/</namespace>
                <bestandsnaam>IO-7200097386316815309/Identificatie.xml</bestandsnaam>
                <mediatype>application/xml</mediatype>
                <schemaversie>1.3.0</schemaversie>
            </Module>
            <Module>
                <localName>InformatieObjectVersieMetadata</localName>
                <namespace>https://standaarden.overheid.nl/stop/imop/data/</namespace>
                <bestandsnaam>IO-7200097386316815309/VersieMetadata.xml</bestandsnaam>
                <mediatype>application/xml</mediatype>
                <schemaversie>1.3.0</schemaversie>
            </Module>
            <Module>
                <localName>InformatieObjectMetadata</localName>
                <namespace>https://standaarden.overheid.nl/stop/imop/data/</namespace>
                <bestandsnaam>IO-7200097386316815309/Metadata.xml</bestandsnaam>
                <mediatype>application/xml</mediatype>
                <schemaversie>1.3.0</schemaversie>
            </Module>
            <Module>
                <localName>GeoInformatieObjectVersie</localName>
                <namespace>https://standaarden.overheid.nl/stop/imop/geo/</namespace>
                <bestandsnaam>IO-7200097386316815309/normen_aantalbedrijven-v1.gml</bestandsnaam>
                <mediatype>application/gml+xml</mediatype>
                <schemaversie>1.3.0</schemaversie>
            </Module>
            <Module>
                <localName>Momentopname</localName>
                <namespace>https://standaarden.overheid.nl/stop/imop/data/</namespace>
                <bestandsnaam>IO-7200097386316815309/Momentopname.xml</bestandsnaam>
                <mediatype>application/xml</mediatype>
                <schemaversie>1.3.0</schemaversie>
            </Module>
        </heeftModule>
    </Component>
    <Component>
        <FRBRWork>/join/id/regdata/pv30/2024/136giofa81249e-71d7-41ed-893d-aeedda2a6be3</FRBRWork>
        <FRBRExpression>/join/id/regdata/pv30/2024/136giofa81249e-71d7-41ed-893d-aeedda2a6be3/nld@2024-05-14;94</FRBRExpression>
        <soortWork>/join/id/stop/work_010</soortWork>
        <heeftModule>
            <Module>
                <localName>ExpressionIdentificatie</localName>
                <namespace>https://standaarden.overheid.nl/stop/imop/data/</namespace>
                <bestandsnaam>IO-783649082939719647/Identificatie.xml</bestandsnaam>
                <mediatype>application/xml</mediatype>
                <schemaversie>1.3.0</schemaversie>
            </Module>
            <Module>
                <localName>InformatieObjectVersieMetadata</localName>
                <namespace>https://standaarden.overheid.nl/stop/imop/data/</namespace>
                <bestandsnaam>IO-783649082939719647/VersieMetadata.xml</bestandsnaam>
                <mediatype>application/xml</mediatype>
                <schemaversie>1.3.0</schemaversie>
            </Module>
            <Module>
                <localName>InformatieObjectMetadata</localName>
                <namespace>https://standaarden.overheid.nl/stop/imop/data/</namespace>
                <bestandsnaam>IO-783649082939719647/Metadata.xml</bestandsnaam>
                <mediatype>application/xml</mediatype>
                <schemaversie>1.3.0</schemaversie>
            </Module>
            <Module>
                <localName>GeoInformatieObjectVersie</localName>
                <namespace>https://standaarden.overheid.nl/stop/imop/geo/</namespace>
                <bestandsnaam>IO-783649082939719647/locaties_Agrarisch-v1.gml</bestandsnaam>
                <mediatype>application/gml+xml</mediatype>
                <schemaversie>1.3.0</schemaversie>
            </Module>
            <Module>
                <localName>Momentopname</localName>
                <namespace>https://standaarden.overheid.nl/stop/imop/data/</namespace>
                <bestandsnaam>IO-783649082939719647/Momentopname.xml</bestandsnaam>
                <mediatype>application/xml</mediatype>
                <schemaversie>1.3.0</schemaversie>
            </Module>
        </heeftModule>
    </Component>
    <Component>
        <FRBRWork>/join/id/regdata/pv30/2024/136giobf5faafd-4619-4a72-8c06-b15f77cffaba</FRBRWork>
        <FRBRExpression>/join/id/regdata/pv30/2024/136giobf5faafd-4619-4a72-8c06-b15f77cffaba/nld@2024-05-14;126</FRBRExpression>
        <soortWork>/join/id/stop/work_010</soortWork>
        <heeftModule>
            <Module>
                <localName>ExpressionIdentificatie</localName>
                <namespace>https://standaarden.overheid.nl/stop/imop/data/</namespace>
                <bestandsnaam>IO-12625871806881486926/Identificatie.xml</bestandsnaam>
                <mediatype>application/xml</mediatype>
                <schemaversie>1.3.0</schemaversie>
            </Module>
            <Module>
                <localName>InformatieObjectVersieMetadata</localName>
                <namespace>https://standaarden.overheid.nl/stop/imop/data/</namespace>
                <bestandsnaam>IO-12625871806881486926/VersieMetadata.xml</bestandsnaam>
                <mediatype>application/xml</mediatype>
                <schemaversie>1.3.0</schemaversie>
            </Module>
            <Module>
                <localName>InformatieObjectMetadata</localName>
                <namespace>https://standaarden.overheid.nl/stop/imop/data/</namespace>
                <bestandsnaam>IO-12625871806881486926/Metadata.xml</bestandsnaam>
                <mediatype>application/xml</mediatype>
                <schemaversie>1.3.0</schemaversie>
            </Module>
            <Module>
                <localName>GeoInformatieObjectVersie</localName>
                <namespace>https://standaarden.overheid.nl/stop/imop/geo/</namespace>
                <bestandsnaam>IO-12625871806881486926/locaties_Bedrijf-Nutsvoorziening-v1.gml</bestandsnaam>
                <mediatype>application/gml+xml</mediatype>
                <schemaversie>1.3.0</schemaversie>
            </Module>
            <Module>
                <localName>Momentopname</localName>
                <namespace>https://standaarden.overheid.nl/stop/imop/data/</namespace>
                <bestandsnaam>IO-12625871806881486926/Momentopname.xml</bestandsnaam>
                <mediatype>application/xml</mediatype>
                <schemaversie>1.3.0</schemaversie>
            </Module>
        </heeftModule>
    </Component>
    <Component>
        <FRBRWork>/join/id/regdata/pv30/2024/136gio7c3748bf-b13a-11ee-bc75-000c291d1f30</FRBRWork>
        <FRBRExpression>/join/id/regdata/pv30/2024/136gio7c3748bf-b13a-11ee-bc75-000c291d1f30/nld@2024-05-14;24</FRBRExpression>
        <soortWork>/join/id/stop/work_010</soortWork>
        <heeftModule>
            <Module>
                <localName>ExpressionIdentificatie</localName>
                <namespace>https://standaarden.overheid.nl/stop/imop/data/</namespace>
                <bestandsnaam>IO-13022267483541152021/Identificatie.xml</bestandsnaam>
                <mediatype>application/xml</mediatype>
                <schemaversie>1.3.0</schemaversie>
            </Module>
            <Module>
                <localName>InformatieObjectVersieMetadata</localName>
                <namespace>https://standaarden.overheid.nl/stop/imop/data/</namespace>
                <bestandsnaam>IO-13022267483541152021/VersieMetadata.xml</bestandsnaam>
                <mediatype>application/xml</mediatype>
                <schemaversie>1.3.0</schemaversie>
            </Module>
            <Module>
                <localName>InformatieObjectMetadata</localName>
                <namespace>https://standaarden.overheid.nl/stop/imop/data/</namespace>
                <bestandsnaam>IO-13022267483541152021/Metadata.xml</bestandsnaam>
                <mediatype>application/xml</mediatype>
                <schemaversie>1.3.0</schemaversie>
            </Module>
            <Module>
                <localName>GeoInformatieObjectVersie</localName>
                <namespace>https://standaarden.overheid.nl/stop/imop/geo/</namespace>
                <bestandsnaam>IO-13022267483541152021/normen_bouwaanduiding-v1.gml</bestandsnaam>
                <mediatype>application/gml+xml</mediatype>
                <schemaversie>1.3.0</schemaversie>
            </Module>
            <Module>
                <localName>Momentopname</localName>
                <namespace>https://standaarden.overheid.nl/stop/imop/data/</namespace>
                <bestandsnaam>IO-13022267483541152021/Momentopname.xml</bestandsnaam>
                <mediatype>application/xml</mediatype>
                <schemaversie>1.3.0</schemaversie>
            </Module>
        </heeftModule>
    </Component>
    <Component>
        <FRBRWork>/join/id/regdata/pv30/2024/136gio02397c72-18ef-4910-9978-03004b2ecc61</FRBRWork>
        <FRBRExpression>/join/id/regdata/pv30/2024/136gio02397c72-18ef-4910-9978-03004b2ecc61/nld@2024-05-14;93</FRBRExpression>
        <soortWork>/join/id/stop/work_010</soortWork>
        <heeftModule>
            <Module>
                <localName>ExpressionIdentificatie</localName>
                <namespace>https://standaarden.overheid.nl/stop/imop/data/</namespace>
                <bestandsnaam>IO-5147429845728334367/Identificatie.xml</bestandsnaam>
                <mediatype>application/xml</mediatype>
                <schemaversie>1.3.0</schemaversie>
            </Module>
            <Module>
                <localName>InformatieObjectVersieMetadata</localName>
                <namespace>https://standaarden.overheid.nl/stop/imop/data/</namespace>
                <bestandsnaam>IO-5147429845728334367/VersieMetadata.xml</bestandsnaam>
                <mediatype>application/xml</mediatype>
                <schemaversie>1.3.0</schemaversie>
            </Module>
            <Module>
                <localName>InformatieObjectMetadata</localName>
                <namespace>https://standaarden.overheid.nl/stop/imop/data/</namespace>
                <bestandsnaam>IO-5147429845728334367/Metadata.xml</bestandsnaam>
                <mediatype>application/xml</mediatype>
                <schemaversie>1.3.0</schemaversie>
            </Module>
            <Module>
                <localName>GeoInformatieObjectVersie</localName>
                <namespace>https://standaarden.overheid.nl/stop/imop/geo/</namespace>
                <bestandsnaam>IO-5147429845728334367/locaties_Gebieden-v1.gml</bestandsnaam>
                <mediatype>application/gml+xml</mediatype>
                <schemaversie>1.3.0</schemaversie>
            </Module>
            <Module>
                <localName>Momentopname</localName>
                <namespace>https://standaarden.overheid.nl/stop/imop/data/</namespace>
                <bestandsnaam>IO-5147429845728334367/Momentopname.xml</bestandsnaam>
                <mediatype>application/xml</mediatype>
                <schemaversie>1.3.0</schemaversie>
            </Module>
        </heeftModule>
    </Component>
    <Component>
        <FRBRWork>/join/id/regdata/pv30/2024/136giob00539ad-5c5e-4d4c-93b5-1a9dab6eaea9</FRBRWork>
        <FRBRExpression>/join/id/regdata/pv30/2024/136giob00539ad-5c5e-4d4c-93b5-1a9dab6eaea9/nld@2024-05-14;184</FRBRExpression>
        <soortWork>/join/id/stop/work_010</soortWork>
        <heeftModule>
            <Module>
                <localName>ExpressionIdentificatie</localName>
                <namespace>https://standaarden.overheid.nl/stop/imop/data/</namespace>
                <bestandsnaam>IO-16182395919846240760/Identificatie.xml</bestandsnaam>
                <mediatype>application/xml</mediatype>
                <schemaversie>1.3.0</schemaversie>
            </Module>
            <Module>
                <localName>InformatieObjectVersieMetadata</localName>
                <namespace>https://standaarden.overheid.nl/stop/imop/data/</namespace>
                <bestandsnaam>IO-16182395919846240760/VersieMetadata.xml</bestandsnaam>
                <mediatype>application/xml</mediatype>
                <schemaversie>1.3.0</schemaversie>
            </Module>
            <Module>
                <localName>InformatieObjectMetadata</localName>
                <namespace>https://standaarden.overheid.nl/stop/imop/data/</namespace>
                <bestandsnaam>IO-16182395919846240760/Metadata.xml</bestandsnaam>
                <mediatype>application/xml</mediatype>
                <schemaversie>1.3.0</schemaversie>
            </Module>
            <Module>
                <localName>GeoInformatieObjectVersie</localName>
                <namespace>https://standaarden.overheid.nl/stop/imop/geo/</namespace>
                <bestandsnaam>IO-16182395919846240760/locaties_LocatieVersion2-v1.gml</bestandsnaam>
                <mediatype>application/gml+xml</mediatype>
                <schemaversie>1.3.0</schemaversie>
            </Module>
            <Module>
                <localName>Momentopname</localName>
                <namespace>https://standaarden.overheid.nl/stop/imop/data/</namespace>
                <bestandsnaam>IO-16182395919846240760/Momentopname.xml</bestandsnaam>
                <mediatype>application/xml</mediatype>
                <schemaversie>1.3.0</schemaversie>
            </Module>
        </heeftModule>
    </Component>
    <Component>
        <FRBRWork>/join/id/regdata/pv30/2024/136gioa6c6e553-f6d0-4492-8d11-f4a94010fb61</FRBRWork>
        <FRBRExpression>/join/id/regdata/pv30/2024/136gioa6c6e553-f6d0-4492-8d11-f4a94010fb61/nld@2024-05-14;144</FRBRExpression>
        <soortWork>/join/id/stop/work_010</soortWork>
        <heeftModule>
            <Module>
                <localName>ExpressionIdentificatie</localName>
                <namespace>https://standaarden.overheid.nl/stop/imop/data/</namespace>
                <bestandsnaam>IO-8314183480233723748/Identificatie.xml</bestandsnaam>
                <mediatype>application/xml</mediatype>
                <schemaversie>1.3.0</schemaversie>
            </Module>
            <Module>
                <localName>InformatieObjectVersieMetadata</localName>
                <namespace>https://standaarden.overheid.nl/stop/imop/data/</namespace>
                <bestandsnaam>IO-8314183480233723748/VersieMetadata.xml</bestandsnaam>
                <mediatype>application/xml</mediatype>
                <schemaversie>1.3.0</schemaversie>
            </Module>
            <Module>
                <localName>InformatieObjectMetadata</localName>
                <namespace>https://standaarden.overheid.nl/stop/imop/data/</namespace>
                <bestandsnaam>IO-8314183480233723748/Metadata.xml</bestandsnaam>
                <mediatype>application/xml</mediatype>
                <schemaversie>1.3.0</schemaversie>
            </Module>
            <Module>
                <localName>GeoInformatieObjectVersie</localName>
                <namespace>https://standaarden.overheid.nl/stop/imop/geo/</namespace>
                <bestandsnaam>IO-8314183480233723748/locaties_Verkeer-Erftoegangsweg-v1.gml</bestandsnaam>
                <mediatype>application/gml+xml</mediatype>
                <schemaversie>1.3.0</schemaversie>
            </Module>
            <Module>
                <localName>Momentopname</localName>
                <namespace>https://standaarden.overheid.nl/stop/imop/data/</namespace>
                <bestandsnaam>IO-8314183480233723748/Momentopname.xml</bestandsnaam>
                <mediatype>application/xml</mediatype>
                <schemaversie>1.3.0</schemaversie>
            </Module>
        </heeftModule>
    </Component>
</Pakbon>
