<InformatieObjectVersieMetadata schemaversie="1.3.0" xmlns="https://standaarden.overheid.nl/stop/imop/data/">
    <heeftBestanden>
        <heeftBestand>
            <Bestand>
                <bestandsnaam>GIO-48ba270d.gml</bestandsnaam>
                <hash>cb43d2a2f2835b99f400b0b2dcbd244ad335a737918432792f5e5934c759ded3b64c819fce6042085a7b821c49ab6a7f70f22810e6f85a87e17b677f9a43ed81</hash>
            </Bestand>
        </heeftBestand>
    </heeftBestanden>
    <heeftGeboorteregeling>/akn/nl/act/pv28/2024/ZHOV</heeftGeboorteregeling>
</InformatieObjectVersieMetadata>