<InformatieObjectVersieMetadata schemaversie="1.3.0" xmlns="https://standaarden.overheid.nl/stop/imop/data/">
    <heeftBestanden>
        <heeftBestand>
            <Bestand>
                <bestandsnaam>GIO-061a8905.gml</bestandsnaam>
                <hash>d5a52d98d80fd1900595369e72d212954c1395297b41aa51c18042152e89a0b4bcc875208b44733ed262701821dbc2fc13d520d6237ce33c3a7448befe9b7caf</hash>
            </Bestand>
        </heeftBestand>
    </heeftBestanden>
    <heeftGeboorteregeling>/akn/nl/act/pv28/2024/ZHOV</heeftGeboorteregeling>
</InformatieObjectVersieMetadata>