<?xml version="1.0" encoding="UTF-8" standalone="yes"?>
<Pakbon xmlns:rol="http://www.geostandaarden.nl/imow/regelsoplocatie" xmlns:xsi="http://www.w3.org/2001/XMLSchema-instance" xmlns="https://standaarden.overheid.nl/stop/imop/uitwisseling/" schemaversie="1.3.0">
    <Component>
        <FRBRWork>/akn/nl/act/pv25/2022/omgevingsvisie</FRBRWork>
        <FRBRExpression>/akn/nl/act/pv25/2022/omgevingsvisie/nld@1</FRBRExpression>
        <soortWork>/join/id/stop/work_019</soortWork>
        <heeftModule>
            <Module>
                <localName>ExpressionIdentificatie</localName>
                <namespace>https://standaarden.overheid.nl/stop/imop/data/</namespace>
                <bestandsnaam>Regeling/Identificatie.xml</bestandsnaam>
                <mediatype>application/xml</mediatype>
                <schemaversie>1.3.0</schemaversie>
            </Module>
            <Module>
                <localName>RegelingVersieMetadata</localName>
                <namespace>https://standaarden.overheid.nl/stop/imop/data/</namespace>
                <bestandsnaam>Regeling/VersieMetadata.xml</bestandsnaam>
                <mediatype>application/xml</mediatype>
                <schemaversie>1.3.0</schemaversie>
            </Module>
            <Module>
                <localName>RegelingVrijetekst</localName>
                <namespace>https://standaarden.overheid.nl/stop/imop/tekst/</namespace>
                <bestandsnaam>Regeling/Tekst.xml</bestandsnaam>
                <mediatype>application/xml</mediatype>
                <schemaversie>1.3.0</schemaversie>
            </Module>
            <Module>
                <localName>RegelingMetadata</localName>
                <namespace>https://standaarden.overheid.nl/stop/imop/data/</namespace>
                <bestandsnaam>Regeling/Metadata.xml</bestandsnaam>
                <mediatype>application/xml</mediatype>
                <schemaversie>1.3.0</schemaversie>
            </Module>
            <Module>
                <localName>Momentopname</localName>
                <namespace>https://standaarden.overheid.nl/stop/imop/data/</namespace>
                <bestandsnaam>Regeling/Momentopname.xml</bestandsnaam>
                <mediatype>application/xml</mediatype>
                <schemaversie>1.3.0</schemaversie>
            </Module>
            <Module>
                <localName>Aanleveringen</localName>
                <namespace>http://www.geostandaarden.nl/bestanden-ow/manifest-ow</namespace>
                <bestandsnaam>OW-bestanden/manifest-ow.xml</bestandsnaam>
                <mediatype>application/xml</mediatype>
                <schemaversie>1.0.4</schemaversie>
            </Module>
        </heeftModule>
        <heeftBestand>
            <Bestand>
                <bestandsnaam>Regeling/jpg_a0dcaa75-285e-4a6b-94ef-363a9ceea4f9-v1.jpg</bestandsnaam>
                <mediatype>image/jpeg</mediatype>
            </Bestand>
        </heeftBestand>
        <heeftBestand>
            <Bestand>
                <bestandsnaam>Regeling/jpg_86fa3555-b2e6-4584-8d6c-b1cf704ddc0d-v1.jpg</bestandsnaam>
                <mediatype>image/jpeg</mediatype>
            </Bestand>
        </heeftBestand>
        <heeftBestand>
            <Bestand>
                <bestandsnaam>Regeling/jpg_248b1dcb-8503-4f0d-933a-f98df5a8c4b0-v1.jpg</bestandsnaam>
                <mediatype>image/jpeg</mediatype>
            </Bestand>
        </heeftBestand>
        <heeftBestand>
            <Bestand>
                <bestandsnaam>Regeling/jpg_9d5604b3-9bba-49b4-a5fd-97831cc468c3-v1.jpg</bestandsnaam>
                <mediatype>image/jpeg</mediatype>
            </Bestand>
        </heeftBestand>
        <heeftBestand>
            <Bestand>
                <bestandsnaam>Regeling/jpg_a76c3d90-399b-429f-b172-acb916d6f9f8-v1.jpg</bestandsnaam>
                <mediatype>image/jpeg</mediatype>
            </Bestand>
        </heeftBestand>
        <heeftBestand>
            <Bestand>
                <bestandsnaam>Regeling/jpg_a12f4055-ed17-40c2-8b9d-e9d22f06f7d7-v1.jpg</bestandsnaam>
                <mediatype>image/jpeg</mediatype>
            </Bestand>
        </heeftBestand>
        <heeftBestand>
            <Bestand>
                <bestandsnaam>Regeling/jpg_3537ea72-83f4-479f-8231-43a5d1be0014-v1.jpg</bestandsnaam>
                <mediatype>image/jpeg</mediatype>
            </Bestand>
        </heeftBestand>
        <heeftBestand>
            <Bestand>
                <bestandsnaam>Regeling/jpg_99c72f46-bd66-45d2-b9fa-80a57d433757-v1.jpg</bestandsnaam>
                <mediatype>image/jpeg</mediatype>
            </Bestand>
        </heeftBestand>
        <heeftBestand>
            <Bestand>
                <bestandsnaam>Regeling/jpg_13cbb9b8-1357-4a7d-bfba-45ee7535a253-v1.jpg</bestandsnaam>
                <mediatype>image/jpeg</mediatype>
            </Bestand>
        </heeftBestand>
        <heeftBestand>
            <Bestand>
                <bestandsnaam>Regeling/jpg_ea57daa6-e24f-4ad5-ad39-4f11e2834537-v1.jpg</bestandsnaam>
                <mediatype>image/jpeg</mediatype>
            </Bestand>
        </heeftBestand>
        <heeftBestand>
            <Bestand>
                <bestandsnaam>Regeling/jpg_dc74a2e9-fd9c-4cab-95af-822d20ade88d-v1.jpg</bestandsnaam>
                <mediatype>image/jpeg</mediatype>
            </Bestand>
        </heeftBestand>
        <heeftBestand>
            <Bestand>
                <bestandsnaam>Regeling/jpg_aa65fe68-cd17-4bb6-8a56-a04039a8efce-v1.jpg</bestandsnaam>
                <mediatype>image/jpeg</mediatype>
            </Bestand>
        </heeftBestand>
        <heeftBestand>
            <Bestand>
                <bestandsnaam>Regeling/jpg_ef529412-3716-4d09-9877-bfe8a0bc440c-v1.jpg</bestandsnaam>
                <mediatype>image/jpeg</mediatype>
            </Bestand>
        </heeftBestand>
        <heeftBestand>
            <Bestand>
                <bestandsnaam>Regeling/jpg_97cbd11a-1f81-4c52-8362-5abba3a7ea04-v1.jpg</bestandsnaam>
                <mediatype>image/jpeg</mediatype>
            </Bestand>
        </heeftBestand>
    </Component>
    <Component>
        <FRBRWork>/join/id/regdata/pv25/2022/6gio120</FRBRWork>
        <FRBRExpression>/join/id/regdata/pv25/2022/6gio120/nld@2022-07-27;1</FRBRExpression>
        <soortWork>/join/id/stop/work_010</soortWork>
        <heeftModule>
            <Module>
                <localName>ExpressionIdentificatie</localName>
                <namespace>https://standaarden.overheid.nl/stop/imop/data/</namespace>
                <bestandsnaam>IO-9079973851626898484/Identificatie.xml</bestandsnaam>
                <mediatype>application/xml</mediatype>
                <schemaversie>1.3.0</schemaversie>
            </Module>
            <Module>
                <localName>InformatieObjectVersieMetadata</localName>
                <namespace>https://standaarden.overheid.nl/stop/imop/data/</namespace>
                <bestandsnaam>IO-9079973851626898484/VersieMetadata.xml</bestandsnaam>
                <mediatype>application/xml</mediatype>
                <schemaversie>1.3.0</schemaversie>
            </Module>
            <Module>
                <localName>InformatieObjectMetadata</localName>
                <namespace>https://standaarden.overheid.nl/stop/imop/data/</namespace>
                <bestandsnaam>IO-9079973851626898484/Metadata.xml</bestandsnaam>
                <mediatype>application/xml</mediatype>
                <schemaversie>1.3.0</schemaversie>
            </Module>
            <Module>
                <localName>GeoInformatieObjectVersie</localName>
                <namespace>https://standaarden.overheid.nl/stop/imop/geo/</namespace>
                <bestandsnaam>IO-9079973851626898484/gml_Geldersnatuurnetwerk-v1.gml</bestandsnaam>
                <mediatype>application/gml+xml</mediatype>
                <schemaversie>1.3.0</schemaversie>
            </Module>
            <Module>
                <localName>Momentopname</localName>
                <namespace>https://standaarden.overheid.nl/stop/imop/data/</namespace>
                <bestandsnaam>IO-9079973851626898484/Momentopname.xml</bestandsnaam>
                <mediatype>application/xml</mediatype>
                <schemaversie>1.3.0</schemaversie>
            </Module>
        </heeftModule>
    </Component>
</Pakbon>
