<?xml version="1.0" encoding="UTF-8" standalone="yes"?>
<Pakbon xmlns:rol="http://www.geostandaarden.nl/imow/regelsoplocatie" xmlns:xsi="http://www.w3.org/2001/XMLSchema-instance" xmlns="https://standaarden.overheid.nl/stop/imop/uitwisseling/" schemaversie="1.3.0">
    <Component>
        <FRBRWork>/akn/nl/act/gm0233/2020/omgevingsplan</FRBRWork>
        <FRBRExpression>/akn/nl/act/gm0233/2020/omgevingsplan/nld@2024-02-07;2</FRBRExpression>
        <soortWork>/join/id/stop/work_019</soortWork>
        <heeftModule>
            <Module>
                <localName>ExpressionIdentificatie</localName>
                <namespace>https://standaarden.overheid.nl/stop/imop/data/</namespace>
                <bestandsnaam>Regeling/Identificatie.xml</bestandsnaam>
                <mediatype>application/xml</mediatype>
                <schemaversie>1.3.0</schemaversie>
            </Module>
            <Module>
                <localName>RegelingVersieMetadata</localName>
                <namespace>https://standaarden.overheid.nl/stop/imop/data/</namespace>
                <bestandsnaam>Regeling/VersieMetadata.xml</bestandsnaam>
                <mediatype>application/xml</mediatype>
                <schemaversie>1.3.0</schemaversie>
            </Module>
            <Module>
                <localName>RegelingCompact</localName>
                <namespace>https://standaarden.overheid.nl/stop/imop/tekst/</namespace>
                <bestandsnaam>Regeling/Tekst.xml</bestandsnaam>
                <mediatype>application/xml</mediatype>
                <schemaversie>1.3.0</schemaversie>
            </Module>
            <Module>
                <localName>RegelingMetadata</localName>
                <namespace>https://standaarden.overheid.nl/stop/imop/data/</namespace>
                <bestandsnaam>Regeling/Metadata.xml</bestandsnaam>
                <mediatype>application/xml</mediatype>
                <schemaversie>1.3.0</schemaversie>
            </Module>
            <Module>
                <localName>Momentopname</localName>
                <namespace>https://standaarden.overheid.nl/stop/imop/data/</namespace>
                <bestandsnaam>Regeling/Momentopname.xml</bestandsnaam>
                <mediatype>application/xml</mediatype>
                <schemaversie>1.3.0</schemaversie>
            </Module>
            <Module>
                <localName>Aanleveringen</localName>
                <namespace>http://www.geostandaarden.nl/bestanden-ow/manifest-ow</namespace>
                <bestandsnaam>OW-bestanden/manifest-ow.xml</bestandsnaam>
                <mediatype>application/xml</mediatype>
                <schemaversie>1.0.4</schemaversie>
            </Module>
        </heeftModule>
    </Component>
</Pakbon>
