<InformatieObjectVersieMetadata schemaversie="1.3.0" xmlns="https://standaarden.overheid.nl/stop/imop/data/">
    <heeftBestanden>
        <heeftBestand>
            <Bestand>
                <bestandsnaam>GIO-eb0c6417.gml</bestandsnaam>
                <hash>b292681d998e03983885a5ab416fd4069d5b141d3b4dffbd700e109b47a789b55f1b8fa4f95c91b8907d31ffedf7fd826a3b89ed043ba2cb2a6209658066d208</hash>
            </Bestand>
        </heeftBestand>
    </heeftBestanden>
    <heeftGeboorteregeling>/akn/nl/act/pv28/2024/ZHOV</heeftGeboorteregeling>
</InformatieObjectVersieMetadata>