<InformatieObjectVersieMetadata schemaversie="1.3.0" xmlns="https://standaarden.overheid.nl/stop/imop/data/">
    <heeftBestanden>
        <heeftBestand>
            <Bestand>
                <bestandsnaam>GIO-8183d44d.gml</bestandsnaam>
                <hash>0819d2df57f8ccb2441ffe7e32494889357d31eaf6d8c402bab9784cceb33b7d41db4fba3ecd8078fca3782d25b1f45e018f8f6f70b6e439c69a99d4325a262f</hash>
            </Bestand>
        </heeftBestand>
    </heeftBestanden>
    <heeftGeboorteregeling>/akn/nl/act/pv28/2024/ZHOV</heeftGeboorteregeling>
</InformatieObjectVersieMetadata>