<InformatieObjectVersieMetadata schemaversie="1.3.0" xmlns="https://standaarden.overheid.nl/stop/imop/data/">
    <heeftBestanden>
        <heeftBestand>
            <Bestand>
                <bestandsnaam>GIO-f43a2e2d.gml</bestandsnaam>
                <hash>81891cb46f7e4c7ecf3457ca67c692d584195fa87d695c73aae601e44186c708da5baafd5445b1cff3d8fd2e24845a53291cd6598efe026a5b7c98f19d920bab</hash>
            </Bestand>
        </heeftBestand>
    </heeftBestanden>
    <heeftGeboorteregeling>/akn/nl/act/pv28/2024/ZHOV</heeftGeboorteregeling>
</InformatieObjectVersieMetadata>