<?xml version="1.0" encoding="UTF-8" standalone="no"?>
<manifest xmlns="http://www.overheid.nl/2017/lvbb">
  <bestand>
    <bestandsnaam>regelteksten.xml</bestandsnaam>
    <contentType>application/xml</contentType>
  </bestand>
  <bestand>
    <bestandsnaam>gio-1.gml</bestandsnaam>
    <contentType>application/gml+xml</contentType>
  </bestand>
  <bestand>
    <bestandsnaam>IO-9cb89b53-b554-3b6b-b1f1-c165b48e4363.xml</bestandsnaam>
    <contentType>application/xml</contentType>
  </bestand>
  <bestand>
    <bestandsnaam>manifest-ow.xml</bestandsnaam>
    <contentType>application/xml</contentType>
  </bestand>
  <bestand>
    <bestandsnaam>opdracht.xml</bestandsnaam>
    <contentType>application/xml</contentType>
  </bestand>
  <bestand>
    <bestandsnaam>jpg-plaatje-1.jpg</bestandsnaam>
    <contentType>image/jpeg</contentType>
  </bestand>
  <bestand>
    <bestandsnaam>besluit.xml</bestandsnaam>
    <contentType>application/xml</contentType>
  </bestand>
  <bestand>
    <bestandsnaam>regelsvooriedereen.xml</bestandsnaam>
    <contentType>application/xml</contentType>
  </bestand>
  <bestand>
    <bestandsnaam>gebiedengroepen.xml</bestandsnaam>
    <contentType>application/xml</contentType>
  </bestand>
  <bestand>
    <bestandsnaam>gebieden.xml</bestandsnaam>
    <contentType>application/xml</contentType>
  </bestand>
  <bestand>
    <bestandsnaam>regelingsgebieden.xml</bestandsnaam>
    <contentType>application/xml</contentType>
  </bestand>
  <bestand>
    <bestandsnaam>manifest.xml</bestandsnaam>
    <contentType>application/xml</contentType>
  </bestand>
  <bestand>
    <bestandsnaam>IO-8a639521-a2b1-3c9d-9dd2-ddfe4c7d5b4e.xml</bestandsnaam>
    <contentType>application/xml</contentType>
  </bestand>
  <bestand>
    <bestandsnaam>consolideren-1.pdf</bestandsnaam>
    <contentType>application/pdf</contentType>
  </bestand>
</manifest>
