<InformatieObjectMetadata schemaversie="1.3.0" xmlns="https://standaarden.overheid.nl/stop/imop/data/">
    <alternatieveTitels>
        <alternatieveTitel>A-locatie bos</alternatieveTitel>
    </alternatieveTitels>
    <eindverantwoordelijke>/tooi/id/provincie/pv28</eindverantwoordelijke>
    <formaatInformatieobject>/join/id/stop/informatieobject/gio_002</formaatInformatieobject>
    <maker>/tooi/id/provincie/pv28</maker>
    <naamInformatieObject>A-locatie bos</naamInformatieObject>
    <officieleTitel>/join/id/regdata/pv28/2024/gebiedsaanwijzing_a571370a9b874c4b8454f8f8a0bd3a05</officieleTitel>
    <publicatieinstructie>TeConsolideren</publicatieinstructie>
</InformatieObjectMetadata>