<InformatieObjectVersieMetadata schemaversie="1.3.0" xmlns="https://standaarden.overheid.nl/stop/imop/data/">
    <heeftBestanden>
        <heeftBestand>
            <Bestand>
                <bestandsnaam>GIO-d3a7f502.gml</bestandsnaam>
                <hash>515167a71246e6d4d0cacea5aa5c8a08b4b51c387e9800b26e520be78fcdccc05452a5fcf35f92d70ef381df949b4b3ca00aaa903f03805c1b96ce06ff425961</hash>
            </Bestand>
        </heeftBestand>
    </heeftBestanden>
    <heeftGeboorteregeling>/akn/nl/act/pv28/2024/ZHOV</heeftGeboorteregeling>
</InformatieObjectVersieMetadata>