<InformatieObjectVersieMetadata schemaversie="1.3.0" xmlns="https://standaarden.overheid.nl/stop/imop/data/">
    <heeftBestanden>
        <heeftBestand>
            <Bestand>
                <bestandsnaam>GIO-b501f011.gml</bestandsnaam>
                <hash>7ecb7ff1694da9600edcf38a120577c3da5fc68128f908a2a4077a1107023faa26fe8199d0372b1dd86358a370ab20ee5d27ee123a0c592c07d7cb21ab49bbe8</hash>
            </Bestand>
        </heeftBestand>
    </heeftBestanden>
    <heeftGeboorteregeling>/akn/nl/act/pv28/2024/ZHOV</heeftGeboorteregeling>
</InformatieObjectVersieMetadata>