<InformatieObjectVersieMetadata schemaversie="1.3.0" xmlns="https://standaarden.overheid.nl/stop/imop/data/">
    <heeftBestanden>
        <heeftBestand>
            <Bestand>
                <bestandsnaam>GIO-38bd34e9.gml</bestandsnaam>
                <hash>ba90f0579b4e004ae28965dc4c3fe16349f40f897524c9216ef672313ceda29d82296b9f0b46649ca5e31e26aae85f14ef0b093f3e5df50c99eee873a1bd1e65</hash>
            </Bestand>
        </heeftBestand>
    </heeftBestanden>
    <heeftGeboorteregeling>/akn/nl/act/pv28/2024/ZHOV</heeftGeboorteregeling>
</InformatieObjectVersieMetadata>