<InformatieObjectVersieMetadata schemaversie="1.3.0" xmlns="https://standaarden.overheid.nl/stop/imop/data/">
    <heeftBestanden>
        <heeftBestand>
            <Bestand>
                <bestandsnaam>GIO-ba159503.gml</bestandsnaam>
                <hash>869583ea8882b2c368bacf07f2b169fe7b014d76a775d5bf911c88f9808fdd5b357d27d12da2e716934a7f7cbdc86536586a4c8c220c1710034ec054a27554f5</hash>
            </Bestand>
        </heeftBestand>
    </heeftBestanden>
    <heeftGeboorteregeling>/akn/nl/act/pv28/2024/ZHOV</heeftGeboorteregeling>
</InformatieObjectVersieMetadata>