<InformatieObjectVersieMetadata schemaversie="1.3.0" xmlns="https://standaarden.overheid.nl/stop/imop/data/">
    <heeftBestanden>
        <heeftBestand>
            <Bestand>
                <bestandsnaam>GIO-f8457f46.gml</bestandsnaam>
                <hash>0a82d6cc3a373cfb08404a9c2b9d54ffe4ebb482045244a25b22a01914e631fbd512efb40ee7928aa8c740c72df628d28505966fe1bdcf0048ca4b43a894a2ba</hash>
            </Bestand>
        </heeftBestand>
    </heeftBestanden>
    <heeftGeboorteregeling>/akn/nl/act/pv28/2024/ZHOV</heeftGeboorteregeling>
</InformatieObjectVersieMetadata>