<?xml version="1.0" encoding="UTF-8" standalone="no"?>
  <AanleveringInformatieObject xmlns="https://standaarden.overheid.nl/lvbb/stop/aanlevering/" xmlns:geo="https://standaarden.overheid.nl/stop/imop/geo/" xmlns:xsi="http://www.w3.org/2001/XMLSchema-instance" schemaversie="1.2.0" xsi:schemaLocation="https://standaarden.overheid.nl/lvbb/stop/aanlevering https://standaarden.overheid.nl/lvbb/1.2.0/lvbb-stop-aanlevering.xsd">
  <InformatieObjectVersie>
  <data:ExpressionIdentificatie xmlns:data="https://standaarden.overheid.nl/stop/imop/data/">
  <data:FRBRWork>/join/id/regdata/ws0665/2023/94e6abb4098c43d0aa1477b77d0ad3cd</data:FRBRWork>
  <data:FRBRExpression>/join/id/regdata/ws0665/2023/94e6abb4098c43d0aa1477b77d0ad3cd/nld@2023-11-07;1</data:FRBRExpression>
  <data:soortWork>/join/id/stop/work_010</data:soortWork>
  </data:ExpressionIdentificatie>
  <data:InformatieObjectVersieMetadata xmlns:data="https://standaarden.overheid.nl/stop/imop/data/">
  <data:heeftGeboorteregeling>/akn/nl/act/ws0665/2023/Regeling361457d2541a494d9b2761494c28eb68</data:heeftGeboorteregeling>
  <data:heeftBestanden>
  <data:heeftBestand>
  <data:Bestand>
  <data:bestandsnaam>nl.imow-ws0665.gebied.5da593096e744656825d817e67d6e0fd.gml</data:bestandsnaam>
  <data:hash>58148782b774fb144221c00ff95163209d4a9e1e36bb19e3787526d83ebd7e7fba73359f8b6423e2c14ce11af57e56c8a3b1e4a7481e9dac127476a7bbf2bd62</data:hash>
  </data:Bestand>
  </data:heeftBestand>
  </data:heeftBestanden>
  </data:InformatieObjectVersieMetadata>
  <data:InformatieObjectMetadata xmlns:data="https://standaarden.overheid.nl/stop/imop/data/" schemaversie="1.3.0">
  <data:alternatieveTitels>
  <data:alternatieveTitel>peilgestuurde drainagegebied noord</data:alternatieveTitel>
  </data:alternatieveTitels>
  <data:eindverantwoordelijke>/tooi/id/waterschap/ws0665</data:eindverantwoordelijke>
  <data:formaatInformatieobject>/join/id/stop/informatieobject/gio_002</data:formaatInformatieobject>
  <data:maker>/tooi/id/waterschap/ws0665</data:maker>
  <data:naamInformatieObject>peilgestuurde drainagegebied noord</data:naamInformatieObject>
  <data:officieleTitel>/join/id/regdata/ws0665/2023/94e6abb4098c43d0aa1477b77d0ad3cd</data:officieleTitel>
  <data:publicatieinstructie>TeConsolideren</data:publicatieinstructie>
  </data:InformatieObjectMetadata>
  </InformatieObjectVersie>
  </AanleveringInformatieObject>