<?xml version="1.0" encoding="UTF-8" standalone="no"?>
  <AanleveringInformatieObject xmlns="https://standaarden.overheid.nl/lvbb/stop/aanlevering/" xmlns:geo="https://standaarden.overheid.nl/stop/imop/geo/" xmlns:xsi="http://www.w3.org/2001/XMLSchema-instance" schemaversie="1.2.0" xsi:schemaLocation="https://standaarden.overheid.nl/lvbb/stop/aanlevering https://standaarden.overheid.nl/lvbb/1.2.0/lvbb-stop-aanlevering.xsd">
  <InformatieObjectVersie>
  <data:ExpressionIdentificatie xmlns:data="https://standaarden.overheid.nl/stop/imop/data/">
  <data:FRBRWork>/join/id/regdata/ws0665/2023/14cd69a779a448499bb01f8c704b7793</data:FRBRWork>
  <data:FRBRExpression>/join/id/regdata/ws0665/2023/14cd69a779a448499bb01f8c704b7793/nld@2025-03-03;10455767</data:FRBRExpression>
  <data:soortWork>/join/id/stop/work_010</data:soortWork>
  </data:ExpressionIdentificatie>
  <data:InformatieObjectVersieMetadata xmlns:data="https://standaarden.overheid.nl/stop/imop/data/">
  <data:heeftGeboorteregeling>/akn/nl/act/ws0665/2023/Regeling361457d2541a494d9b2761494c28eb68</data:heeftGeboorteregeling>
  <data:heeftBestanden>
  <data:heeftBestand>
  <data:Bestand>
  <data:bestandsnaam>nl.imow-ws0665.gebied.cdee7d3231cd4b24af4f13e1cc242474.gml</data:bestandsnaam>
  <data:hash>020dea6c367ff5f364ff88e2ba196ccab829ef42d93957ee59192f815520c5fcab22b692002a6ca036dac203b127f4323278cc29ac6f074052e8380923177376</data:hash>
  </data:Bestand>
  </data:heeftBestand>
  </data:heeftBestanden>
  </data:InformatieObjectVersieMetadata>
  <data:InformatieObjectMetadata xmlns:data="https://standaarden.overheid.nl/stop/imop/data/" schemaversie="1.3.0">
  <data:alternatieveTitels>
  <data:alternatieveTitel>profiel van vrije ruimte</data:alternatieveTitel>
  </data:alternatieveTitels>
  <data:eindverantwoordelijke>/tooi/id/waterschap/ws0665</data:eindverantwoordelijke>
  <data:formaatInformatieobject>/join/id/stop/informatieobject/gio_002</data:formaatInformatieobject>
  <data:maker>/tooi/id/waterschap/ws0665</data:maker>
  <data:naamInformatieObject>profiel van vrije ruimte</data:naamInformatieObject>
  <data:officieleTitel>/join/id/regdata/ws0665/2023/14cd69a779a448499bb01f8c704b7793</data:officieleTitel>
  <data:publicatieinstructie>TeConsolideren</data:publicatieinstructie>
  </data:InformatieObjectMetadata>
  </InformatieObjectVersie>
  </AanleveringInformatieObject>