<?xml version="1.0" encoding="UTF-8" standalone="no"?>
  <AanleveringInformatieObject xmlns="https://standaarden.overheid.nl/lvbb/stop/aanlevering/" xmlns:geo="https://standaarden.overheid.nl/stop/imop/geo/" xmlns:xsi="http://www.w3.org/2001/XMLSchema-instance" schemaversie="1.2.0" xsi:schemaLocation="https://standaarden.overheid.nl/lvbb/stop/aanlevering https://standaarden.overheid.nl/lvbb/1.2.0/lvbb-stop-aanlevering.xsd">
  <InformatieObjectVersie>
  <data:ExpressionIdentificatie xmlns:data="https://standaarden.overheid.nl/stop/imop/data/">
  <data:FRBRWork>/join/id/regdata/ws0665/2023/9f13bba648ef4c9580557eee5bded311</data:FRBRWork>
  <data:FRBRExpression>/join/id/regdata/ws0665/2023/9f13bba648ef4c9580557eee5bded311/nld@2023-11-07;1</data:FRBRExpression>
  <data:soortWork>/join/id/stop/work_010</data:soortWork>
  </data:ExpressionIdentificatie>
  <data:InformatieObjectVersieMetadata xmlns:data="https://standaarden.overheid.nl/stop/imop/data/">
  <data:heeftGeboorteregeling>/akn/nl/act/ws0665/2023/Regeling361457d2541a494d9b2761494c28eb68</data:heeftGeboorteregeling>
  <data:heeftBestanden>
  <data:heeftBestand>
  <data:Bestand>
  <data:bestandsnaam>nl.imow-ws0665.gebied.b13bdb45986c4d2c951a44293c09682b.gml</data:bestandsnaam>
  <data:hash>49f5d86140538585629f83194e23ca204c3202e51a285683c9aac20b8b896e5706a59c2c93a94ae3b7d6737b745cce7726b8440ea2dcf54841fb5808fa19b6b7</data:hash>
  </data:Bestand>
  </data:heeftBestand>
  </data:heeftBestanden>
  </data:InformatieObjectVersieMetadata>
  <data:InformatieObjectMetadata xmlns:data="https://standaarden.overheid.nl/stop/imop/data/" schemaversie="1.3.0">
  <data:alternatieveTitels>
  <data:alternatieveTitel>boringsvrije zone Roerdalslenk I (Bovenste Brunssumklei)</data:alternatieveTitel>
  </data:alternatieveTitels>
  <data:eindverantwoordelijke>/tooi/id/waterschap/ws0665</data:eindverantwoordelijke>
  <data:formaatInformatieobject>/join/id/stop/informatieobject/gio_002</data:formaatInformatieobject>
  <data:maker>/tooi/id/waterschap/ws0665</data:maker>
  <data:naamInformatieObject>boringsvrije zone Roerdalslenk I (Bovenste Brunssumklei)</data:naamInformatieObject>
  <data:officieleTitel>/join/id/regdata/ws0665/2023/9f13bba648ef4c9580557eee5bded311</data:officieleTitel>
  <data:publicatieinstructie>TeConsolideren</data:publicatieinstructie>
  </data:InformatieObjectMetadata>
  </InformatieObjectVersie>
  </AanleveringInformatieObject>