<?xml version="1.0" encoding="UTF-8" standalone="no"?>
  <AanleveringInformatieObject xmlns="https://standaarden.overheid.nl/lvbb/stop/aanlevering/" xmlns:geo="https://standaarden.overheid.nl/stop/imop/geo/" xmlns:xsi="http://www.w3.org/2001/XMLSchema-instance" schemaversie="1.2.0" xsi:schemaLocation="https://standaarden.overheid.nl/lvbb/stop/aanlevering https://standaarden.overheid.nl/lvbb/1.2.0/lvbb-stop-aanlevering.xsd">
  <InformatieObjectVersie>
  <data:ExpressionIdentificatie xmlns:data="https://standaarden.overheid.nl/stop/imop/data/">
  <data:FRBRWork>/join/id/regdata/ws0665/2023/21490ed063c64479976951651cf4f522</data:FRBRWork>
  <data:FRBRExpression>/join/id/regdata/ws0665/2023/21490ed063c64479976951651cf4f522/nld@2023-11-07;1</data:FRBRExpression>
  <data:soortWork>/join/id/stop/work_010</data:soortWork>
  </data:ExpressionIdentificatie>
  <data:InformatieObjectVersieMetadata xmlns:data="https://standaarden.overheid.nl/stop/imop/data/">
  <data:heeftGeboorteregeling>/akn/nl/act/ws0665/2023/Regeling361457d2541a494d9b2761494c28eb68</data:heeftGeboorteregeling>
  <data:heeftBestanden>
  <data:heeftBestand>
  <data:Bestand>
  <data:bestandsnaam>nl.imow-ws0665.gebied.6bc5fa1035d24c5eb625e8f1be60ec89.gml</data:bestandsnaam>
  <data:hash>e7137e0266e170179a2ce3ca353fbe00979fd3826a8c138812b50ff2007880bb24321a8ed1c59ac95940b8440af11ebbd52965241f1b7ea86f1855217adf2292</data:hash>
  </data:Bestand>
  </data:heeftBestand>
  </data:heeftBestanden>
  </data:InformatieObjectVersieMetadata>
  <data:InformatieObjectMetadata xmlns:data="https://standaarden.overheid.nl/stop/imop/data/" schemaversie="1.3.0">
  <data:alternatieveTitels>
  <data:alternatieveTitel>oppervlaktewateren Niers, Helenavaart en Oude Helenavaart</data:alternatieveTitel>
  </data:alternatieveTitels>
  <data:eindverantwoordelijke>/tooi/id/waterschap/ws0665</data:eindverantwoordelijke>
  <data:formaatInformatieobject>/join/id/stop/informatieobject/gio_002</data:formaatInformatieobject>
  <data:maker>/tooi/id/waterschap/ws0665</data:maker>
  <data:naamInformatieObject>oppervlaktewateren Niers, Helenavaart en Oude Helenavaart</data:naamInformatieObject>
  <data:officieleTitel>/join/id/regdata/ws0665/2023/21490ed063c64479976951651cf4f522</data:officieleTitel>
  <data:publicatieinstructie>TeConsolideren</data:publicatieinstructie>
  </data:InformatieObjectMetadata>
  </InformatieObjectVersie>
  </AanleveringInformatieObject>