<?xml version="1.0" encoding="UTF-8" standalone="no"?>
<manifest xmlns="http://www.overheid.nl/2017/lvbb">
  <bestand>
    <bestandsnaam>IO-1097858125729578790.xml</bestandsnaam>
    <contentType>application/xml</contentType>
  </bestand>
  <bestand>
    <bestandsnaam>nl.imow-ws0665.gebied.9e82b68ee5f94f3abd1de21a180ea42e.gml</bestandsnaam>
    <contentType>application/gml+xml</contentType>
  </bestand>
  <bestand>
    <bestandsnaam>nl.imow-ws0665.gebied.fb3da6c91b694b288c0a94bd24ab7ab9.gml</bestandsnaam>
    <contentType>application/gml+xml</contentType>
  </bestand>
  <bestand>
    <bestandsnaam>IO-10716313444424547199.xml</bestandsnaam>
    <contentType>application/xml</contentType>
  </bestand>
  <bestand>
    <bestandsnaam>nl.imow-ws0665.gebied.5c215abf09d24204953f6f1373060835.gml</bestandsnaam>
    <contentType>application/gml+xml</contentType>
  </bestand>
  <bestand>
    <bestandsnaam>besluit.xml</bestandsnaam>
    <contentType>application/xml</contentType>
  </bestand>
  <bestand>
    <bestandsnaam>IO-11366525946425196584.xml</bestandsnaam>
    <contentType>application/xml</contentType>
  </bestand>
  <bestand>
    <bestandsnaam>IO-1501340094701282055.xml</bestandsnaam>
    <contentType>application/xml</contentType>
  </bestand>
  <bestand>
    <bestandsnaam>IO-15440877592191780685.xml</bestandsnaam>
    <contentType>application/xml</contentType>
  </bestand>
  <bestand>
    <bestandsnaam>IO-4821717778857043238.xml</bestandsnaam>
    <contentType>application/xml</contentType>
  </bestand>
  <bestand>
    <bestandsnaam>nl.imow-ws0665.gebied.552930df7aff4bad9f72864b38a1dd37.gml</bestandsnaam>
    <contentType>application/gml+xml</contentType>
  </bestand>
  <bestand>
    <bestandsnaam>IO-85887735785331706.xml</bestandsnaam>
    <contentType>application/xml</contentType>
  </bestand>
  <bestand>
    <bestandsnaam>IO-9784460022984878156.xml</bestandsnaam>
    <contentType>application/xml</contentType>
  </bestand>
  <bestand>
    <bestandsnaam>nl.imow-ws0665.gebied.6bc5fa1035d24c5eb625e8f1be60ec89.gml</bestandsnaam>
    <contentType>application/gml+xml</contentType>
  </bestand>
  <bestand>
    <bestandsnaam>nl.imow-ws0665.gebied.88646104630048f89f5d2c150dad0ac9.gml</bestandsnaam>
    <contentType>application/gml+xml</contentType>
  </bestand>
  <bestand>
    <bestandsnaam>IO-9638540694963211969.xml</bestandsnaam>
    <contentType>application/xml</contentType>
  </bestand>
  <bestand>
    <bestandsnaam>IO-12286701828425192343.xml</bestandsnaam>
    <contentType>application/xml</contentType>
  </bestand>
  <bestand>
    <bestandsnaam>IO-8180530739195969882.xml</bestandsnaam>
    <contentType>application/xml</contentType>
  </bestand>
  <bestand>
    <bestandsnaam>nl.imow-ws0665.gebied.bfd47d646bef46e487834b905e95a8e1.gml</bestandsnaam>
    <contentType>application/gml+xml</contentType>
  </bestand>
  <bestand>
    <bestandsnaam>activiteiten.xml</bestandsnaam>
    <contentType>application/xml</contentType>
  </bestand>
  <bestand>
    <bestandsnaam>nl.imow-ws0665.gebied.a76c8a5916de4e9e9f38294af76cab73.gml</bestandsnaam>
    <contentType>application/gml+xml</contentType>
  </bestand>
  <bestand>
    <bestandsnaam>IO-15252106572683454334.xml</bestandsnaam>
    <contentType>application/xml</contentType>
  </bestand>
  <bestand>
    <bestandsnaam>IO-12972774311404334112.xml</bestandsnaam>
    <contentType>application/xml</contentType>
  </bestand>
  <bestand>
    <bestandsnaam>nl.imow-ws0665.gebied.c0982104bce44b488ed2602634d07b83.gml</bestandsnaam>
    <contentType>application/gml+xml</contentType>
  </bestand>
  <bestand>
    <bestandsnaam>nl.imow-ws0665.gebied.9f5d7ddc725f4545b3eddf16fdd68d4d.gml</bestandsnaam>
    <contentType>application/gml+xml</contentType>
  </bestand>
  <bestand>
    <bestandsnaam>IO-10320389344477896804.xml</bestandsnaam>
    <contentType>application/xml</contentType>
  </bestand>
  <bestand>
    <bestandsnaam>IO-7857635750763555565.xml</bestandsnaam>
    <contentType>application/xml</contentType>
  </bestand>
  <bestand>
    <bestandsnaam>IO-6315823216223088354.xml</bestandsnaam>
    <contentType>application/xml</contentType>
  </bestand>
  <bestand>
    <bestandsnaam>nl.imow-ws0665.gebied.05d00c64fac646e79c172ade8b60366e.gml</bestandsnaam>
    <contentType>application/gml+xml</contentType>
  </bestand>
  <bestand>
    <bestandsnaam>nl.imow-ws0665.gebied.92b3225712d74cee97df48d138fdbb0b.gml</bestandsnaam>
    <contentType>application/gml+xml</contentType>
  </bestand>
  <bestand>
    <bestandsnaam>nl.imow-ws0665.gebied.47d00f14c95644d5a22642fa79c54e16.gml</bestandsnaam>
    <contentType>application/gml+xml</contentType>
  </bestand>
  <bestand>
    <bestandsnaam>regelteksten.xml</bestandsnaam>
    <contentType>application/xml</contentType>
  </bestand>
  <bestand>
    <bestandsnaam>nl.imow-ws0665.gebied.1d288ce00b9f486a8d218abfca0dc638.gml</bestandsnaam>
    <contentType>application/gml+xml</contentType>
  </bestand>
  <bestand>
    <bestandsnaam>IO-498612097966008948.xml</bestandsnaam>
    <contentType>application/xml</contentType>
  </bestand>
  <bestand>
    <bestandsnaam>IO-15456280207626581283.xml</bestandsnaam>
    <contentType>application/xml</contentType>
  </bestand>
  <bestand>
    <bestandsnaam>IO-18188370430592308720.xml</bestandsnaam>
    <contentType>application/xml</contentType>
  </bestand>
  <bestand>
    <bestandsnaam>nl.imow-ws0665.gebied.ecc2d0e559a649609d23a4b6090629b8.gml</bestandsnaam>
    <contentType>application/gml+xml</contentType>
  </bestand>
  <bestand>
    <bestandsnaam>IO-13031105181745435266.xml</bestandsnaam>
    <contentType>application/xml</contentType>
  </bestand>
  <bestand>
    <bestandsnaam>IO-11203765202875784660.xml</bestandsnaam>
    <contentType>application/xml</contentType>
  </bestand>
  <bestand>
    <bestandsnaam>nl.imow-ws0665.gebied.b13bdb45986c4d2c951a44293c09682b.gml</bestandsnaam>
    <contentType>application/gml+xml</contentType>
  </bestand>
  <bestand>
    <bestandsnaam>manifest-ow.xml</bestandsnaam>
    <contentType>application/xml</contentType>
  </bestand>
  <bestand>
    <bestandsnaam>IO-4313148418746495705.xml</bestandsnaam>
    <contentType>application/xml</contentType>
  </bestand>
  <bestand>
    <bestandsnaam>IO-2349071247377029134.xml</bestandsnaam>
    <contentType>application/xml</contentType>
  </bestand>
  <bestand>
    <bestandsnaam>IO-2957905899631242426.xml</bestandsnaam>
    <contentType>application/xml</contentType>
  </bestand>
  <bestand>
    <bestandsnaam>IO-397412846370570255.xml</bestandsnaam>
    <contentType>application/xml</contentType>
  </bestand>
  <bestand>
    <bestandsnaam>nl.imow-ws0665.gebied.5da593096e744656825d817e67d6e0fd.gml</bestandsnaam>
    <contentType>application/gml+xml</contentType>
  </bestand>
  <bestand>
    <bestandsnaam>gebieden.xml</bestandsnaam>
    <contentType>application/xml</contentType>
  </bestand>
  <bestand>
    <bestandsnaam>ambtsgebieden.xml</bestandsnaam>
    <contentType>application/xml</contentType>
  </bestand>
  <bestand>
    <bestandsnaam>nl.imow-ws0665.gebied.fcba97700b1543d8bb17b8122e7b38b6.gml</bestandsnaam>
    <contentType>application/gml+xml</contentType>
  </bestand>
  <bestand>
    <bestandsnaam>IO-7179102989382237850.xml</bestandsnaam>
    <contentType>application/xml</contentType>
  </bestand>
  <bestand>
    <bestandsnaam>IO-1767180704878145823.xml</bestandsnaam>
    <contentType>application/xml</contentType>
  </bestand>
  <bestand>
    <bestandsnaam>nl.imow-ws0665.gebiedsaanwijzing.1a58f161a8c94ed09e4cd3e084a84e08.gml</bestandsnaam>
    <contentType>application/gml+xml</contentType>
  </bestand>
  <bestand>
    <bestandsnaam>IO-12685290162478674574.xml</bestandsnaam>
    <contentType>application/xml</contentType>
  </bestand>
  <bestand>
    <bestandsnaam>nl.imow-ws0665.gebied.14fbb37905ac4b61a78fa98e4c6cb09d.gml</bestandsnaam>
    <contentType>application/gml+xml</contentType>
  </bestand>
  <bestand>
    <bestandsnaam>nl.imow-ws0665.gebied.2568d3e6140c4908b49a51f808caa61d.gml</bestandsnaam>
    <contentType>application/gml+xml</contentType>
  </bestand>
  <bestand>
    <bestandsnaam>opdracht.xml</bestandsnaam>
    <contentType>application/xml</contentType>
  </bestand>
  <bestand>
    <bestandsnaam>nl.imow-ws0665.gebied.9838b72d47334c30b040bc4b0207201e.gml</bestandsnaam>
    <contentType>application/gml+xml</contentType>
  </bestand>
  <bestand>
    <bestandsnaam>regelsvooriedereen.xml</bestandsnaam>
    <contentType>application/xml</contentType>
  </bestand>
  <bestand>
    <bestandsnaam>nl.imow-ws0665.gebied.a894640e8fd14ffd8d5c2a4a2e51e17c.gml</bestandsnaam>
    <contentType>application/gml+xml</contentType>
  </bestand>
  <bestand>
    <bestandsnaam>IO-6526619708978673434.xml</bestandsnaam>
    <contentType>application/xml</contentType>
  </bestand>
  <bestand>
    <bestandsnaam>nl.imow-ws0665.gebied.3839b81a867243199b201d1515b2ef9b.gml</bestandsnaam>
    <contentType>application/gml+xml</contentType>
  </bestand>
  <bestand>
    <bestandsnaam>nl.imow-ws0665.gebied.f1eed387c53a462c97e67f5c04d177ba.gml</bestandsnaam>
    <contentType>application/gml+xml</contentType>
  </bestand>
  <bestand>
    <bestandsnaam>nl.imow-ws0665.gebied.0b1fab3ee0c54250b6f1e7ccb4d0e38e.gml</bestandsnaam>
    <contentType>application/gml+xml</contentType>
  </bestand>
  <bestand>
    <bestandsnaam>nl.imow-ws0665.gebied.c2e295376e8d4a2f84c024854321ab5a.gml</bestandsnaam>
    <contentType>application/gml+xml</contentType>
  </bestand>
  <bestand>
    <bestandsnaam>nl.imow-ws0665.gebied.ee80add1940642eeb8803cadfae00f36.gml</bestandsnaam>
    <contentType>application/gml+xml</contentType>
  </bestand>
  <bestand>
    <bestandsnaam>IO-10337187683849912071.xml</bestandsnaam>
    <contentType>application/xml</contentType>
  </bestand>
  <bestand>
    <bestandsnaam>nl.imow-ws0665.gebied.b4bf3b87b68245039e5d1aade56c6163.gml</bestandsnaam>
    <contentType>application/gml+xml</contentType>
  </bestand>
  <bestand>
    <bestandsnaam>nl.imow-ws0665.gebied.482a9c65e3894ebd97d597a7e0343a3e.gml</bestandsnaam>
    <contentType>application/gml+xml</contentType>
  </bestand>
  <bestand>
    <bestandsnaam>IO-13630079097018899693.xml</bestandsnaam>
    <contentType>application/xml</contentType>
  </bestand>
  <bestand>
    <bestandsnaam>nl.imow-ws0665.gebied.d1c2474c766143438db3bccf7434883b.gml</bestandsnaam>
    <contentType>application/gml+xml</contentType>
  </bestand>
  <bestand>
    <bestandsnaam>nl.imow-ws0665.gebied.61bd48349acf41e5b4d41d7e85f44126.gml</bestandsnaam>
    <contentType>application/gml+xml</contentType>
  </bestand>
  <bestand>
    <bestandsnaam>IO-6316304906798963724.xml</bestandsnaam>
    <contentType>application/xml</contentType>
  </bestand>
  <bestand>
    <bestandsnaam>IO-11229561362951266408.xml</bestandsnaam>
    <contentType>application/xml</contentType>
  </bestand>
  <bestand>
    <bestandsnaam>IO-13687782226659852188.xml</bestandsnaam>
    <contentType>application/xml</contentType>
  </bestand>
  <bestand>
    <bestandsnaam>nl.imow-ws0665.gebied.cdee7d3231cd4b24af4f13e1cc242474.gml</bestandsnaam>
    <contentType>application/gml+xml</contentType>
  </bestand>
  <bestand>
    <bestandsnaam>IO-7632408173804938109.xml</bestandsnaam>
    <contentType>application/xml</contentType>
  </bestand>
  <bestand>
    <bestandsnaam>IO-901068746712289459.xml</bestandsnaam>
    <contentType>application/xml</contentType>
  </bestand>
  <bestand>
    <bestandsnaam>nl.imow-ws0665.gebied.05c4817f82474742809f15ce128570b4.gml</bestandsnaam>
    <contentType>application/gml+xml</contentType>
  </bestand>
  <bestand>
    <bestandsnaam>nl.imow-ws0665.gebied.965e33764f55449582f0552e96a1c083.gml</bestandsnaam>
    <contentType>application/gml+xml</contentType>
  </bestand>
  <bestand>
    <bestandsnaam>nl.imow-ws0665.gebied.fabbf14b7a7740c4aac1cf4568e37f02.gml</bestandsnaam>
    <contentType>application/gml+xml</contentType>
  </bestand>
  <bestand>
    <bestandsnaam>IO-17317706211181423245.xml</bestandsnaam>
    <contentType>application/xml</contentType>
  </bestand>
  <bestand>
    <bestandsnaam>IO-11436273550589662322.xml</bestandsnaam>
    <contentType>application/xml</contentType>
  </bestand>
  <bestand>
    <bestandsnaam>IO-3395549523443877694.xml</bestandsnaam>
    <contentType>application/xml</contentType>
  </bestand>
  <bestand>
    <bestandsnaam>nl.imow-ws0665.gebied.5f15bed85b194097848363b799affffd.gml</bestandsnaam>
    <contentType>application/gml+xml</contentType>
  </bestand>
  <bestand>
    <bestandsnaam>nl.imow-ws0665.gebied.eb2078c4931f48319d5b0ba7eade5dbf.gml</bestandsnaam>
    <contentType>application/gml+xml</contentType>
  </bestand>
  <bestand>
    <bestandsnaam>IO-11616856023710651042.xml</bestandsnaam>
    <contentType>application/xml</contentType>
  </bestand>
  <bestand>
    <bestandsnaam>nl.imow-ws0665.gebiedsaanwijzing.5d74b05eeadd4537a67694e9aca6f064.gml</bestandsnaam>
    <contentType>application/gml+xml</contentType>
  </bestand>
  <bestand>
    <bestandsnaam>IO-11720814404127699280.xml</bestandsnaam>
    <contentType>application/xml</contentType>
  </bestand>
  <bestand>
    <bestandsnaam>nl.imow-ws0665.gebied.89e734bcba9d4705bbdef63819b6d041.gml</bestandsnaam>
    <contentType>application/gml+xml</contentType>
  </bestand>
  <bestand>
    <bestandsnaam>IO-4262094542835748687.xml</bestandsnaam>
    <contentType>application/xml</contentType>
  </bestand>
  <bestand>
    <bestandsnaam>IO-6091280910623390164.xml</bestandsnaam>
    <contentType>application/xml</contentType>
  </bestand>
  <bestand>
    <bestandsnaam>IO-6714019946222548364.xml</bestandsnaam>
    <contentType>application/xml</contentType>
  </bestand>
  <bestand>
    <bestandsnaam>nl.imow-ws0665.gebied.ebea52e918e14a3eb9491a4a265b6cf2.gml</bestandsnaam>
    <contentType>application/gml+xml</contentType>
  </bestand>
  <bestand>
    <bestandsnaam>nl.imow-ws0665.gebied.7fcfdea853724f5a82d837a2fae572af.gml</bestandsnaam>
    <contentType>application/gml+xml</contentType>
  </bestand>
  <bestand>
    <bestandsnaam>regelingsgebieden.xml</bestandsnaam>
    <contentType>application/xml</contentType>
  </bestand>
  <bestand>
    <bestandsnaam>nl.imow-ws0665.gebied.c84b3642555948189bb48b67207e303f.gml</bestandsnaam>
    <contentType>application/gml+xml</contentType>
  </bestand>
  <bestand>
    <bestandsnaam>manifest.xml</bestandsnaam>
    <contentType>application/xml</contentType>
  </bestand>
  <bestand>
    <bestandsnaam>gebiedsaanwijzingen.xml</bestandsnaam>
    <contentType>application/xml</contentType>
  </bestand>
  <bestand>
    <bestandsnaam>nl.imow-ws0665.gebied.77f7a23ff915415ba0e857912cc6c152.gml</bestandsnaam>
    <contentType>application/gml+xml</contentType>
  </bestand>
</manifest>
