<InformatieObjectVersieMetadata schemaversie="1.3.0" xmlns="https://standaarden.overheid.nl/stop/imop/data/">
    <heeftBestanden>
        <heeftBestand>
            <Bestand>
                <bestandsnaam>GIO-ebfdcdba.gml</bestandsnaam>
                <hash>79fb68738b7118c4f867d0d9de44c3b6c1256ec8e95cc42f9ae94d0dd76a6fc845651444a978a13043c5855f73bafab0afd4ddaf48b0190723748e6aec8f2468</hash>
            </Bestand>
        </heeftBestand>
    </heeftBestanden>
    <heeftGeboorteregeling>/akn/nl/act/pv28/2024/ZHOV</heeftGeboorteregeling>
</InformatieObjectVersieMetadata>