<InformatieObjectVersieMetadata schemaversie="1.3.0" xmlns="https://standaarden.overheid.nl/stop/imop/data/">
    <heeftBestanden>
        <heeftBestand>
            <Bestand>
                <bestandsnaam>GIO-c189371b.gml</bestandsnaam>
                <hash>74f024c99d1e162ddf0b33b7a0d0230aa08649016b5c5b7bf8f36dcec5c1e1302199c1093f4e228ebadeb2fd3c6886bedb860ff7bfecb47e617a655fcd57d897</hash>
            </Bestand>
        </heeftBestand>
    </heeftBestanden>
    <heeftGeboorteregeling>/akn/nl/act/pv28/2024/ZHOV</heeftGeboorteregeling>
</InformatieObjectVersieMetadata>