<InformatieObjectVersieMetadata schemaversie="1.3.0" xmlns="https://standaarden.overheid.nl/stop/imop/data/">
    <heeftBestanden>
        <heeftBestand>
            <Bestand>
                <bestandsnaam>GIO-7c13ee0f.gml</bestandsnaam>
                <hash>fe6596fe700279b7f0dee79f0d72da5cdc810976f07fa46432b166270e828ad3258a0f7cdd62cc56128f45a529230f6ee1cb48d356a74f6200b1a3d2f97b6a95</hash>
            </Bestand>
        </heeftBestand>
    </heeftBestanden>
    <heeftGeboorteregeling>/akn/nl/act/pv28/2024/ZHOV</heeftGeboorteregeling>
</InformatieObjectVersieMetadata>