<InformatieObjectVersieMetadata schemaversie="1.3.0" xmlns="https://standaarden.overheid.nl/stop/imop/data/">
    <heeftBestanden>
        <heeftBestand>
            <Bestand>
                <bestandsnaam>GIO-823038e3.gml</bestandsnaam>
                <hash>c14eff515c0b0cef22da03ce1f02c83419a947c973950392f2bcafc30b88c597377c2c0da9fcc8060cb21b0a0a023a1bd278de214ccc988c329173fdaf7119e1</hash>
            </Bestand>
        </heeftBestand>
    </heeftBestanden>
    <heeftGeboorteregeling>/akn/nl/act/pv28/2024/ZHOV</heeftGeboorteregeling>
</InformatieObjectVersieMetadata>