<InformatieObjectVersieMetadata schemaversie="1.3.0" xmlns="https://standaarden.overheid.nl/stop/imop/data/">
    <heeftBestanden>
        <heeftBestand>
            <Bestand>
                <bestandsnaam>GIO-954d874f.gml</bestandsnaam>
                <hash>a13cdd8a0af24e80179842eff2025c5e42a21a081591b055031be4a14190e25299ee605cdc8e4ea2bc94bbb516b5367c80a2b9f99553e2839240a72623815f44</hash>
            </Bestand>
        </heeftBestand>
    </heeftBestanden>
    <heeftGeboorteregeling>/akn/nl/act/pv28/2024/ZHOV</heeftGeboorteregeling>
</InformatieObjectVersieMetadata>