<data:InformatieObjectMetadata schemaversie="1.3.0" xmlns:data="https://standaarden.overheid.nl/stop/imop/data/">
  <data:eindverantwoordelijke>/tooi/id/provincie/pv30</data:eindverantwoordelijke>
  <data:formaatInformatieobject>/join/id/stop/informatieobject/gio_002</data:formaatInformatieobject>
  <data:maker>/tooi/id/provincie/pv30</data:maker>
  <data:naamInformatieObject/>
  <data:officieleTitel>/join/id/regdata/pv30/2024/136gioffde11cf-b096-11ee-b4e3-000c291d1f30</data:officieleTitel>
  <data:publicatieinstructie>TeConsolideren</data:publicatieinstructie>
</data:InformatieObjectMetadata>