<InformatieObjectVersieMetadata schemaversie="1.3.0" xmlns="https://standaarden.overheid.nl/stop/imop/data/">
    <heeftBestanden>
        <heeftBestand>
            <Bestand>
                <bestandsnaam>GIO-79e07d87.gml</bestandsnaam>
                <hash>2be06a32a1b8432ea86bd3d165c205acc3f3a0e17d7a4598f3d0dd2015e2b50b7a750ee9efb7277fa90c6776c8f7f90f7ba21d25c81c8f8269bb309517bc8b25</hash>
            </Bestand>
        </heeftBestand>
    </heeftBestanden>
    <heeftGeboorteregeling>/akn/nl/act/pv28/2024/ZHOV</heeftGeboorteregeling>
</InformatieObjectVersieMetadata>