<InformatieObjectVersieMetadata schemaversie="1.3.0" xmlns="https://standaarden.overheid.nl/stop/imop/data/">
    <heeftBestanden>
        <heeftBestand>
            <Bestand>
                <bestandsnaam>GIO-55b726a1.gml</bestandsnaam>
                <hash>90ecb9d05755affb7647bf90f70e8ec1739dab55ba9ec37f463ac1193e34ae52bc8e5e876534ec867efaf5e9540a22b5c644f28de38adab472f39815eba8f26a</hash>
            </Bestand>
        </heeftBestand>
    </heeftBestanden>
    <heeftGeboorteregeling>/akn/nl/act/pv28/2024/ZHOV</heeftGeboorteregeling>
</InformatieObjectVersieMetadata>