<InformatieObjectVersieMetadata schemaversie="1.3.0" xmlns="https://standaarden.overheid.nl/stop/imop/data/">
    <heeftBestanden>
        <heeftBestand>
            <Bestand>
                <bestandsnaam>GIO-b266e4d5.gml</bestandsnaam>
                <hash>58047850e43cffb617f93d5a7a3bbc7b4dd04188d49a57ca71bf0e706ceee89806175af8571d7feebe1eee3e479b4c4c597f76cf0789473cbe774084228b88db</hash>
            </Bestand>
        </heeftBestand>
    </heeftBestanden>
    <heeftGeboorteregeling>/akn/nl/act/pv28/2024/ZHOV</heeftGeboorteregeling>
</InformatieObjectVersieMetadata>