<InformatieObjectVersieMetadata schemaversie="1.3.0" xmlns="https://standaarden.overheid.nl/stop/imop/data/">
    <heeftBestanden>
        <heeftBestand>
            <Bestand>
                <bestandsnaam>GIO-b23d4dcb.gml</bestandsnaam>
                <hash>40c2c0580b3f298cde9336dde079fe2db420f1851c1722085a62df69b20ca60f8c0d4c4f1f284b2a445b3c4017f4f2aba760f84cd2c140ae094897d54623b2a5</hash>
            </Bestand>
        </heeftBestand>
    </heeftBestanden>
    <heeftGeboorteregeling>/akn/nl/act/pv28/2024/ZHOV</heeftGeboorteregeling>
</InformatieObjectVersieMetadata>