<InformatieObjectVersieMetadata schemaversie="1.3.0" xmlns="https://standaarden.overheid.nl/stop/imop/data/">
    <heeftBestanden>
        <heeftBestand>
            <Bestand>
                <bestandsnaam>GIO-ab4b164f.gml</bestandsnaam>
                <hash>fc81c7f87b9a3bb6adec55dceec2e0b2116a180e4909c06a3b465415e696ac9fc58237bd50a0141bd4441abaf2a0524aecd470cd0e0a2fd44e39a4e0c1b6f9da</hash>
            </Bestand>
        </heeftBestand>
    </heeftBestanden>
    <heeftGeboorteregeling>/akn/nl/act/pv28/2024/ZHOV</heeftGeboorteregeling>
</InformatieObjectVersieMetadata>