<InformatieObjectVersieMetadata schemaversie="1.3.0" xmlns="https://standaarden.overheid.nl/stop/imop/data/">
    <heeftBestanden>
        <heeftBestand>
            <Bestand>
                <bestandsnaam>GIO-70e68462.gml</bestandsnaam>
                <hash>f08ca03bb555325fa11a2b74350ea42969dbffcf0207b4962a7b47df821c5b797ec4f425c9364db27c9772a97622ce489ffaa9ef0f49ea283dc6ce7e9766ec59</hash>
            </Bestand>
        </heeftBestand>
    </heeftBestanden>
    <heeftGeboorteregeling>/akn/nl/act/pv28/2024/ZHOV</heeftGeboorteregeling>
</InformatieObjectVersieMetadata>