<InformatieObjectVersieMetadata schemaversie="1.3.0" xmlns="https://standaarden.overheid.nl/stop/imop/data/">
    <heeftBestanden>
        <heeftBestand>
            <Bestand>
                <bestandsnaam>GIO-a12124fd.gml</bestandsnaam>
                <hash>eef85094266c825c2a49112b70bfeb59a539c3585667fc0c549c9e9d0512fda50191d57bf7bc36b29165e8a951d354873523ec3deff9fcb4ebc383dc72defff3</hash>
            </Bestand>
        </heeftBestand>
    </heeftBestanden>
    <heeftGeboorteregeling>/akn/nl/act/pv28/2024/ZHOV</heeftGeboorteregeling>
</InformatieObjectVersieMetadata>