<InformatieObjectVersieMetadata schemaversie="1.3.0" xmlns="https://standaarden.overheid.nl/stop/imop/data/">
    <heeftBestanden>
        <heeftBestand>
            <Bestand>
                <bestandsnaam>GIO-2c747b09.gml</bestandsnaam>
                <hash>ac8364909e8f4f3be5d1f3cf7df0ffce84e91b75beb4b7df95a004a0814dafc2b2ae81668ab1d080913847f490bddce518ab8a60326fa7ff105a21c577c7ff07</hash>
            </Bestand>
        </heeftBestand>
    </heeftBestanden>
    <heeftGeboorteregeling>/akn/nl/act/pv28/2024/ZHOV</heeftGeboorteregeling>
</InformatieObjectVersieMetadata>