<InformatieObjectVersieMetadata schemaversie="1.3.0" xmlns="https://standaarden.overheid.nl/stop/imop/data/">
    <heeftBestanden>
        <heeftBestand>
            <Bestand>
                <bestandsnaam>GIO-1f9ba01e.gml</bestandsnaam>
                <hash>cf9c6d4f41bfd18013818f4a415f29de6a150ce93911875aa608762afc25b32ad27a85c0278e737079db787858b0459eaf5611c11f0fe200010be79e2f198ae0</hash>
            </Bestand>
        </heeftBestand>
    </heeftBestanden>
    <heeftGeboorteregeling>/akn/nl/act/pv28/2024/ZHOV</heeftGeboorteregeling>
</InformatieObjectVersieMetadata>