<InformatieObjectVersieMetadata schemaversie="1.3.0" xmlns="https://standaarden.overheid.nl/stop/imop/data/">
    <heeftBestanden>
        <heeftBestand>
            <Bestand>
                <bestandsnaam>GIO-6192bc80.gml</bestandsnaam>
                <hash>613ef5110cab633dc5cb0b314abd11148fa6f0335f4308f36de448181b7a4d35f9df901085b5cf073b88e176740b433d0a09b7c3afac4c58644f7222ffe08b61</hash>
            </Bestand>
        </heeftBestand>
    </heeftBestanden>
    <heeftGeboorteregeling>/akn/nl/act/pv28/2024/ZHOV</heeftGeboorteregeling>
</InformatieObjectVersieMetadata>