<InformatieObjectVersieMetadata schemaversie="1.3.0" xmlns="https://standaarden.overheid.nl/stop/imop/data/">
    <heeftBestanden>
        <heeftBestand>
            <Bestand>
                <bestandsnaam>GIO-32b08305.gml</bestandsnaam>
                <hash>937fc0bd1a2dec55d668a864351a4f151a2c4f35fb0a842c43bb703c29a315d58d1823ca62844aecb0302e4eefe43cdab2dff18fd0ac268c120bf9c2d8455897</hash>
            </Bestand>
        </heeftBestand>
    </heeftBestanden>
    <heeftGeboorteregeling>/akn/nl/act/pv28/2024/ZHOV</heeftGeboorteregeling>
</InformatieObjectVersieMetadata>