<data:RegelingMetadata schemaversie="1.3.0" xmlns:data="https://standaarden.overheid.nl/stop/imop/data/">
  <data:heeftCiteertitelInformatie>
    <data:CiteertitelInformatie>
      <data:citeertitel>Gemeentestad (omgevingsplan Zaltbommel)</data:citeertitel>
      <data:isOfficieel>true</data:isOfficieel>
    </data:CiteertitelInformatie>
  </data:heeftCiteertitelInformatie>
  <data:eindverantwoordelijke>/tooi/id/gemeente/gm0297</data:eindverantwoordelijke>
  <data:maker>/tooi/id/gemeente/gm0297</data:maker>
  <data:officieleTitel>Omgevingsplan Zaltbommel (met de nadruk op Zuilichem)</data:officieleTitel>
  <data:onderwerpen>
    <data:onderwerp>/tooi/def/concept/c_9d1917e9</data:onderwerp>
  </data:onderwerpen>
  <data:rechtsgebieden>
    <data:rechtsgebied>/tooi/def/concept/c_8ad05f6d</data:rechtsgebied>
  </data:rechtsgebieden>
  <data:soortRegeling>/join/id/stop/regelingtype_003</data:soortRegeling>
  <data:soortBestuursorgaan>/tooi/def/thes/kern/c_2a7d8663</data:soortBestuursorgaan>
</data:RegelingMetadata>