<data:RegelingMetadata schemaversie="1.3.0" xmlns:data="https://standaarden.overheid.nl/stop/imop/data/">
  <data:heeftCiteertitelInformatie>
    <data:CiteertitelInformatie>
      <data:citeertitel>Omgevingsvisie Gaaf Gelderland</data:citeertitel>
      <data:isOfficieel>true</data:isOfficieel>
    </data:CiteertitelInformatie>
  </data:heeftCiteertitelInformatie>
  <data:eindverantwoordelijke>/tooi/id/provincie/pv25</data:eindverantwoordelijke>
  <data:maker>/tooi/id/provincie/pv25</data:maker>
  <data:officieleTitel>Omgevingsvisie Gaaf Gelderland</data:officieleTitel>
  <data:onderwerpen>
    <data:onderwerp>/tooi/def/concept/c_cfc7d5ab</data:onderwerp>
  </data:onderwerpen>
  <data:rechtsgebieden>
    <data:rechtsgebied>/tooi/def/concept/c_8ad05f6d</data:rechtsgebied>
  </data:rechtsgebieden>
  <data:soortRegeling>/join/id/stop/regelingtype_006</data:soortRegeling>
  <data:soortBestuursorgaan>/tooi/def/thes/kern/c_411b4e4a</data:soortBestuursorgaan>
</data:RegelingMetadata>