<tekst:RegelingVrijetekst schemaversie="1.3.0" xmlns:tekst="https://standaarden.overheid.nl/stop/imop/tekst/">
  <tekst:RegelingOpschrift eId="longTitle" wId="pv25_1__longTitle">
    <tekst:Al>Omgevingsvisie Gaaf Gelderland</tekst:Al>
  </tekst:RegelingOpschrift>
  <tekst:Lichaam eId="body" wId="pv25_1__body">
    <tekst:Divisietekst eId="content_1" wId="pv25_1__content_1">
      <tekst:Kop>
	<tekst:Opschrift>Hoofdstuk 1 Gaaf Gelderland</tekst:Opschrift>
      </tekst:Kop>
      <tekst:Inhoud>
	<tekst:Al><tekst:strong>gaaf </tekst:strong><tekst:i>(bijvoeglijk naamwoord, bijwoord) ongeschonden, onbeschadigd (informeel) goed, mooi, leuk: onwijs gaaf</tekst:i></tekst:Al>
	<tekst:Al>(Dikke van Dale)</tekst:Al>
	<tekst:Al>Deze Omgevingsvisie gaat over ‘Gaaf Gelderland’. ‘Gaaf’ is een woord met twee betekenissen. ‘Gaaf’ betekent ‘mooi’ en gaat over wat – historisch en landschappelijk gezien - heel en mooi en ongeschonden is. Het beschermen waard! Maar ‘Gaaf’ verwijst ook naar dat wat ‘cool’ en nieuw en vernieuwend is; aantrekkelijk voor nieuwe generaties. Het ontwikkelen waard! Beide kanten zijn van toepassing op Gelderland en onlosmakelijk verbonden met de Gelderlanders. Beide aspecten zijn dan ook opgenomen in onze Gelderse Omgevingsvisie. Wij benoemen wat voor ons van waarde is en wat we willen beschermen. En: we geven richting aan wat we willen en ook moeten veranderen en ontwikkelen. Zo kunnen we met overtuiging en in vertrouwen de provincie doorgegeven aan volgende generaties. Een Gelderland van en voor ons allemaal en voor de kinderen van de toekomst.</tekst:Al>
	<tekst:Al>Willen we Gelderland in de toekomst ‘gaaf’ houden, dan moeten we daar nu wat voor doen. We staan voor stevige uitdagingen. De wereld verandert ingrijpend en snel. Er zijn grote, grensoverschrijdende ontwikkelingen die ook Gelderland raken. Het energievraagstuk, klimaatverandering, uitputting van grondstoffen, kwetsbare biodiversiteit, verdere verstedelijking in combinatie met krimp, toenemende mobiliteit op de weg en in de lucht, digitalisering, internationalisering. Uitdagingen die om antwoorden vragen. Daar hebben we elkaar voor nodig: inwoners, bedrijven, organisaties, overheden. De vraagstukken van nu zijn te groot en te ingewikkeld om los van elkaar aan te pakken. Niemand heeft de oplossing alleen in handen. Samen de krachten bundelen. Dat vraagt een andere rolinvulling, ook van ons. Steeds weer en meer samen met partners optrekken op basis van gelijkwaardigheid. En, waar dat kan en nodig is, het initiatief en de ruimte aan anderen laten. Of zelf de handschoen oppakken en doorpakken.</tekst:Al>
	<tekst:Al>Om samen stappen te zetten, hebben we een gezamenlijke horizon nodig: een gedeeld vergezicht, een gedeelde ambitie dat dient als leidraad voor ons handelen. In onze Omgevingsvisie ‘Gaaf Gelderland’ beschrijven wij dit vergezicht: het beeld op de toekomst. Dit beeld is het resultaat van vele vruchtbare gesprekken met partners: inwoners, ondernemers, kennisinstellingen, maatschappelijke organisaties, overheden. Een vergezicht dat het accent legt op wat wij samen belangrijk vinden. Een vergezicht dat tot de verbeelding spreekt en uitnodigt en aanspoort tot actie. En: dat ons helpt bij het gesprek over de keuzes die te maken zijn bij het vinden van concrete oplossingsrichtingen.</tekst:Al>
	<tekst:Al>Een gezond, veilig, schoon en welvarend Gelderland staat daarbij centraal. Dat is het streven. Dat is waar wij aan willen werken. Dit doen wij door bij de uitoefening van onze taken de focus te leggen op een duurzaam, verbonden en economisch krachtig Gelderland. Met behulp van zeven ambities – op het terrein van energietransitie, klimaatadaptatie, circulaire economie, biodiversiteit, bereikbaarheid, economisch vestigingsklimaat en op het woon- en leefklimaat – geven wij hier richting aan. En door vier 'spelregels’ of ‘DOE-principes’ – DOEN, LATEN, ZELF en SAMEN – geven we hier werking aan. Tezamen vormen zij het kader waarbinnen wij werken en afwegingen maken.</tekst:Al>
	<tekst:Al>Welke afwegingen we van geval tot geval maken? Graag nodigen wij u uit om met ons hierover in gesprek te gaan: over de keuzes die gemaakt moeten worden, de prioriteiten die we daarbij stellen en de acties die wij samen inzetten. En: om afspraken te maken en deze vast te leggen in uitvoeringsprogramma’s waar we samen – ieder vanuit zijn of haar kracht en verantwoordelijkheid – aan werken. Zo geven we invulling aan de Gelderse Omgevingsvisie en realiseren we ons wensbeeld. Als koersen wijzigen en droombeelden veranderen, dan gaan wij opnieuw met u in gesprek en passen desgewenst de Gelderse Omgevingsvisie aan. De weg naar de toekomst is immers geen rechte lijn. Maar het begin van de toekomst is nu!</tekst:Al>
	<tekst:Al>Gaaf Gelderland</tekst:Al>
	<tekst:Al><tekst:i>Ik zie een Gelderland voor me </tekst:i></tekst:Al>
	<tekst:Al><tekst:i>waar we alles opnieuw gebruiken </tekst:i></tekst:Al>
	<tekst:Al><tekst:i>waar afval als primair probleem afvalt </tekst:i></tekst:Al>
	<tekst:Al><tekst:i>en we niet met onze kop het zand induiken </tekst:i></tekst:Al>
	<tekst:Al><tekst:i>Ik zie een Gelderland voor me </tekst:i></tekst:Al>
	<tekst:Al><tekst:i>waar we streven naar gezond - </tekst:i></tekst:Al>
	<tekst:Al><tekst:i>waar dat geldt voor het water, </tekst:i></tekst:Al>
	<tekst:Al><tekst:i>voor de lucht en voor de grond </tekst:i></tekst:Al>
	<tekst:Al><tekst:i>Ik zie een Gelderland voor me </tekst:i></tekst:Al>
	<tekst:Al><tekst:i>waar we niet blind of bang zijn voor de toekomst - </tekst:i></tekst:Al>
	<tekst:Al><tekst:i>waar we anticiperen op automatisering, </tekst:i></tekst:Al>
	<tekst:Al><tekst:i>op overal draadloos internet, en op digitalisering</tekst:i></tekst:Al>
	<tekst:Al><tekst:i>Ik zie een Gelderland voor me </tekst:i></tekst:Al>
	<tekst:Al><tekst:i>waar werknemers op een groene manier naar hun werk toegaan - </tekst:i></tekst:Al>
	<tekst:Al><tekst:i>waar bijna alles met het OV bereikbaar is, en er voldoende oplaadpunten voor de auto staan </tekst:i></tekst:Al>
	<tekst:Al><tekst:i>Ik zie een Gelderland voor me </tekst:i></tekst:Al>
	<tekst:Al><tekst:i>waar stad en natuur naast elkaar kunnen groeien - </tekst:i></tekst:Al>
	<tekst:Al><tekst:i>waar we rekening houden met het rijzen van de industrie, </tekst:i></tekst:Al>
	<tekst:Al><tekst:i>het behouden van ruimte, en het land laten bloeien</tekst:i></tekst:Al>
	<tekst:Al><tekst:i>Ik zie een Gelderland voor me </tekst:i></tekst:Al>
	<tekst:Al><tekst:i>waar we niet schuwen te werken aan hoe alles nu eenmaal gaat - </tekst:i></tekst:Al>
	<tekst:Al><tekst:i>waar we stappen moeten en durven ondernemen tegen de grillen van het veranderend klimaat </tekst:i></tekst:Al>
	<tekst:Al><tekst:i>Ik zie een Gelderland voor me </tekst:i></tekst:Al>
	<tekst:Al><tekst:i>met haar voeten in de aarde - </tekst:i></tekst:Al>
	<tekst:Al><tekst:i>met een gezonde industrie, een standvastige natuur, </tekst:i></tekst:Al>
	<tekst:Al><tekst:i>en een uitgangspunt van waarde </tekst:i></tekst:Al>
	<tekst:Al><tekst:i>Ik zie een Gelderland voor me </tekst:i></tekst:Al>
	<tekst:Al><tekst:i>dat we, waar nodig, positief veranderen - </tekst:i></tekst:Al>
	<tekst:Al><tekst:i>en zoiets doe je niet alleen </tekst:i></tekst:Al>
	<tekst:Al><tekst:i>- maar samen met de anderen </tekst:i></tekst:Al>
	<tekst:Al>Jesse Laport</tekst:Al>
	<tekst:Al>Dichter van Gelderland</tekst:Al>
      </tekst:Inhoud>
    </tekst:Divisietekst>
    <tekst:Divisie eId="div_1" wId="pv25_1__div_1">
      <tekst:Kop>
	<tekst:Label>Hoofdstuk</tekst:Label>
	<tekst:Nummer>2</tekst:Nummer>
	<tekst:Opschrift>Ons doel: gezond, veilig, schoon en welvarend</tekst:Opschrift>
      </tekst:Kop>
      <tekst:Divisietekst eId="div_1__content_1" wId="pv25_1__div_1__content_1">
	<tekst:Kop>
	  <tekst:Opschrift>Vanuit het verleden, de Kracht van Gelderland</tekst:Opschrift>
	</tekst:Kop>
	<tekst:Inhoud>
	  <tekst:Al><tekst:i>Natuur en wa</tekst:i><tekst:i>ter</tekst:i></tekst:Al>
	  <tekst:Al>Sterke natuurkrachten hebben eeuwen geleden in Nederland huisgehouden. IJs, wind, zand en water hebben de uiteenlopende, prachtige landschappen van Gelderland gevormd. Het is de Kracht van Gelderland. Gevormd door de oerkrachten van de natuur: de stuwwallen uit de IJstijd, de grote rivieren die Gelderland doorklieven en de in het landschap nog zichtbare invloed van de Zuiderzee. <tekst:IntRef ref="content_1">Hoofdstuk 1 Gaaf Gelderland</tekst:IntRef></tekst:Al>
	  <tekst:Al><tekst:i>De inrichting van het landschap</tekst:i></tekst:Al>
	  <tekst:Al>Maar er is meer. Niet voor niets sloegen trekkende jagers ver voor Christus in Gelderland hun kampen op. Want ook toen al had het gebied grote aantrekkingskracht. Net zoals op verschillende Germaanse stammen en latere bewoners die hier neerstreken. Mensenhanden bewerkten de natuur en het land. En hoewel de krachten van de natuur Gelderland zijn gevarieerde vormen heeft gegeven, hebben mensen het gebied ingericht. Ingenieuze plannen leidden tot het aanleggen van de Gelderse bossen, het droogmaken van laaggelegen gronden, de aanleg van coulissen in de Achterhoek en het in goede banen leiden van rivieren. Ook dat is de Kracht van Gelderland: de mooie streken die de provincie te bieden heeft. Maar liefst 7 van de 20 nationale landschappen liggen in Gelderland. De Veluwe, de Graafschap, de omgeving bij Winterswijk, het Rivierengebied. Stuk voor stuk prachtige gebieden, waar mensen tot rust komen, ontspannen, recreëren. Gelderland is niet voor niets vakantieprovincie nummer één binnen Nederland: één op de zes binnenlandse vakanties vindt plaats in Gelderland.</tekst:Al>
	  <tekst:Al><tekst:i>Handel en onderwijs</tekst:i></tekst:Al>
	  <tekst:Al>Door groeiende landbouw en handel zijn dorpen en steden tot ontwikkeling gekomen. Op strategische plaatsen waar land- en waterwegen elkaar kruisen, zoals de Hanzesteden Nijmegen en Arnhem. Landgoederen en verbindings-, beschermings- en verdedigingswerken werden aangelegd, waaronder de Limes en de Nieuwe Hollandse Waterlinie. Locaties voor bedrijvigheid zijn ontwikkeld. De unieke ligging op de oostwest-as en de noordzuid-as van ons land maakt Gelderland tot op de dag van vandaag een regio met grote aantrekkingskracht. Met sterke sectoren: Food, Health, Energy, Tech, Logistiek en hun cross-overs. Tel daar bij op: de enige landbouwhogeschool in Nederland – uitgegroeid tot de Wageningen Universiteit – uniek in zijn soort in de wereld. De Radboud Universiteit en het Universitair Medisch Centrum met haar grote wetenschappelijke invloed. Plus: de kampioenen van het Gelderse midden- en kleinbedrijf. Krachtige vertegenwoordigers van de Gelderse manier van denken en vooral: doen!</tekst:Al>
	  <tekst:Al><tekst:i>Kunst, cultuur en sport</tekst:i></tekst:Al>
	  <tekst:Al>De Kracht van Gelderland is ook dat zij de bakermat is van veel nieuw talent in Nederland. Of het nu gaat om kunst of sport. Op beide vlakken biedt Gelderland een podium. De honderden culturele instellingen – waaronder de ArtEZ hogeschool voor de kunsten, het Gelders orkest, het Openlucht museum enzovoort – dragen hier aan bij. Net zoals sportvoorzieningen en -evenementen, zoals de Nijmeegse Wandelvierdaagse en sportcentra als Papendal en Omnisport.</tekst:Al>
	  <tekst:Al><tekst:i>Eenheid en verscheidenheid</tekst:i></tekst:Al>
	  <tekst:Al>De Kracht van Gelderland zit er ook in dat de verscheidenheid van de verschillende streken geen belemmering vormt om samen te werken. Integendeel. Eenheid en verscheidenheid: dat is wat de Gelderse cultuur kenmerkt en wat leidt tot creativiteit en vernieuwing. Samen optrekken en samenwerken aan en in de Gelderse gebieden. Dat is wat we doen.</tekst:Al>
	  <tekst:Al>Natuur en water, de inrichting van het landschap, handel en onderwijs, cultuurhistorie, kunst, cultuur en sport, eenheid en verscheidenheid. Het beste van veel werelden komt hier samen. Dit maakt Gelderland aantrekkelijk om in te wonen, te werken, te leren en te recreëren. Dit maakt Gelderland, met recht, een Gaaf Gelderland.</tekst:Al>
	</tekst:Inhoud>
      </tekst:Divisietekst>
      <tekst:Divisietekst eId="div_1__content_2" wId="pv25_1__div_1__content_2">
	<tekst:Kop>
	  <tekst:Opschrift>Gaaf Gelderland, unieke kwaliteiten en waarden die wij koesteren</tekst:Opschrift>
	</tekst:Kop>
	<tekst:Inhoud>
	  <tekst:Al>Gaaf Gelderland:</tekst:Al>
	  <tekst:Lijst type="ongemarkeerd" eId="div_1__content_2__list_1" wId="pv25_1__div_1__content_2__list_1">
	    <tekst:Li eId="div_1__content_2__list_1__item_1" wId="pv25_1__div_1__content_2__list_1__item_1">
	      <tekst:Al>Staat van oudsher bekend om haar Gelderse streken. Gelderse streken en hun inwoners hebben elk hun eigenheid, van waaruit zij elkaar weten te vinden; noaberschap, zorgzaamheid en soms ook een ‘gezonde’ rivaliteit; </tekst:Al>
	    </tekst:Li>
	    <tekst:Li eId="div_1__content_2__list_1__item_2" wId="pv25_1__div_1__content_2__list_1__item_2">
	      <tekst:Al>Is gevormd door haar strategische ligging tussen grote stedelijke netwerken in binnen en buitenland. Onze regio is via wegen, water en spoor, altijd dichtbij. Dit brengt ons handel; </tekst:Al>
	    </tekst:Li>
	    <tekst:Li eId="div_1__content_2__list_1__item_3" wId="pv25_1__div_1__content_2__list_1__item_3">
	      <tekst:Al>Biedt het beste van twee werelden: onze steden en dorpen met bedrijven, anderzijds onze natuur en landschappen. In elke streek worden deze werelden anders ingekleurd; </tekst:Al>
	    </tekst:Li>
	    <tekst:Li eId="div_1__content_2__list_1__item_4" wId="pv25_1__div_1__content_2__list_1__item_4">
	      <tekst:Al>Biedt een variatie aan Gelderse streken met unieke landschappelijke en cultuurhistorische kwaliteiten: het coulisselandschap in de Achterhoek, de Veluwe met haar bossen, heidevelden en zandverstuivingen, het rivierenlandschap met dijken, oeverwallen, stuwwallen en uiterwaarden, karakteristieke dorpen en de stedelijke Regio Arnhem-Nijmegen; </tekst:Al>
	    </tekst:Li>
	    <tekst:Li eId="div_1__content_2__list_1__item_5" wId="pv25_1__div_1__content_2__list_1__item_5">
	      <tekst:Al>Heeft groene steden die dynamisch zijn en opereren op menselijke maat; </tekst:Al>
	    </tekst:Li>
	    <tekst:Li eId="div_1__content_2__list_1__item_6" wId="pv25_1__div_1__content_2__list_1__item_6">
	      <tekst:Al>Kent een diepgewortelde handelsgeest. IJzervondsten brachten al vroeg een industrie en handel op gang. Vanuit Hanzeverbonden ontstonden diepgewortelde kwaliteiten als betrouwbaarheid, handelsgeest en innovatief vakmanschap; </tekst:Al>
	    </tekst:Li>
	    <tekst:Li eId="div_1__content_2__list_1__item_7" wId="pv25_1__div_1__content_2__list_1__item_7">
	      <tekst:Al>Geeft ruimte aan Gelderse kampioenen, vaak mkb- en familiebedrijven. Zij weten hoe je op menselijk schaal en in balans met kwetsbare natuur en landschap onderneemt, met de blik gericht op de rest van de wereld; </tekst:Al>
	    </tekst:Li>
	    <tekst:Li eId="div_1__content_2__list_1__item_8" wId="pv25_1__div_1__content_2__list_1__item_8">
	      <tekst:Al>Heeft diverse kenniscentra, waaronder twee universiteiten en verschillende hogescholen, met wereldwijde uitstraling en aantrekkingskracht; </tekst:Al>
	    </tekst:Li>
	    <tekst:Li eId="div_1__content_2__list_1__item_9" wId="pv25_1__div_1__content_2__list_1__item_9">
	      <tekst:Al>Heeft een sterke economie, met topkwaliteiten in de Food-, Health-, Energy- en Techsector; </tekst:Al>
	    </tekst:Li>
	    <tekst:Li eId="div_1__content_2__list_1__item_10" wId="pv25_1__div_1__content_2__list_1__item_10">
	      <tekst:Al>Is een belangrijke schakel in het Europese logistieke netwerk met een sterk ontwikkelde logistieke sector en een goede ligging op de belangrijke Europese Corridors; </tekst:Al>
	    </tekst:Li>
	    <tekst:Li eId="div_1__content_2__list_1__item_11" wId="pv25_1__div_1__content_2__list_1__item_11">
	      <tekst:Al>Heeft een sterke creatieve sector, zoals ArtEZ hogeschool voor de kunsten; </tekst:Al>
	    </tekst:Li>
	    <tekst:Li eId="div_1__content_2__list_1__item_12" wId="pv25_1__div_1__content_2__list_1__item_12">
	      <tekst:Al>Is vakantieprovincie nummer 1 in Nederland, mede dankzij de Veluwe, het grootste aaneengesloten natuurgebied van Noordwest Europa; </tekst:Al>
	    </tekst:Li>
	    <tekst:Li eId="div_1__content_2__list_1__item_13" wId="pv25_1__div_1__content_2__list_1__item_13">
	      <tekst:Al>Is een sportieve regio. Zowel in de breedte (Wandelvierdaagse) als in de top (Papendal, Omnisport); </tekst:Al>
	    </tekst:Li>
	    <tekst:Li eId="div_1__content_2__list_1__item_14" wId="pv25_1__div_1__content_2__list_1__item_14">
	      <tekst:Al>Kent vermaarde culturele voorzieningen, festivals en evenementen (Kröller Müller museum, ArtEZ hogeschool, Nederlands Openluchtmuseum, Gelders orkest).</tekst:Al>
	    </tekst:Li>
	  </tekst:Lijst>
	</tekst:Inhoud>
      </tekst:Divisietekst>
      <tekst:Divisietekst eId="div_1__content_3" wId="pv25_1__div_1__content_3">
	<tekst:Kop>
	  <tekst:Opschrift>Naar de toekomst, een schoon, gezond, veilig en welvarend Gelderland</tekst:Opschrift>
	</tekst:Kop>
	<tekst:Inhoud>
	  <tekst:Al>Vanuit ons rijke verleden en het heden werken we aan de toekomst. We bevinden ons op een cruciaal punt in de tijd. De wereld verandert ingrijpend. We zien veel op ons afkomen. Het energievraagstuk, klimaatverandering, uitputting van grondstoffen, kwetsbare biodiversiteit, digitalisering, internationalisering. Deze wereldwijde ontwikkelingen raken ook Gelderland en zetten druk op de Gelderse leefomgeving. Ze vragen van ons stevige antwoorden en oplossingen als investering in de toekomst. Niet alles kan zomaar. Balans is nodig. De Gelderse leefomgeving is in omvang beperkt. We zullen keuzes moeten maken. Met de schaarse ruimte en de vele uiteenlopende belangen en inzichten gaat dit niet vanzelf. We zullen met elkaar in gesprek moeten gaan en samen keuzes moeten maken over de vraagstukken die voorliggen en de betekenis daarvan voor de inrichting van Gelderland. Zoeken naar synergie, samenhang en uitruilmogelijkheden. Alleen dan kunnen we Gelderland ook in de toekomst gaaf te houden.</tekst:Al>
	  <tekst:Al>Daarom zetten wij een <tekst:strong>gezond, veilig, schoon en welvarend Gelderland </tekst:strong>centraal.</tekst:Al>
	  <tekst:Al><tekst:i>Gezond en veilig</tekst:i><tekst:i>.</tekst:i> Dat = een gezonde leefomgeving, schone en frisse lucht, een schoon milieu, een niet vervuilde bodem, voldoende schoon en veilig (drink)water, bescherming van onze flora en fauna. Dat = voorbereid zijn op klimaatverandering, zoals hitte, droogte, bosbranden en overstromingen. En, dat = aandacht hebben voor verkeersveiligheid en veilige bedrijvigheid. <tekst:i>Schoon en welvarend.</tekst:i> Dat = een dynamisch, duurzaam en aantrekkelijk woon-, werk- en ondernemersklimaat, goed bereikbaar en met een goed functionerende arbeidsmarkt en dito kennis- en onderwijsinstellingen. Maar dat = ook: het tegengaan van schadelijke uitstoot, afval en uitputting van grondstoffen. En: het investeren in nieuwe, alternatieve vormen van energie.</tekst:Al>
	  <tekst:Al>Dat is waar wij voor willen gaan. Dat is waar wij in willen investeren!</tekst:Al>
	</tekst:Inhoud>
      </tekst:Divisietekst>
    </tekst:Divisie>
    <tekst:Divisietekst eId="content_2" wId="pv25_1__content_2">
      <tekst:Kop>
	<tekst:Opschrift>Hoofdstuk 3 Waarde toevoegen: vanuit een brede blik focussen</tekst:Opschrift>
      </tekst:Kop>
      <tekst:Inhoud>
	<tekst:Al><tekst:strong>Waarde toevoegen</tekst:strong></tekst:Al>
	<tekst:Al>Gelderland <tekst:strong>gezond, veilig, schoon en welvarend</tekst:strong> houden en maken, kunnen wij niet alleen. Daarvoor zijn de vraagstukken - zoals het energievraagstuk, de klimaatverandering, uitputting van grondstoffen, kwetsbare biodiversiteit, verdere verstedelijking en de toenemende mobiliteit - te groot en te complex. Per definitie zijn meerdere spelers betrokken. Wij zijn één van de schakels in een omvangrijk netwerk van partijen: ondernemers, inwoners, maatschappelijke organisaties, overheden. Elke schakel in de keten voegt waarde toe. Vanuit zijn of haar eigen kracht. We willen de kracht van Gelderland benutten, want er zit veel energie in de ruim 2 miljoen inwoners en vele Gelderse ondernemers.</tekst:Al>
	<tekst:Al>Wijzelf voegen als volgt waarde toe:</tekst:Al>
	<tekst:Al><tekst:strong>1. Wij hebben een brede blik op de inrichting en kwaliteit van de Gelderse leefomgeving</tekst:strong></tekst:Al>
	<tekst:Al>Wij hebben veel ervaring met de inrichting en de kwaliteit van de leefomgeving. We beschikken over kennis en kunde - opgebouwd vanuit onze manier van werken - met een breed pallet aan taken en bevoegdheden. Die taken hebben betrekking op onze omgeving: op wat er gebeurt op en in de grond, in de lucht en op en in het water (zie afbeelding). Het vormt de basis voor een <tekst:strong>gezond, veilig, schoon</tekst:strong> en <tekst:strong>welvarend</tekst:strong> Gelderland. Door dit brede pallet aan taken kunnen wij steeds met een brede blik naar de Gelderse gebieden kijken en bij de oplossing verschillende elementen aandragen en wegen. Breed kijken - vertrekkend vanuit de unieke kwaliteiten van de Gelderse streken - en steeds weer verschillende belangen en bovenregionale mogelijkheden afwegen. Dat is wat nodig is om te komen tot een goede inrichting én een goede kwaliteit van de Gelderse leefomgeving. Zeker nu we zien dat de druk op de leefomgeving - door de vraagstukken waar we vandaag de dag voor staan - toeneemt. Dit vraagt voortdurend om een afweging van verschillende belangen en waarden, die geregeld botsen. Keuzes moeten worden gemaakt, wil Gelderland een Gaaf Gelderland zijn en blijven.</tekst:Al>
	<tekst:Figuur wId="pv25_1__content_2__img_1" eId="content_2__img_1">
	  <tekst:Illustratie naam="jpg_dc74a2e9-fd9c-4cab-95af-822d20ade88d-v1.jpg" hoogte="366" breedte="518" uitlijning="start" formaat="image/jpeg" dpi="150"/>
	</tekst:Figuur>
	<tekst:Al><tekst:strong>2. Wij ontwikkelen en beschermen</tekst:strong></tekst:Al>
	<tekst:Al>Om Gelderland gezond, veilig, schoon en welvarend te maken en te houden, pakken we kansen en stimuleren we ontwikkelingen. En: we beschermen wat voor ons van waarde is en wat we willen behouden. We houden ons aan wettelijke voorschriften en regels, vaak bepaald door andere overheden (Europa, Rijk). Deze wettelijke eisen en bevoegdheden geven ons positie en zijn randvoorwaardelijk bij wat we doen (zie bijlage Bijlage: Wat we blijven doen... ). Steeds wegen wij af welke bevoegdheden wij inzetten om samen met onze partners onze doelen te bereiken. Als wetten of bevoegdheden knellen om tot een gezond, veilig, schoon, welvarend Gelderland te komen, dan gaan wij in gesprek over het creëren van ruimte in regels.</tekst:Al>
	<tekst:Al><tekst:strong>3. We focussen op een duurzaam, verbonden en economisch krachtig Gelderland</tekst:strong></tekst:Al>
	<tekst:Al>Hoe we onze taken invullen - wat we precies gaan doen en afwegen - varieert afhankelijk van wat de vraag is en wat nodig is. Wat wel vaststaat, is dat wij bij onze taakinvulling de focus leggen op duurzaamheid, verbondenheid en een krachtige economie als werkende bestanddelen voor een<tekst:strong> gezond, veilig, schoon en welvarend </tekst:strong>Gelderland. Zo voegen wij waarde toe. Bij alles wat we doen, stellen we ons steeds de vraag: hoe draagt dit bij aan een duurzaam én een verbonden én een economisch krachtig Gelderland. Deze focus past bij onze taken en verantwoordelijkheden. Door de focus hierop te leggen, dragen wij bij aan een <tekst:strong>gezond, veilig, schoon en welvarend </tekst:strong>Gelderland. Duurzaam, verbonden en economisch krachtig staan niet los van elkaar, maar versterken elkaar wanneer we taken 'slim' combineren en 'gericht' inzetten. De ontwikkelingen waarvoor wij staan, laten zich immers zelden terugbrengen tot uitsluitend een duurzaamheids-, verbondenheids- of economisch vraagstuk. Ze raken de leefwereld van de inwoners van Gelderland in de volle breedte, op alle drie aspecten, tegelijkertijd. Alleen door deze zaken steeds en consequent ten opzichte van elkaar te wegen, kunnen we er zeker van zijn dat we optimaal bijdragen aan een schoon, gezond, veilig én welvarend Gelderland.</tekst:Al>
	<tekst:Figuur wId="pv25_1__content_2__img_2" eId="content_2__img_2">
	  <tekst:Illustratie naam="jpg_a0dcaa75-285e-4a6b-94ef-363a9ceea4f9-v1.jpg" hoogte="315" breedte="300" uitlijning="start" formaat="image/jpeg" dpi="150"/>
	</tekst:Figuur>
	<tekst:Al><tekst:strong>Duurzaam: groen doen!</tekst:strong></tekst:Al>
	<tekst:Al>Duurzaam is voor ons geen keuze. Onze manier van wonen, werken, verplaatsen, leven moet echt anders. Het roer moet om willen we het gave Gelderland dat we hebben opgebouwd ook vast kunnen houden in de toekomst. Een duurzaam Gelderland in alle opzichten. Of het nu gaat om water, natuur, landbouw of om hoe wij wonen en werken en ons verplaatsen. Een ambitieuze, maar onvermijdelijke opgave. Duurzaam is minder zeggen en meer doen! Wij schuwen niet de lat hoog te leggen, ongewenste ontwikkelingen tegen te houden en waar nodig buiten de gebaande paden te treden. Met ons van oorsprong groene karakter zit duurzaamheid in ons DNA. We beschikken over talrijke bewezen initiatieven en kansrijke aanknopingspunten om werk te maken van een duurzame omgeving, samenleving en economie.</tekst:Al>
	<tekst:Al><tekst:strong>Blijvend Verbonden!</tekst:strong></tekst:Al>
	<tekst:Al>Wij, mensen, zijn sociale wezens. We vormen samen een gemeenschap. We willen elkaar kunnen ontmoeten. We willen ons kunnen verplaatsen en bereikbaar zijn. Dat geldt voor jong en oud, voor stedelingen en dorpelingen. Of het nu gaat om ondernemen, sociale contacten, recreatie, of het bezoeken van een van de vele Gelderse cultuur- of sportevenementen, de samenleving heeft behoefte aan flexibele en efficiënte netwerken die voor iedereen open staan en beschikbaar zijn. Naast traditionele manieren van verplaatsen - als de auto en openbaar vervoer - doen nieuwe spelers en technologieën hun intrede, zoals zelfrijdende auto's en deelauto's maar ook elektrische (snel)fietsen, scooters en drones. Ook in de logistiek zien we veel nieuwe, duurzame ontwikkelingen. Het is essentieel dat bestaande systemen en infrastructuur meebewegen met deze nieuwe ontwikkelingen. Ook het belang van snelle, betrouwbare en veilige data-uitwisseling is hier onderdeel van. De ontwikkelingen volgen elkaar snel op en zijn soms onstuimig. Wij vinden het belangrijk dat Gelderland ook in de toekomst optimaal bereikbaar en verbonden blijft. Dat geldt uiteraard voor de steden en belangrijke economische locaties binnen en buiten de provincie. Maar even zo goed zijn bereikbaarheid en digitale ontsluiting van het platteland van belang.</tekst:Al>
	<tekst:Al><tekst:strong>Een krachtige economie: leefbare groei!</tekst:strong></tekst:Al>
	<tekst:Al>Een economie in balans met haar sociale, ecologische en ruimtelijke omgeving: dat is waar het om gaat. Nieuwe verdienmodellen en nieuwe technologieën doen hun intrede. De internationale concurrentie neemt toe en mensen en bedrijven verhuizen sneller als het elders beter is. De maakindustrie beleeft in Nederland een her- en opwaardering. De kwaliteit van het vestigingsklimaat, een kwalitatief en kwantitatief sterke arbeidsmarkt, vakmanschap en kennisinfrastructuur worden in dit licht steeds belangrijker. Bij uitstek kan Gelderland garen spinnen bij deze nieuwe industriële revolutie. Gelderland heeft immers sterke troeven voor een internationaal onderscheidende en concurrerende positie. Zo kent Gelderland sterke clusters van economische activiteiten, een uitstekende bereikbaarheid en logistieke kracht, sociaal ondernemerschap, arbeidsmarkt, kennis en onderwijs, veel ruimte en een strategische ligging. Een goed vestigingsklimaat vereist ook een aantrekkelijk woon- en leefklimaat. Ook op dit vlak heeft Gelderland een goede uitgangspositie. De fraaie natuur, de mooie landschappen, de vele mogelijkheden op het vlak van cultuur, recreatie en toerisme en sport. Gelderland heeft economische dynamiek én ruimte voor ontspanning in het groen en is daarmee aantrekkelijk voor burgers, bedrijven én bezoekers.</tekst:Al>
	<tekst:Al><tekst:strong>4. Onze focus verder verdiepen: 7 ambities voor een duurzaam, verbonden en economisch krachtig Gelderland</tekst:strong></tekst:Al>
	<tekst:Al>Wij leggen de focus op een duurzaam, verbonden en een economisch krachtig Gelderland. Daar investeren wij in. Daar willen en kunnen we van meerwaarde zijn. Hoe doen we dat? Door zeven met elkaar samenhangende ambities na te streven waar wij het verschil kunnen maken voor een schoon, gezond, veilig en welvarend Gelderland.</tekst:Al>
	<tekst:Figuur wId="pv25_1__content_2__img_3" eId="content_2__img_3">
	  <tekst:Illustratie naam="jpg_aa65fe68-cd17-4bb6-8a56-a04039a8efce-v1.jpg" hoogte="297" breedte="300" uitlijning="start" formaat="image/jpeg" dpi="150"/>
	</tekst:Figuur>
      </tekst:Inhoud>
    </tekst:Divisietekst>
    <tekst:Divisie eId="div_2" wId="pv25_1__div_2">
      <tekst:Kop>
	<tekst:Label>Hoofdstuk</tekst:Label>
	<tekst:Nummer>4</tekst:Nummer>
	<tekst:Opschrift>Onze ambities</tekst:Opschrift>
      </tekst:Kop>
      <tekst:Divisietekst eId="div_2__content_1" wId="pv25_1__div_2__content_1">
	<tekst:Kop>
	  <tekst:Opschrift>§ 1 Energietransitie: van fossiel naar duurzaam</tekst:Opschrift>
	</tekst:Kop>
	<tekst:Inhoud>
	  <tekst:Al><tekst:strong>Wat we zien in Gelderland…</tekst:strong></tekst:Al>
	  <tekst:Al>Het energievraagstuk is een wereldwijd vraagstuk. Het gaat aan niemand voorbij en raakt iedereen, ook in Gelderland. 'Oude'manieren van energie opwekken en gebruiken hebben teveel negatieve effecten en passen niet meer. Nieuwe manieren zijn nodig.Ons streven is dat Gelderland in 2050 volledig klimaatneutraal is. Het begin van verandering is er, maar het tempo en de krachtwaarmee moeten flink omhoog, willen we Gelderland in de toekomst schoon en gezond houden. Wij hebben geen tijd te verliezen. In 2030 willen wij – als tussenstap – dan ook verder zijn dan landelijk is afgesproken.</tekst:Al>
	  <tekst:Al>Forse ingrepen in de gebouwde omgeving zijn nodig om de overstap naar alternatieve, duurzame energiebronnen voor elkaar tekrijgen. Om te beginnen, zetten wij in op energiebesparing en het terugdringen van het energieverbruik door isolatie en efficiënteretoepassingen: in huizen en gebouwen, bij verkeer en vervoer, in de industrie, in de landbouw. Daarnaast zetten we in op duurzameopwekking. Wind, zon, biomassa, waterstof, geo- en aquathermie en waterkracht; ze zijn allemaal van belang en nodig. Wij stimuleren de ontwikkeling en toepassing van nieuwe technologieën. En: we pakken de kansen die dit biedt voor de werkgelegenheiddoor de aansluiting tussen onderwijs en arbeidsmarkt op dit vlak te versterken.</tekst:Al>
	  <tekst:Al>Voor het opwekken, opslaan en transporteren van duurzame energie is ruimte nodig; veel ruimte. Windturbines, zonneparken,warmtecentrales, (mest)vergisters, waterkrachtcentrales moeten een plek krijgen in het Gelderse landschap, willen wij onze ambitiehalen. In de bodem zoeken wij naar mogelijkheden voor het benutten van aardwarmte (geothermie). Dit raakt de leefomgeving vanalle Gelderlanders en kan botsen met sterke Gelderse kwaliteiten – zoals de natuur, het rivierenlandschap met haar uiterwaarden,het zicht op ons mooie erfgoed. Tegelijkertijd ontbreekt het in de Gelderse steden vaak aan ruimte om duurzame alternatieven in tepassen. We zien al veel, en steeds meer, energie-initiatieven van onderop komen: zonneakkers, windmolens. Deze initiatievenwillen we verder ontwikkelen. Maar er is meer nodig: een gezamenlijke regionale aanpak. Samen met onze partners moeten webepalen waar we de noodzakelijke extra meters kunnen maken en waar initiatieven zich niet en waar wel kunnen ontwikkelen enonder welke voorwaarden, bijvoorbeeld langs wegen of op vrijgekomen landbouwgronden. Niet zomaar en overal, maar met oogvoor de kwaliteiten die Gelderland uniek maken. Hier zetten we ons voor in en pakken we door, als dat nodig is.</tekst:Al>
	  <tekst:Al><tekst:strong>Waar we naar streven…</tekst:strong></tekst:Al>
	  <tekst:Al>Een versnelde energietransitie, gericht op forse vergroting van het aandeel duurzame energie en passend bij de Geldersekwaliteiten; dat is wat wij nastreven. Zo versterken wij Gelderland: nu en in de toekomst.</tekst:Al>
	  <tekst:Al><tekst:strong>Onze ambitie:</tekst:strong></tekst:Al>
	  <tekst:Lijst type="ongemarkeerd" eId="div_2__content_1__list_1" wId="pv25_1__div_2__content_1__list_1">
	    <tekst:Li eId="div_2__content_1__list_1__item_1" wId="pv25_1__div_2__content_1__list_1__item_1">
	      <tekst:Al>In 2050 is Gelderland klimaatneutraal. Dit bereiken we door grootschalige besparing en opwekking uit verschillende duurzamebronnen van energie, zoals wind, zon, waterkracht, biomassa en bodemenergie. En we stimuleren innovatie en het uitrollenvan bewezen technieken.</tekst:Al>
	    </tekst:Li>
	    <tekst:Li eId="div_2__content_1__list_1__item_2" wId="pv25_1__div_2__content_1__list_1__item_2">
	      <tekst:Al>Als tussendoel realiseren we in 2030 55% broeikasgasreductie in Gelderland.</tekst:Al>
	    </tekst:Li>
	  </tekst:Lijst>
	  <tekst:Al><tekst:strong>Onze aanpak:</tekst:strong></tekst:Al>
	  <tekst:Lijst type="ongemarkeerd" eId="div_2__content_1__list_2" wId="pv25_1__div_2__content_1__list_2">
	    <tekst:Li eId="div_2__content_1__list_2__item_1" wId="pv25_1__div_2__content_1__list_2__item_1">
	      <tekst:Al>Wij stellen samen met partners regionale energie (en klimaat)strategieën op. We zoeken samen in gebieden waar de potentiezit en maken samen afspraken om deze te realiseren. Waar aanvullend stappen nodig zijn zullen we onzeverantwoordelijkheid daarin nemen. We gaan voor de versnelling, zonder de Gelderse kwaliteiten uit het oog te verliezen.</tekst:Al>
	    </tekst:Li>
	    <tekst:Li eId="div_2__content_1__list_2__item_2" wId="pv25_1__div_2__content_1__list_2__item_2">
	      <tekst:Al>Om kansen te pakken, kijken wij breed en verbinden we de energieopgave met onze andere vraagstukken: klimaatadaptatie,12circulaire economie, biodiversiteit, bereikbaarheid, wonen en woonomgeving en economisch vestigingsklimaat in Gelderland.Als wij merken dat het niet snel genoeg gaat, nemen wij onze verantwoordelijkheid en pakken wij door. Ook onze eigenorganisatie is in 2030 klimaatneutraal.</tekst:Al>
	    </tekst:Li>
	    <tekst:Li eId="div_2__content_1__list_2__item_3" wId="pv25_1__div_2__content_1__list_2__item_3">
	      <tekst:Al>Wij creëren in samenwerking met het Rijk en de Gelderse gemeenten experimenteer- en innovatieruimte, bijvoorbeeld ombestaande wijken versneld aardgasvrij te maken, of om huizen en bedrijven zelf te laten voorzien in hun energiebehoefte. En we starten proefprojecten rondom nieuwe manieren van duurzame energie, zoals ultradiepe geothermie, of energieopslag.</tekst:Al>
	    </tekst:Li>
	  </tekst:Lijst>
	  <tekst:Al><tekst:strong>Visieschets voor het gesprek over energietransitie</tekst:strong></tekst:Al>
	  <tekst:Figuur wId="pv25_1__div_2__content_1__img_1" eId="div_2__content_1__img_1">
	    <tekst:Illustratie naam="jpg_248b1dcb-8503-4f0d-933a-f98df5a8c4b0-v1.jpg" hoogte="355" breedte="551" uitlijning="start" formaat="image/jpeg" dpi="150"/>
	  </tekst:Figuur>
	</tekst:Inhoud>
      </tekst:Divisietekst>
      <tekst:Divisie eId="div_2__div_1" wId="pv25_1__div_2__div_1">
	<tekst:Kop>
	  <tekst:Label>§</tekst:Label>
	  <tekst:Nummer>2</tekst:Nummer>
	  <tekst:Opschrift>Klimaatadaptatie: omgaan met veranderend weer</tekst:Opschrift>
	</tekst:Kop>
	<tekst:Divisie eId="div_2__div_1__div_1" wId="pv25_1__div_2__div_1__div_1">
	  <tekst:Kop>
	    <tekst:Label>Wat we zien in Gelderland</tekst:Label>
	  </tekst:Kop>
	  <tekst:Divisietekst eId="div_2__div_1__div_1__content_1" wId="pv25_1__div_2__div_1__div_1__content_1">
	    <tekst:Inhoud>
	      <tekst:Al>Ons klimaat verandert merkbaar. Hoosbuien, stijgende temperaturen, extreme hitte, langdurige droogte, de uitdroging van land- en tuinbouwgronden, bodemdaling, bosbranden en toenemende overstromingsrisico’s. Het veranderend klimaat gaat aan niemand voorbij en raakt alle facetten van onze omgeving. Zoals de Gelderse natuur – met haar vele grote en kleinere rivieren en rijkdom aan dier- en plantsoorten. Maar ook onze eigen gezondheid en veiligheid. We willen hierop voorbereid zijn. We zetten daarom vooral en eerst in op het tegengaan van de risico’s en gevaren van de klimaatverandering. Dit heeft voor ons prioriteit: dat wij in 2050 in Gelderland optimaal beschermd zijn en kunnen meebewegen met het veranderend klimaat. Overtollig water moet dan zonder problemen kunnen worden opgevangen, wegstromen en in de bodem kunnen zakken en verdroging van land- en tuinbouwgebieden en bossen moet worden tegengaan. Wij werken hier vooral aan vanuit onze betrokkenheid bij waterveiligheid, waterkwaliteit, bodem en natuur en houden daarbij rekening met de variatie van de Gelderse streken. In tijden van overvloed vangen we water op en houden het voor langere tijd vast in onze beken. En: we zorgen voor voldoende schoon en gezond grond- en oppervlaktewater voor onze Gelderse natuur en land- en tuinbouw. En: voldoende schoon en gezond drinkwater voor mens en dier.</tekst:Al>
	    </tekst:Inhoud>
	  </tekst:Divisietekst>
	  <tekst:Divisietekst eId="div_2__div_1__div_1__content_2" wId="pv25_1__div_2__div_1__div_1__content_2">
	    <tekst:Inhoud>
	      <tekst:Al>Met onze partners willen we verder kijken. Bij de aanleg, inrichting, veiligheid en leefbaarheid van de gebouwde omgeving – steden, dorpen, bedrijventerreinen – nemen we de gevolgen van het veranderende klimaat mee en maken afspraken over hoe met de risico’s om te gaan. Onze groene Gelderse steden bieden hier een uitstekende uitvalsbasis voor. Klimaatbestendig werken is daarbij voor onszelf een logische voorwaarde als wij samenwerken met anderen. Op onze beurt geven wij dit aan onze samenwerkingspartners mee als eis of randvoorwaarde. Het warmere weer brengt ook kansen met zich mee, bijvoorbeeld voor de teelt van nieuwe gewassen en voor toerisme en recreatie. Deze willen we benutten. Voor ons is het daarbij steeds van belang dat ontwikkelingen passen bij de Gelderse kwaliteiten. </tekst:Al>
	    </tekst:Inhoud>
	  </tekst:Divisietekst>
	</tekst:Divisie>
	<tekst:Divisie eId="div_2__div_1__div_2" wId="pv25_1__div_2__div_1__div_2">
	  <tekst:Kop>
	    <tekst:Label>Waar we naar streven</tekst:Label>
	  </tekst:Kop>
	  <tekst:Divisietekst eId="div_2__div_1__div_2__content_1" wId="pv25_1__div_2__div_1__div_2__content_1">
	    <tekst:Inhoud>
	      <tekst:Al>Een op de toekomst toegerust beschermend klimaatbeleid; dat is wat wij willen. Zo versterken wij Gelderland: nu en in de toekomst. </tekst:Al>
	    </tekst:Inhoud>
	  </tekst:Divisietekst>
	</tekst:Divisie>
	<tekst:Divisie eId="div_2__div_1__div_3" wId="pv25_1__div_2__div_1__div_3">
	  <tekst:Kop>
	    <tekst:Label>Onze ambitie</tekst:Label>
	  </tekst:Kop>
	  <tekst:Divisietekst eId="div_2__div_1__div_3__content_1" wId="pv25_1__div_2__div_1__div_3__content_1">
	    <tekst:Inhoud>
	      <tekst:Al>In <tekst:strong>2050</tekst:strong> is Gelderland klimaatbestendig. We zijn goed voorbereid en toegerust op de gevolgen van klimaatverandering: wateroverlast, droogte, hittestress en overstromingsgevaar. In <tekst:strong>2020</tekst:strong> hebben we samen met partners de risico’s en kansen van het veranderend klimaat in beeld gebracht en strategieën opgesteld die leidraad zijn voor ons handelen. </tekst:Al>
	    </tekst:Inhoud>
	  </tekst:Divisietekst>
	</tekst:Divisie>
	<tekst:Divisie eId="div_2__div_1__div_4" wId="pv25_1__div_2__div_1__div_4">
	  <tekst:Kop>
	    <tekst:Label>Onze aanpak</tekst:Label>
	  </tekst:Kop>
	  <tekst:Divisietekst eId="div_2__div_1__div_4__content_1" wId="pv25_1__div_2__div_1__div_4__content_1">
	    <tekst:Inhoud>
	      <tekst:Al>We zorgen voor een veerkrachtig en duurzaam water-, natuur en bodemsysteem. Dit systeem bestaat uit een klimaatbestendige en schone bodem en ondergrond en uit schoon en gezond grond- en oppervlaktewater en drinkwater. Samen met partners brengen we toekomstige risico’s en kansen van het veranderend klimaat voor Gelderland in kaart. We dragen bij aan het opstellen van Regionale Adaptatie Strategieën en helpen bij de uitvoering daarvan. Wij werken zelf klimaatbestendig en wegen dit aspect bij al onze beslissingen mee. En: geven dit als voorwaarde mee aan onze partners. </tekst:Al>
	    </tekst:Inhoud>
	  </tekst:Divisietekst>
	</tekst:Divisie>
	<tekst:Divisie eId="div_2__div_1__div_5" wId="pv25_1__div_2__div_1__div_5">
	  <tekst:Kop>
	    <tekst:Label>Visieschets voor het gesprek over klimaatadaptatie</tekst:Label>
	  </tekst:Kop>
	  <tekst:Divisietekst eId="div_2__div_1__div_5__content_1" wId="pv25_1__div_2__div_1__div_5__content_1">
	    <tekst:Inhoud>
	      <tekst:Figuur wId="pv25_1__div_2__div_1__div_5__content_1__img_1" eId="div_2__div_1__div_5__content_1__img_1">
		<tekst:Illustratie naam="jpg_86fa3555-b2e6-4584-8d6c-b1cf704ddc0d-v1.jpg" hoogte="310" breedte="526" uitlijning="start" formaat="image/jpeg" dpi="150"/>
	      </tekst:Figuur>
	    </tekst:Inhoud>
	  </tekst:Divisietekst>
	</tekst:Divisie>
      </tekst:Divisie>
      <tekst:Divisietekst eId="div_2__content_2" wId="pv25_1__div_2__content_2">
	<tekst:Kop>
	  <tekst:Opschrift>§ 3 Circulaire economie: sluiten van kringlopen</tekst:Opschrift>
	</tekst:Kop>
	<tekst:Inhoud>
	  <tekst:Al><tekst:strong>Wat we zien in Gelderland…</tekst:strong></tekst:Al>
	  <tekst:Al>Het gebruik van natuurlijke grondstoffen is wereldwijd in de afgelopen honderd jaar explosief gestegen. Met schaarste, uitputting en schade aan de omgeving tot gevolg. Minder afval en meer kringloop, recycling en hergebruik is nodig om Gelderland schoon en groen te houden. Wij vinden het daarom belangrijk dat wij en de partners en opdrachtnemers waarmee wij samenwerken circulair werken: bij de aanleg en het onderhoud van gronden, landschappen, wegen en waterwegen en bij het verduurzamen van vastgoed in de stad. Wij gaan zoveel mogelijk voor duurzame materialen en voor het hergebruik daarvan.</tekst:Al>
	  <tekst:Al>Verder zijn in Gelderland verschillende bedrijven op dit terrein innovatief bezig. Wij willen dit stimuleren en focussen daarbij vooral en eerst op: de Gelderse Food sector vanuit Ede-Wageningen, op circulaire regio's en bedrijventerreinen in Gelderland, op Smart Industry en op het recyclen van kunststoffen en consumentengoederen. Tegelijkertijd is wet- en regelgeving niet altijd ingericht op circulair werken. Zo mag bijvoorbeeld niet alle afval als grondstof worden aangemerkt. Wij vinden het belangrijk dat beperkende regels worden weggenomen en zetten ons daarvoor in.</tekst:Al>
	  <tekst:Al><tekst:strong>Waar we naar streven…</tekst:strong></tekst:Al>
	  <tekst:Al>Een voortvarend en innovatief circulair beleid; dat is wat wij willen. Zo versterken wij Gelderland: nu en in de toekomst.</tekst:Al>
	  <tekst:Al><tekst:strong>Onze ambitie:</tekst:strong></tekst:Al>
	  <tekst:Al>Wij willen de eerste afvalloze provincie van Nederland zijn. Afval bestaat niet meer; er zijn alleen nog grondstoffen die blijvend hun waarde behouden in onze schone industrie. Om dit te bereiken is in <tekst:strong>2030</tekst:strong> het gebruik van primaire grondstoffen in Gelderland met 50% teruggebracht.</tekst:Al>
	  <tekst:Al><tekst:strong>Onze aanpak:</tekst:strong></tekst:Al>
	  <tekst:Al>We en de partners en opdrachtnemers waarmee we samenwerken werken circulair - zoals bij het beheer en onderhoud van gronden, dijken en (water-)wegen en bij bouwprojecten.We stimuleren tal van innovaties in sectoren met een groot potentieel. We streven daarbij naar het maken van schaalsprongen. We focussen om te beginnen op de Gelderse Food sector en op het recyclen van kunststoffen en consumentengoederen en we kijken naar de manier waarop regio's en bedrijven zich circulair kunnen ontwikkelen in Gelderland.We zoeken de ruimte in de regels die circulair werken belemmeren.</tekst:Al>
	  <tekst:Al><tekst:strong>Visieschets voor het gesprek over circulaire economie</tekst:strong></tekst:Al>
	  <tekst:Figuur wId="pv25_1__div_2__content_2__img_1" eId="div_2__content_2__img_1">
	    <tekst:Illustratie naam="jpg_13cbb9b8-1357-4a7d-bfba-45ee7535a253-v1.jpg" hoogte="312" breedte="530" uitlijning="start" formaat="image/jpeg" dpi="150"/>
	  </tekst:Figuur>
	</tekst:Inhoud>
      </tekst:Divisietekst>
      <tekst:Divisie eId="div_2__div_2" wId="pv25_1__div_2__div_2">
	<tekst:Kop>
	  <tekst:Label>§</tekst:Label>
	  <tekst:Nummer>4</tekst:Nummer>
	  <tekst:Opschrift>Biodiversiteit: werken met de natuur</tekst:Opschrift>
	</tekst:Kop>
	<tekst:Divisie eId="div_2__div_2__div_1" wId="pv25_1__div_2__div_2__div_1">
	  <tekst:Kop>
	    <tekst:Label>Wat we zien in Gelderland</tekst:Label>
	  </tekst:Kop>
	  <tekst:Divisietekst eId="div_2__div_2__div_1__content_1" wId="pv25_1__div_2__div_2__div_1__content_1">
	    <tekst:Inhoud>
	      <tekst:Al>Gelderland heeft een rijke natuur, waaronder de Veluwe met haar bossen, heide, stuifzand en haar specifieke dier- en plantensoorten. We hebben een groot <tekst:IntIoRef ref="pv25_1__cmp_2__content_o_1__list_o_1__item_o_1__ref_o_1" eId="div_2__div_2__div_1__content_1__ref_1" wId="pv25_1__div_2__div_2__div_1__content_1__ref_1">Gelders natuurnetwerk</tekst:IntIoRef> ontwikkeld met allerlei verbindingszones – ecologisch poorten, ecoducten, uiterwaarden – dat voor de biodiversiteit belangrijke gebieden in en buiten Gelderland verbindt. Het beschermen en het versterken van dit netwerk staat bij ons voorop. Hierbij streven we robuuste verbindingen na. We realiseren een netwerk van verbindingen langs rivieren, uiterwaarden en kleinere watergangen in het Gelders natuurnetwerk en andere voor ons waardevolle landschappen en gebieden. Gebieden die rijk zijn aan vogels beschermen we. En: we spelen in op de gevolgen van het veranderende klimaat voor de natuur, zoals bijvoorbeeld verdroging.</tekst:Al>
	    </tekst:Inhoud>
	  </tekst:Divisietekst>
	  <tekst:Divisietekst eId="div_2__div_2__div_1__content_2" wId="pv25_1__div_2__div_2__div_1__content_2">
	    <tekst:Inhoud>
	      <tekst:Al>Tegelijkertijd merken we, ook in Gelderland, dat de variatie in planten- en diersoorten daalt. Er is meer nodig om dit weer op peil te krijgen. De meeste kansen zien we door veehouderij, land- en tuinbouw en natuur slimmer te verbinden. We werken met betrokken partijen aan een betere balans tussen de intensieve veehouderij, natuurwaarden, lucht- en bodemkwaliteit en het terugdringen van het gebruik van gewasbeschermingsmiddelen in de landbouw en fruitteelt.</tekst:Al>
	    </tekst:Inhoud>
	  </tekst:Divisietekst>
	  <tekst:Divisietekst eId="div_2__div_2__div_1__content_3" wId="pv25_1__div_2__div_2__div_1__content_3">
	    <tekst:Inhoud>
	      <tekst:Al>Ten slotte vinden wij het belangrijk de biodiversiteit in de gebouwde omgeving te versterken. Aandacht voor natuur in de woonwijken in de groene Gelderse steden, bij de bouw en renovatie van werklocaties en het Gelders erfgoed en bij de aanleg van wegen en dijken. Werken mét de natuur, in plaats van ertegen; dat is wat wij voorstaan. Dit helpt, niet alleen om ervoor te zorgen dat de variatie in planten- en diersoorten weer groeit, maar ook in het kader van klimaatadaptatie – bijvoorbeeld het wegvloeien van overtollig water in de bodem. </tekst:Al>
	    </tekst:Inhoud>
	  </tekst:Divisietekst>
	</tekst:Divisie>
	<tekst:Divisie eId="div_2__div_2__div_2" wId="pv25_1__div_2__div_2__div_2">
	  <tekst:Kop>
	    <tekst:Label>Waar we naar streven</tekst:Label>
	  </tekst:Kop>
	  <tekst:Divisietekst eId="div_2__div_2__div_2__content_1" wId="pv25_1__div_2__div_2__div_2__content_1">
	    <tekst:Inhoud>
	      <tekst:Al>Een stimulerend en beschermend beleid voor biodiversiteit; dat is wat wij willen. Zo versterken wij Gelderland: nu en in de toekomst. </tekst:Al>
	    </tekst:Inhoud>
	  </tekst:Divisietekst>
	</tekst:Divisie>
	<tekst:Divisie eId="div_2__div_2__div_3" wId="pv25_1__div_2__div_2__div_3">
	  <tekst:Kop>
	    <tekst:Label>Onze ambitie</tekst:Label>
	  </tekst:Kop>
	  <tekst:Divisietekst eId="div_2__div_2__div_3__content_1" wId="pv25_1__div_2__div_2__div_3__content_1">
	    <tekst:Inhoud>
	      <tekst:Al>In <tekst:strong>2050</tekst:strong> gaat het goed met de biodiversiteit in Gelderland. In Gelderland wordt natuur-inclusief gewerkt. Biodiversiteit wordt overal waar mogelijk versterkt en ingepast, óók buiten de specifiek als natuur aangewezen gebieden. In <tekst:strong>2030</tekst:strong> is 75% van de Europese doelen van de vogel- en habitatrichtlijn behaald. </tekst:Al>
	    </tekst:Inhoud>
	  </tekst:Divisietekst>
	</tekst:Divisie>
	<tekst:Divisie eId="div_2__div_2__div_4" wId="pv25_1__div_2__div_2__div_4">
	  <tekst:Kop>
	    <tekst:Label>Onze aanpak</tekst:Label>
	  </tekst:Kop>
	  <tekst:Divisietekst eId="div_2__div_2__div_4__content_1" wId="pv25_1__div_2__div_2__div_4__content_1">
	    <tekst:Inhoud>
	      <tekst:Al>We blijven werken aan een compact en hoogwaardig stelsel van onderling verbonden natuurgebieden. Wij hebben aandacht voor de kwaliteiten van onze bijzondere natuurgebieden en landschappen en beschermen de flora en fauna.Wij zien overal potentie om de biodiversiteit te vergroten. In het bijzonder in de landbouw en daarnaast in de bebouwde omgeving in woonwijken, bij werklocaties en bij renovatie van erfgoedlocaties, bij de aanleg van wegen en dijken en het winnen van zand en klei. Wij denken en werken zelf natuur-inclusief en wegen dit aspect bij onze beslissingen mee. We stimuleren onze partners dit ook te doen. </tekst:Al>
	    </tekst:Inhoud>
	  </tekst:Divisietekst>
	</tekst:Divisie>
	<tekst:Divisie eId="div_2__div_2__div_5" wId="pv25_1__div_2__div_2__div_5">
	  <tekst:Kop>
	    <tekst:Label>Visieschets voor het gesprek over biodiversiteit</tekst:Label>
	  </tekst:Kop>
	  <tekst:Divisietekst eId="div_2__div_2__div_5__content_1" wId="pv25_1__div_2__div_2__div_5__content_1">
	    <tekst:Inhoud>
	      <tekst:Figuur wId="pv25_1__div_2__div_2__div_5__content_1__img_1" eId="div_2__div_2__div_5__content_1__img_1">
		<tekst:Illustratie naam="jpg_9d5604b3-9bba-49b4-a5fd-97831cc468c3-v1.jpg" hoogte="312" breedte="530" uitlijning="start" formaat="image/jpeg" dpi="150"/>
	      </tekst:Figuur>
	    </tekst:Inhoud>
	  </tekst:Divisietekst>
	</tekst:Divisie>
      </tekst:Divisie>
      <tekst:Divisietekst eId="div_2__content_3" wId="pv25_1__div_2__content_3">
	<tekst:Kop>
	  <tekst:Opschrift>§ 5 Bereikbaarheid: duurzaam verbonden</tekst:Opschrift>
	</tekst:Kop>
	<tekst:Inhoud>
	  <tekst:Al><tekst:strong>Wat we zien in Gelderland </tekst:strong></tekst:Al>
	  <tekst:Al>Bereikbaarheid is een kritische succesfactor voor een verbonden samenleving en een krachtige, duurzame Gelderse economie. De samenleving heeft behoefte aan flexibele en efficiënte netwerken die voor iedereen open staan en beschikbaar zijn. Mensen willen snel en veilig op hun werk kunnen komen, elkaar kunnen ontmoeten, ervaringen kunnen delen, de vele Gelderse evenementen kunnen bezoeken, grenzen kunnen verleggen. Een sterk netwerk zorgt daarvoor. En de behoefte daaraan neemt toe. We worden met zijn allen steeds mobieler en verplaatsen ons vaker. Naar verwachting nemen de vervoersstromen in Gelderland richting 2040 met 40% toe. Maar niet op de standaard manier. Steeds vaker worden verschillende vormen van vervoer gecombineerd, zowel door mensen als bij het vervoeren van goederen.</tekst:Al>
	  <tekst:Al>We zien nieuwe concepten en technieken ontstaan, zoals, zelfrijdende auto's, leen- en deelauto's, snelle elektrische fietsen en slimme manieren van bevoorrading van binnensteden. Dit zet druk op het grote en gevarieerde Gelderse mobiliteitsnetwerk- voor auto's, schepen, openbaar vervoer,(snel)fietsen, voet- en wandelpaden en vliegverkeer. Het is onze taak te zorgen voor de veiligheid en vlotte doorstroming op dit netwerk. Wij willen faciliteren dat mensen elkaar kunnen blijven bereiken en ontmoeten. Slim maatwerk en nieuwe vormen van mobiliteit zijn daarbij nodig, willen we Gelderland - in de toekomst - bereikbaar houden. We willen vanuit ieders verantwoordelijkheid gezamenlijk bevorderen dat het openbaar vervoer en alternatieve vormen van mobiliteit toekomst- en vraaggericht blijven. Sommige Gelderse streken kennen hoge concentraties aan mensen en activiteiten. We kijken hoe we slimmer kunnen omgaan met de vele verbindingen en knooppunten die er zijn - op de weg, in de lucht, op het water - zoals in de Gelderse Corridor (Railterminal Gelderland), de spoorverbinding Amersfoort-Deventer, spoorverbinding Arnhem-Winterswijk, het knooppunt A1-A30, de spoorboog Arnhem Oost, IJssellijn en de doorstroming op de A1, de A28 en de A50. Versterking van de A15 is van belang voor de doorontwikkeling van de Gelderse Corridor. Om knelpunten te voorkomen en op te lossen, bekijken we verder hoe we bedrijventerreinen zo kunnen clusteren dat we vervoers- en goederensystemen slimmer met elkaar en met ontwikkelingen in de stad kunnen verbinden.</tekst:Al>
	  <tekst:Al>Ook bezien we hoe alternatieve manieren van vervoer - in het bijzonder de fiets - verder kunnen stimuleren. In andere delen van Gelderland zien we juist de bevolking krimpen. Daar staat met name het 'klassieke' openbaar vervoer onder druk. Ook ICT-ontwikkelingen en snel internet bieden opties die kunnen leiden tot andere of slimmere vervoersstromen. We zoeken samen met partners naar goede alternatieven. Ongeacht de verschillen tussen de Gelderse streken geldt voor ons: we kijken eerst naar het benutten en optimaliseren van bestaande mogelijkheden, voordat we overgaan tot het aanleggen van nieuwe infrastructuur. Naast de verkeersveiligheid, houden we altijd rekening met de leef- en luchtkwaliteit van de omgeving.</tekst:Al>
	  <tekst:Al>Het verkeer en (openbaar) vervoer moet schoner, gezonder en duurzamer. Fossiele brandstoffen raken op en maken plaats voor duurzame energiebronnen, zoals elektrische auto's en waterstofvoertuigen. Hetzelfde geldt voor het beheer en onderhoud van onze wegen. Dit doen we zo schoon en duurzaam mogelijk; iets wat we als voorwaarde ook aan onze partners meegeven. Er liggen tal van kansen op het terrein van duurzame mobiliteit: vervoers- en goederensystemen slimmer verbinden, meer oplaadpunten voor elektrische auto's en duurzame tankpunten, stimuleren van fietsgebruik, experimenten met nieuwe duurzame vormen van vervoer, snel internet als alternatief voor fysieke mobiliteit. Ontwikkelingen vragen een brede blik en een samenhangende aanpak tussen mobiliteit en de inrichting van woonwijken en bedrijventerreinen, voorzieningen - zoals laadpalen en internet - en vervoerssystemen. Wij zijn hierover steeds in gesprek met onze partners. En zetten ons in voor een dekkend netwerk van duurzame oplaad- en tankpunten in Gelderland. Ook stimuleren we experimenten die bijdragen aan duurzame manieren van vervoer.</tekst:Al>
	  <tekst:Al>De sterke groei in de luchtvaart door toerisme en transport geeft een intensivering van het luchtruimgebruik, ook boven de groene provincie Gelderland. Een duurzaam, economisch krachtig en verbonden Gelderland noodzaakt tot expliciete aandacht om nadelige gevolgen van luchtvaart te voorkomen.</tekst:Al>
	  <tekst:Al><tekst:strong>Waar we naar streven </tekst:strong></tekst:Al>
	  <tekst:Al>Efficiënte, duurzame en innovatieve bereikbaarheid, toegesneden op de veranderende vraag; dat is wat wij willen. Zo versterken wij Gelderland: nu en in de toekomst.</tekst:Al>
	  <tekst:Al><tekst:strong>Onze ambitie:</tekst:strong></tekst:Al>
	  <tekst:Al>In <tekst:strong>2050 </tekst:strong>is de groei van de mobiliteit op een slimme manier opgevangen en verplaatsen mensen in Gelderland zich veilig, snel, betaalbaar en klimaatneutraal. Snel en veilig internet fungeert daarbij als alternatief voor fysieke verplaatsingen. In <tekst:strong>2050</tekst:strong> is het netwerk voor goederenvervoer in Gelderland toegankelijk, duurzaam en klimaatneutraal. In <tekst:strong>2030</tekst:strong> is al ons busvervoer zonder uitstoot en is 35% van het totaal aantal verplaatsingen met de fiets</tekst:Al>
	  <tekst:Al><tekst:strong>Onze aanpak:</tekst:strong></tekst:Al>
	  <tekst:Al>We blijven een veilig en toegankelijk Gelders netwerk van (water)wegen, spoor, fiets- en voetpaden verbeteren en pakken knel- en knooppunten en ontbrekende schakels aan. Onze aandacht richt zich daarbij vooral en in eerste instantie op (logistieke) knelpunten en knelpunten rond de Gelderse steden. We zoeken naar slimme alternatieve vormen van vervoer voor het landelijk gebied. We benutten en optimaliseren bestaande mogelijkheden, voordat we overgaan tot het aanleggen van nieuwe infrastructuur.Wij stimuleren duurzame en alternatieve vormen van vervoer. Zoals elektrisch rijden. Wij werken samen met partners aan een dekkend netwerk van duurzame oplaad- en tankpunten in Gelderland en een goede aansluiting daarvan op nationale en internationale netwerken. Ook willen we het gebruik van de fiets stimuleren, onder andere met de aanleg van snelfietspaden en het oplossen van knelpunten in het (snel)fietsnetwerk. Wij werken zelf duurzaam. Bijvoorbeeld bij de aanleg, het beheer en onderhoud van onze provinciale wegen. Duurzaamheid is ook een voorwaarde die wij meegeven aan onze partners en opdrachtnemers. Wij gaan voor een emissieloos spoor in 2050 en voor busvervoer zonder uitstoot in 2030.Duurzame bereikbaarheid betekent voor ons ook: kansen creëren en investeren in nieuwe, duurzame vormen: in een snel internet - daar waar de markt het niet oppakt - als alternatief voor fysieke verplaatsingen. Maar ook in proeftuinen, bijvoorbeeld rondom duurzaam asfalt of zelfrijdende auto's.</tekst:Al>
	  <tekst:Al><tekst:strong>Visieschets voor het gesprek over bereikbaarheid</tekst:strong></tekst:Al>
	  <tekst:Figuur wId="pv25_1__div_2__content_3__img_1" eId="div_2__content_3__img_1">
	    <tekst:Illustratie naam="jpg_99c72f46-bd66-45d2-b9fa-80a57d433757-v1.jpg" hoogte="312" breedte="530" uitlijning="start" formaat="image/jpeg" dpi="150"/>
	  </tekst:Figuur>
	</tekst:Inhoud>
      </tekst:Divisietekst>
      <tekst:Divisietekst eId="div_2__content_4" wId="pv25_1__div_2__content_4">
	<tekst:Kop>
	  <tekst:Opschrift>§ 6 Vestigingsklimaat: Een krachtige, duurzame topregio!</tekst:Opschrift>
	</tekst:Kop>
	<tekst:Inhoud>
	  <tekst:Al><tekst:strong>Wat we zien in Gelderland </tekst:strong></tekst:Al>
	  <tekst:Al>Gelderland heeft een unieke ligging op de oostwest-as en de noordzuid-as van ons land; een strategische en aantrekkelijke positie te midden van andere sterke regio's - Amsterdam (Randstad), Brussel (Vlaamse Ruit), Keulen (Rheinland). We zijn daarmee uitstekend verbonden en werken daarmee samen, net zoals met onze buurprovincies. Juist door de bijzondere kwaliteiten en veelzijdigheid van Gelderland - haar natuur, groene steden op menselijke schaal, kennisinfrastructuur, cultuur, recreatie en toerisme en sport - kan zij zich verder ontwikkelen als ideale vestigingsplek en uitvalslocatie om te werken en te wonen. Met onze brede blik op de leefomgeving geven wij dan ook een krachtige impuls aan de regionale economie en arbeidsmarkt. Zo kunnen mensen in Gelderland zich ontplooien, ontspannen en ontwikkelen.</tekst:Al>
	  <tekst:Al>De Gelderse economie heeft grote behoefte aan voldoende en kundige mensen. De concurrentie op de arbeidsmarkt is groot. We willen onze strategische ligging en de aantrekkingskracht van onze Gelderse regio's vergroten, zodat mensen hier willen (blijven) wonen en zich willen binden aan Gelderland. Sterke stedelijke netwerken en toegankelijke ontmoetingsplekken zijn van vitaal belang. Plekken waar mensen elkaar makkelijk kunnen vinden om kennis, ideeën en plannen uit te wisselen en elkaar vooruit te helpen. Plekken die goed ontsloten zijn, zoals innovatieve campussen, bruisende binnensteden en dynamische bedrijventerreinen. Het concentreren en combineren van activiteiten heeft daarbij onze voorkeur, boven versnippering door de hele provincie. Activiteiten die elkaar versterken, brengen wij met elkaar in contact en willen wij zoveel mogelijk bij elkaar in de buurt of in dezelfde voorziening plaatsen. Zo houden we Gelderland, naast dynamisch, ook open, groen en gezond. Het omvormen van bestaande en leegstaande bedrijvenlocaties heeft de voorkeur, boven de aanleg van nieuwe terreinen. Pas als er geen andere mogelijkheden zijn, breiden we uit aan de randen van onze steden of dorpen. En: we kijken naar hoe we de inrichting van de Gelderse werklocaties zo duurzaam mogelijk kunnen maken in termen van energie en klimaat.</tekst:Al>
	  <tekst:Al>Gelderland heeft sterke troeven: Health, Energy, Tech, Food, Logistiek, een sterk midden- en kleinbedrijf. Nationaal en internationaal werkende Gelderse bedrijven die in volle verbinding staan met gebieden buiten Gelderland. Daar zit veel innovatieve kracht. Die willen we volop de ruimte geven, maar wel op voorwaarde dat ook bijgedragen wordt aan het duurzaamheidsvraagstuk. Want schoon en groen is ons uitgangspunt. We denken mee met deze bedrijven en helpen ze bij de toegang tot kennis, middelen, markten, netwerken, locaties en het onderwijs. Omdat wij vinden dat iedereen die in Gelderland mee wil doen, dat ook moet kunnen, stimuleren wij dat het onderwijs optimaal is afgestemd op de arbeidsmarkt. Dit doen we om tekorten op de arbeidsmarkt te voorkomen en kansen te pakken naar de toekomst toe, zoals bijvoorbeeld op het terrein van energietransitie.</tekst:Al>
	  <tekst:Al><tekst:strong>Waar we naar streven .</tekst:strong></tekst:Al>
	  <tekst:Al>Een duurzaam, dynamisch en toegankelijk economisch vestigingsklimaat, waar voor ondernemers en inwoners een sterke aantrekkingskracht vanuit gaat; dat is wat wij willen. Zo versterken wij Gelderland: nu en in de toekomst.</tekst:Al>
	  <tekst:Al><tekst:strong>Onze ambitie:</tekst:strong></tekst:Al>
	  <tekst:Al>Wij willen onze concurrerende positie binnen het internationale stedelijke netwerk van Amsterdam, Brussel en Keulen verder versterken. Om onderscheidend te blijven, halen we in <tekst:strong>2050</tekst:strong> maximaal profijt uit onze unieke combinatie van stedelijke en groene kwaliteiten. In <tekst:strong>2050 </tekst:strong>zijn alle werklocaties in Gelderland duurzaam ingericht qua energie, klimaatbestendigheid en logistieke en productiestromen. We zijn koploper in Nederland.</tekst:Al>
	  <tekst:Al><tekst:strong>Onze aanpak: </tekst:strong></tekst:Al>
	  <tekst:Al>Wij zorgen voor een gevarieerd aanbod aan goed ontsloten, kwalitatief hoogwaardige, duurzame werklocaties. We gaan hierover in gesprek met de Gelderse regio's en maken regionale afspraken over een goede balans tussen de vraag en het aanbod van werklocaties. Het concentreren van economische activiteiten heeft daarbij onze voorkeur, boven versnippering. En: het omvormen van bestaande en leegstaande bedrijvenlocaties gaat boven de aanleg van nieuwe terreinen. Samen met de regio's spelen we in op veranderende behoeften van het bedrijfsleven. Toekomstige behoeften veranderen immers continue, dit vraagt om regelmatig herzien van de regionale afspraken. Ook stimuleren we het omvormen van bestaande gebouwen en locaties zodat deze weer aansluiten bij de wensen van bedrijven en werknemers.We zorgen dat bedrijven die zich hier willen vestigen of die willen uitbreiden snel en effectief geholpen worden bij het vinden van een zo optimaal mogelijke locatie. We stimuleren de aansluiting tussen het Gelderse onderwijs en de arbeidsmarkt. We stimuleren dit ook in fysieke zin met campusontwikkeling. We stimuleren (kleinschalig) ondernemerschap en innovatie, ook met oog voor ontwikkeling van lokale arbeidsmarkten. Zeker wanneer ondernemers een duurzaam Gelderland dichterbij brengen.</tekst:Al>
	  <tekst:Al><tekst:strong>Visieschets voor het gesprek over vestigingsklimaat</tekst:strong></tekst:Al>
	  <tekst:Figuur wId="pv25_1__div_2__content_4__img_1" eId="div_2__content_4__img_1">
	    <tekst:Illustratie naam="jpg_3537ea72-83f4-479f-8231-43a5d1be0014-v1.jpg" hoogte="311" breedte="528" uitlijning="start" formaat="image/jpeg" dpi="150"/>
	  </tekst:Figuur>
	</tekst:Inhoud>
      </tekst:Divisietekst>
      <tekst:Divisietekst eId="div_2__content_5" wId="pv25_1__div_2__content_5">
	<tekst:Kop>
	  <tekst:Opschrift>§ 7 Woon- en leefomgeving: dynamisch, divers, duurzaam</tekst:Opschrift>
	</tekst:Kop>
	<tekst:Inhoud>
	  <tekst:Al><tekst:strong>Wat we zien in Gelderland </tekst:strong></tekst:Al>
	  <tekst:Al>Om Gelderland voor mensen en bedrijven aantrekkelijk te houden, is de kwaliteit van de leefomgeving van groot belang. Bovendien draagt een goede kwaliteit van de leefomgeving bij aan gezondheid. Goed bereikbare voorzieningen, aansprekende evenementen, unieke cultuurhistorie, inspirerende culturele voorzieningen, een mooie natuur; het is allemaal van belang. Ook goed wonen hoort daarbij. Gelderland heeft op woongebied een bijzondere positie met uiteenlopende woonkwaliteiten, zowel stedelijke als landelijke. De Gelderse streken hebben ieder hun eigen aard, waar mensen zich thuis en verbonden met elkaar voelen. In onze groeiende Gelderse steden komen veel activiteiten samen. Tegelijkertijd investeren we in een vitaal platteland, juist als daar krimp plaatsvindt. Om het landschap open, groen en het voorzieningenniveau op peil te houden en leegstand te voorkomen, is bouwen binnen bestaand verstedelijkt gebied ons vertrekpunt. Wij geven de voorkeur aan het benutten van bestaande gebouwen. Wij gaan voor concentraties van bebouwing. Pas als er geen andere goede mogelijkheden zijn, breiden we uit aan de randen van onze steden of dorpen.</tekst:Al>
	  <tekst:Al>Woonwensen veranderen door de tijd en met de leeftijd. Mensen worden ouder, wonen steeds langer alleen en zelfstandig, worden steeds meer energiebewust en zijn mobieler dan vroeger, waardoor ze ook meer en makkelijker verhuizen. De dynamiek op de woningmarkt is groot, ook als gevolg van ontwikkelingen in de Randstad. Het grootste deel van de woningen die we in 2050 in Gelderland nodig hebben, staat er al. Maar deze woningen zijn niet klaar voor de toekomst en moeten aangepast of vervangen worden. Soms zijn zelfs tijdelijke woonvormen nodig willen we snel in kunnen spelen op de vraag. Voor ons staat een goede balans tussen de vraag en aanbod van woningen in verschillende prijscategorieën voorop, ook voor specifieke doelgroepen. We hebben zorg en aandacht voor de woonbehoeften van alle Gelderlanders en maken hier met onze partners afspraken over. Ook zijn de meeste woningen verre van energieneutraal en klimaatbestendig. Wij stimuleren innovaties op dit terrein, zoals het aardgasloos maken van bestaande woningen en het verduurzamen van woonwijken. Ook zijn wij met onze partners in gesprek over hoe we het vraagstuk van klimaatadaptatie en wonen slimmer kunnen aanpakken. Voldoende groene ruimte, koele plekken, opvang van water in het licht van de klimaatverandering is immers van belang, zeker met het oog op de gezondheid van onze inwoners.</tekst:Al>
	  <tekst:Al><tekst:strong>Waar we naar streven </tekst:strong></tekst:Al>
	  <tekst:Al>Een duurzaam en divers woon- en leefklimaat, dat steeds weet te anticiperen op ontwikkelingen; dat is wat wij willen. Zo versterken wij de economische kracht en kwaliteit van leven in Gelderland: nu en in de toekomst.</tekst:Al>
	  <tekst:Al><tekst:strong>Onze ambitie:</tekst:strong></tekst:Al>
	  <tekst:Al>Gelderland heeft een aanbod aan woningtypen en woonmilieus passend bij de diversiteit aan woningvraag; voor ieder een passende, duurzame woning. We benutten de bestaande bebouwde omgeving optimaal met voldoende ruimte voor klimaatadaptieve maatregelen. Alle nieuwbouw wordt aardgasloos aangelegd en zoveel mogelijk circulair gebouwd. In <tekst:strong>2035</tekst:strong> zijn alle (bestaande) wijken van het aardgas.Woningen in Gelderland zijn in <tekst:strong>2050</tekst:strong> klimaatneutraal.</tekst:Al>
	  <tekst:Al><tekst:strong>Onze aanpak</tekst:strong></tekst:Al>
	  <tekst:Al>We gaan in gesprek met de Gelderse regio's en maken regionale afspraken over een goede balans tussen de vraag en het aanbod van woningen. We hebben specifieke aandacht voor de gemeentegrens overstijgende woonvraagstukken. We stimuleren innovaties in woonwijken op het vlak van duurzaamheid en het omvormen van bestaande gebouwen tot woonruimte.</tekst:Al>
	  <tekst:Al><tekst:strong>Visieschets voor het gesprek over woon- en leefomgeving</tekst:strong></tekst:Al>
	  <tekst:Figuur wId="pv25_1__div_2__content_5__img_1" eId="div_2__content_5__img_1">
	    <tekst:Illustratie naam="jpg_97cbd11a-1f81-4c52-8362-5abba3a7ea04-v1.jpg" hoogte="312" breedte="530" uitlijning="start" formaat="image/jpeg" dpi="150"/>
	  </tekst:Figuur>
	</tekst:Inhoud>
      </tekst:Divisietekst>
    </tekst:Divisie>
    <tekst:Divisietekst eId="content_3" wId="pv25_1__content_3">
      <tekst:Kop>
	<tekst:Opschrift>Hoofdstuk 5 Een visie met werking: vier Gelderse DOE principes</tekst:Opschrift>
      </tekst:Kop>
      <tekst:Inhoud>
	<tekst:Al>Voor ons is een <tekst:strong>schoon, gezond, veilig en welvarend</tekst:strong> Gelderland meer dan een vergezicht. En is onze focus op een duurzaam, verbonden en economisch krachtig Gelderland tezamen met onze zeven ambities op deze terreinen meer dan een gedachtenoefening. Bij de invulling van de schaarse ruimte zijn lastige keuzes onvermijdelijk. Juist het effectief oplossen van ingewikkelde dilemma's en botsende belangen vraagt om gebiedsgericht maatwerk en samenwerken. Ambities en belangen lijken al gauw tegenstrijdig, maar tegenstellingen kunnen elkaar ook versterken in de oplossing. Dat is waar wij steeds naar zoeken. Door ons brede pallet aan taken kunnen wij steeds met een brede blik naar de Gelderse gebieden kijken en bij de oplossing verschillende elementen aandragen en wegen. Breed kijken - vertrekkend vanuit de unieke kwaliteiten van de Gelderse streken - en steeds weer verschillende belangen en bovenregionale mogelijkheden afwegen. Wij willen ontwikkelingen stimuleren, ruimte maken voor nieuwe technologieën en werkgelegenheid, kansen pakken op het terrein van duurzaamheid, economische kracht en verbondenheid. Niet zomaar en overal, maar met oog voor de veiligheid en de kwaliteiten die Gelderland uniek maken. Zo gaat bijvoorbeeld clustering van bebouwing in combinatie met een open landschap voor ons boven versnippering, het omvormen van bestaande en leegstaande bebouwing heeft de voorkeur boven de aanleg van nieuwe bedrijventerreinen of woonlocaties en we optimaliseren onze bestaande infrastructuur voordat we overgaan tot het aanleggen van nieuwe wegen. We zien het als een opdracht waar we niet omheen kunnen en waar we aan willen werken. Een opdracht die ons denken en doen stuurt en waar wij ons aan houden. Uit onze focus en ambities voor een duurzaam, economisch krachtig en verbonden Gelderland volgen dan ook 'spelregels' of 'DOE-principes' voor onze verdere inzet en uitvoering. Zo geven we invulling aan onze ambities.</tekst:Al>
	<tekst:Al>Onze 'DOE-principes' zijn:</tekst:Al>
	<tekst:Al>DOEN:</tekst:Al>
	<tekst:Al>Wij kijken breed en werken met focus consequent vanuit het perspectief van duurzaam én verbonden én economisch krachtig. Waar nodig stellen we regels en kaders ter discussie en zoeken we de ruimte;</tekst:Al>
	<tekst:Al>LATEN:</tekst:Al>
	<tekst:Al>Wij stimuleren geen zaken die niet aansluiten op onze visie;</tekst:Al>
	<tekst:Al>ZELF:</tekst:Al>
	<tekst:Al>Wij geven zelf het goede voorbeeld en nemen onze verantwoordelijkheid en zetten door als het vraagstuk erom vraagt;</tekst:Al>
	<tekst:Al>SAMEN:</tekst:Al>
	<tekst:Al>Wij werken met open vizier en bouwen aan gezamenlijke agenda's met onze partners en stimuleren kansen voor innovatie en kennisdeling.</tekst:Al>
	<tekst:Figuur wId="pv25_1__content_3__img_1" eId="content_3__img_1">
	  <tekst:Illustratie naam="jpg_a76c3d90-399b-429f-b172-acb916d6f9f8-v1.jpg" hoogte="300" breedte="300" uitlijning="start" formaat="image/jpeg" dpi="150"/>
	</tekst:Figuur>
	<tekst:Al><tekst:strong>Doe-principes in het kort:</tekst:strong></tekst:Al>
	<tekst:Al><tekst:strong>Doen:</tekst:strong> We kijken breed met focus en zoeken actief ruimte</tekst:Al>
	<tekst:Al><tekst:strong>Laten:</tekst:strong> We stimuleren niets buiten onze visie</tekst:Al>
	<tekst:Al><tekst:strong>Zelf: </tekst:strong> We nemen zelf verantwoordelijkheid en geven het goede voorbeeld</tekst:Al>
	<tekst:Al><tekst:strong>Samen:</tekst:strong> We doen het samen en met oog voor innovatie</tekst:Al>
	<tekst:Al><tekst:strong>DOEN EN LATEN: een brede blik en het wegen van alle aspecten </tekst:strong></tekst:Al>
	<tekst:Al>Voor ons staat een schoon, gezond, veilig en welvarend Gelderland voorop. Daar willen wij optimaal aan bijdragen. Wij leggen daarbij de focus op een duurzaam, verbonden en economisch krachtig Gelderland. Deze focus sluit aan bij onze kennis en kunde. Wij hebben zeven ambities geformuleerd. Bij het maken van keuzes in de uitvoering maken wij steeds inzichtelijk hoe we deze ambities zien ten opzichte van elkaar wegen: wat de voorkeur heeft en wat misschien minder bedeeld wordt en op een andere manier moet worden opgepakt. Ook geven we aan in welke mate onze keuze bijdraagt aan het realiseren van onze ambities: is dat op basisniveau, zetten we een 'plus', of dragen we maximaal bij? Door dit steeds inzichtelijk te maken - dus hoe wij zaken met elkaar in verband brengen, afwegen en wat dat voor het realiseren van onze ambities betekent - maken we concreet hoe wij bijdragen aan een schoon, gezond, veilig en welvarend Gelderland.</tekst:Al>
	<tekst:Al><tekst:strong>SAMEN: Partnerschap</tekst:strong></tekst:Al>
	<tekst:Al>De vraagstukken die wij voor ons zien, zijn groot, complex en langjarig. Geen enkele partij heeft de sleutel voor de oplossing alleen in handen. Ook wij niet. Daarom zetten we samen met vele andere partners onze schouders onder initiatieven die waardevol zijn en bijdragen aan het oplossen van de vraagstukken waar we voor staan. Zoals met ondernemers, inwoners, maatschappelijke organisaties, gemeenten, waterschappen, collega-provincies, Rijk, andere overheden en onze Duitse partners. Een Gaaf Gelderland voor huidige en toekomstige generaties bouwen we niet alleen, maar samen met anderen. Waarbij de samenstelling van partners per vraagstuk wisselt.</tekst:Al>
	<tekst:Al>Partnerschap is maatwerk. Bij de zoektocht naar aanpakken nodigen we partners uit om met nieuwe plannen, oplossingen en ideeën te komen. We kijken breed en wegen af. Daar waar regels goede plannen in de weg staan zoeken we actief naar mogelijkheden. Om tot oplossingen te komen, is het samen met partners (h)erkennen van het vraagstuk een cruciale eerste stap. Het je (mede-) eigenaar voelen van het vraagstuk en willen helpen aan de oplossing is de volgende. We stellen ons dan ook steeds de vragen: Waar zien wij mogelijkheden en kansen? Waar zijn wij goed in en wat willen en kunnen we zelf bijdragen? Waar zijn anderen goed in en moeten wij aan hen overlaten of hen overhalen?</tekst:Al>
	<tekst:Al>Voor ons staan steeds de vraagstukken centraal. Als die vragen om een 'hand-in-hand' aanpak met partners, dan zoeken wij deze op en werken we aan coalities en allianties. Samenwerken, partnerschap, aansluiten bij energie van anderen en open staan voor nieuwe ontwikkelingen zijn voor ons van belang. Steeds onderzoeken we waar de kracht en mogelijkheden van onszelf en onze (potentiële) partners liggen: of en hoe partijen van meerwaarde kunnen en willen zijn.</tekst:Al>
	<tekst:Al><tekst:strong>SAMEN: Gebiedsgericht maatwerk</tekst:strong></tekst:Al>
	<tekst:Al>Gelderland blinkt uit in variatie. Er zijn verschillende regio's; ieder met een eigen kleur. Elke regio, elk gebied heeft zijn eigen achtergrond en karakter; een eigen DNA. Dit kenmerkt Gelderland en maakt haar sterk. Bij de oplossingsrichtingen die wij kiezen, houden wij dan ook bewust rekening met de verscheidenheid van de Gelderse streken. Maatwerk is nodig. Elke regio heeft zijn eigen kwaliteiten, iconische projecten, specifieke locaties; 'game changers' of 'epicentra'. Zaken die een cruciale bijdrage leveren aan een gezond, veilig, schoon en welvarend Gelderland. Met onze partners in de regio verkennen wij welke kansen we kunnen en willen benutten. Daar hoort een cyclus bij van komen tot een gezamenlijke kijk op het vraagstuk, het maken van een gedeelde agenda, hier samen uitvoering aan geven en ruimte laten voor aanscherping en aanpassing. Al doende leren we van elkaar en op basis van de geleerde lessen scherpen we onze plannen aan of wijzigen we onze koers. Zo blijven we met elkaar in gesprek over wat er voor ons toe doet, welke koers we willen bewandelen en waar wij samen kansen zien en benutten.</tekst:Al>
	<tekst:Figuur wId="pv25_1__content_3__img_2" eId="content_3__img_2">
	  <tekst:Illustratie naam="jpg_ef529412-3716-4d09-9877-bfe8a0bc440c-v1.jpg" hoogte="367" breedte="520" uitlijning="start" formaat="image/jpeg" dpi="150"/>
	</tekst:Figuur>
	<tekst:Al><tekst:strong>ZELF: Bestuurskracht</tekst:strong></tekst:Al>
	<tekst:Al>Steeds kijken we naar onze eigen mogelijkheden. Waar kunnen en willen wij van meerwaarde zijn? Dat wij taken hebben met betrekking tot de inrichting en de kwaliteit van de Gelderse leefomgeving betekent niet dat wij ook altijd de eerst aangewezen partij zijn om het initiatief te nemen. Ons uitgangspunt is: hoe dichter bij de Gelderlanders hoe beter.</tekst:Al>
	<tekst:Al>Wij zijn van doorslaggevende waarde:</tekst:Al>
	<tekst:Al>Als het vraagstuk een <tekst:i>bovenlokale aanpak</tekst:i> vraagt die niet afdoende door samenwerkende gemeenten wordt opgepakt, maar als dit wel van belang is voor een schoon, gezond, veilig en welvarend Gelderland;Als het vraagstuk volgens de wet onze zaak en taak is en aan onze doorzettingsmacht raakt of als onze Omgevingsvisie hier de focus op legt;Als wij door ons netwerk <tekst:i>gevraagd</tekst:i> worden om het vraagstuk op te pakken en het vraagstuk bijdraagt aan een schoon, gezond, veilig en welvarend Gelderland;Als wij zien dat wij, door de inzet van onze <tekst:i>middelen, werkwijzen en instrumenten</tekst:i>, het verschil kunnen maken voor een schoon, gezond, veilig en welvarend Gelderland.</tekst:Al>
	<tekst:Al><tekst:strong>Voorbeelden</tekst:strong> van werkwijzen en instrumenten die wij gebruiken of hebben ontwikkeld om een goede afweging te maken tussen alle drie de aspecten zijn onder andere:</tekst:Al>
	<tekst:Lijst type="ongemarkeerd" eId="content_3__list_1" wId="pv25_1__content_3__list_1">
	  <tekst:Li eId="content_3__list_1__item_1" wId="pv25_1__content_3__list_1__item_1">
	    <tekst:Al>Het Gelderse ambitie-web;</tekst:Al>
	  </tekst:Li>
	  <tekst:Li eId="content_3__list_1__item_2" wId="pv25_1__content_3__list_1__item_2">
	    <tekst:Al>De Gelderse Gezondheidswijzer/Quickscan Gezonde leefomgeving;</tekst:Al>
	  </tekst:Li>
	  <tekst:Li eId="content_3__list_1__item_3" wId="pv25_1__content_3__list_1__item_3">
	    <tekst:Al>Gelderse Aanpak Gebiedsontwikkeling;</tekst:Al>
	  </tekst:Li>
	  <tekst:Li eId="content_3__list_1__item_4" wId="pv25_1__content_3__list_1__item_4">
	    <tekst:Al>Aanpak SteenGoed Benutten;</tekst:Al>
	  </tekst:Li>
	  <tekst:Li eId="content_3__list_1__item_5" wId="pv25_1__content_3__list_1__item_5">
	    <tekst:Al>Regionale programma's werklocaties en agenda's wonen;</tekst:Al>
	  </tekst:Li>
	  <tekst:Li eId="content_3__list_1__item_6" wId="pv25_1__content_3__list_1__item_6">
	    <tekst:Al>Regionale energie strategieën (RES);</tekst:Al>
	  </tekst:Li>
	  <tekst:Li eId="content_3__list_1__item_7" wId="pv25_1__content_3__list_1__item_7">
	    <tekst:Al>De ladder voor duurzame stedelijke ontwikkeling.</tekst:Al>
	  </tekst:Li>
	</tekst:Lijst>
	<tekst:Figuur wId="pv25_1__content_3__img_3" eId="content_3__img_3">
	  <tekst:Illustratie naam="jpg_a12f4055-ed17-40c2-8b9d-e9d22f06f7d7-v1.jpg" hoogte="365" breedte="517" uitlijning="start" formaat="image/jpeg" dpi="150"/>
	</tekst:Figuur>
      </tekst:Inhoud>
    </tekst:Divisietekst>
    <tekst:Divisietekst eId="content_4" wId="pv25_1__content_4">
      <tekst:Kop>
	<tekst:Opschrift>Hoofdstuk 6 Gaaf Gelderland maken we samen...</tekst:Opschrift>
      </tekst:Kop>
      <tekst:Inhoud>
	<tekst:Al>De Omgevingsvisie Gaaf Gelderland is tot stand gekomen met de inbreng van velen. Inwoners van Gelderland - jong en oud -, gemeenten, waterschappen, instellingen en experts op het terrein van zorg, natuur, cultuur, onderwijs en vele, vele andere partners hebben in de afgelopen jaren en op meerdere momenten gedurende het proces van visievorming meegedacht, meegepraat en actief hun bijdrage geleverd. Hiervoor zijn wij een ieder zeer dankbaar.</tekst:Al>
	<tekst:Al>Het begin van de toekomst van Gelderland is nu. Wij nodigen u dan ook allen van harte uit om met ons verder invulling te geven aan Gaaf Gelderland. Om met ons in gesprek te gaan over de keuzes die gemaakt moeten worden en welke prioriteiten we stellen en over de acties die wij samen moeten inzetten. En: om met ons afspraken te maken en deze vast te leggen in onder andere thematisch of gebiedsgerichte uitvoeringsprogramma's waar we samen - ieder vanuit zijn of haar kracht en verantwoordelijkheid - aan werken. Zo geven we invulling aan de Gelderse Omgevingsvisie en realiseren we ons wensbeeld. Zo komen we tot een visie met werking. Mochten koersen wijzigen en droombeelden veranderen, dan gaan wij opnieuw met u in gesprek en passen desgewenst de Gelderse Omgevingsvisie aan. De weg naar de toekomst kent immers geen rechte lijn, maar is een gezamenlijke zoektocht.</tekst:Al>
	<tekst:Al><tekst:strong>Een visie met werking</tekst:strong></tekst:Al>
	<tekst:Figuur wId="pv25_1__content_4__img_1" eId="content_4__img_1">
	  <tekst:Illustratie naam="jpg_ea57daa6-e24f-4ad5-ad39-4f11e2834537-v1.jpg" hoogte="322" breedte="577" uitlijning="start" formaat="image/jpeg" dpi="150"/>
	</tekst:Figuur>
      </tekst:Inhoud>
    </tekst:Divisietekst>
  </tekst:Lichaam>
  <tekst:Bijlage eId="cmp_2" wId="pv25_1__cmp_2">
    <tekst:Kop>
      <tekst:Label>Bijlage</tekst:Label>
      <tekst:Nummer>II</tekst:Nummer>
      <tekst:Opschrift>Overzicht Informatieobjecten</tekst:Opschrift>
    </tekst:Kop>
    <tekst:Divisietekst eId="cmp_2__content_o_1" wId="pv25_1__cmp_2__content_o_1">
      <tekst:Inhoud>
	<tekst:Begrippenlijst eId="cmp_2__content_o_1__list_o_1" wId="pv25_1__cmp_2__content_o_1__list_o_1">
	  <tekst:Begrip eId="cmp_2__content_o_1__list_o_1__item_o_1" wId="pv25_1__cmp_2__content_o_1__list_o_1__item_o_1">
	    <tekst:Term>gelders natuurnetwerk</tekst:Term>
	    <tekst:Definitie>
	      <tekst:Al><tekst:ExtIoRef eId="cmp_2__content_o_1__list_o_1__item_o_1__ref_o_1" wId="pv25_1__cmp_2__content_o_1__list_o_1__item_o_1__ref_o_1" ref="/join/id/regdata/pv25/2022/6gio120/nld@2022-07-27;1">/join/id/regdata/pv25/2022/6gio120/nld@2022-07-27;1</tekst:ExtIoRef></tekst:Al>
	    </tekst:Definitie>
	  </tekst:Begrip>
	</tekst:Begrippenlijst>
      </tekst:Inhoud>
    </tekst:Divisietekst>
  </tekst:Bijlage>
</tekst:RegelingVrijetekst>