<InformatieObjectVersieMetadata schemaversie="1.3.0" xmlns="https://standaarden.overheid.nl/stop/imop/data/">
    <heeftBestanden>
        <heeftBestand>
            <Bestand>
                <bestandsnaam>GIO-47613c50.gml</bestandsnaam>
                <hash>40f76e7e2ca2465a164bd5d370fac9720586c24101877c32568e401282f14599e4831afa801d218ee7f8ba63854f2d7aea0242b3235ce0f774fce41920777d1e</hash>
            </Bestand>
        </heeftBestand>
    </heeftBestanden>
    <heeftGeboorteregeling>/akn/nl/act/pv28/2024/ZHOV</heeftGeboorteregeling>
</InformatieObjectVersieMetadata>