<InformatieObjectVersieMetadata schemaversie="1.3.0" xmlns="https://standaarden.overheid.nl/stop/imop/data/">
    <heeftBestanden>
        <heeftBestand>
            <Bestand>
                <bestandsnaam>GIO-8aa39ca2.gml</bestandsnaam>
                <hash>16cec5c2a25c7ee14871a60fb4fea1ecff60006b6289eb94eefef5d33f1d225f98c0b6695907811d699f6996f63d65540e5515a8a0ffc081a467fce476cf5b08</hash>
            </Bestand>
        </heeftBestand>
    </heeftBestanden>
    <heeftGeboorteregeling>/akn/nl/act/pv28/2024/ZHOV</heeftGeboorteregeling>
</InformatieObjectVersieMetadata>