<InformatieObjectMetadata schemaversie="1.3.0" xmlns="https://standaarden.overheid.nl/stop/imop/data/">
    <eindverantwoordelijke>/tooi/id/provincie/pv28</eindverantwoordelijke>
    <formaatInformatieobject>/join/id/stop/informatieobject/doc_001</formaatInformatieobject>
    <maker>/tooi/id/provincie/pv28</maker>
    <naamInformatieObject>vth_wabo_kwaliteitscriteria_versie_2_2_2019_deel_b.pdf</naamInformatieObject>
    <officieleTitel>/join/id/regdata/pv28/2024/vth_wabo_kwaliteitscriteria_versie_2_2_2019_deel_b</officieleTitel>
    <publicatieinstructie>TeConsolideren</publicatieinstructie>
</InformatieObjectMetadata>