<InformatieObjectVersieMetadata schemaversie="1.3.0" xmlns="https://standaarden.overheid.nl/stop/imop/data/">
    <heeftBestanden>
        <heeftBestand>
            <Bestand>
                <bestandsnaam>vth_wabo_kwaliteitscriteria_versie_2_2_2019_deel_b.pdf</bestandsnaam>
                <hash>3aef21abe0189d860def7a90ca0102c84fc31923aedf666e0259760a96479c5d47774fad5e80bf32e31dce9ef79d5d3be360a5692e2e9908678504bd6a515665</hash>
            </Bestand>
        </heeftBestand>
    </heeftBestanden>
    <heeftGeboorteregeling>/akn/nl/act/pv28/2024/ZHOV</heeftGeboorteregeling>
</InformatieObjectVersieMetadata>