<InformatieObjectVersieMetadata schemaversie="1.3.0" xmlns="https://standaarden.overheid.nl/stop/imop/data/">
    <heeftBestanden>
        <heeftBestand>
            <Bestand>
                <bestandsnaam>GIO-7c531c3c.gml</bestandsnaam>
                <hash>84e09dc6939d8dc00ee61006d7f0124751deecf2692d7459063c22c7eefdc24958522a5fe08383772c199bc2850bc337aacc5417c6ee038aa78a90320713aa2a</hash>
            </Bestand>
        </heeftBestand>
    </heeftBestanden>
    <heeftGeboorteregeling>/akn/nl/act/pv28/2024/ZHOV</heeftGeboorteregeling>
</InformatieObjectVersieMetadata>