<InformatieObjectVersieMetadata schemaversie="1.3.0" xmlns="https://standaarden.overheid.nl/stop/imop/data/">
    <heeftBestanden>
        <heeftBestand>
            <Bestand>
                <bestandsnaam>GIO-e31db20a.gml</bestandsnaam>
                <hash>895c3c5057e411d3c765cf7db725c260f9a591375da287e9efba35294677c03212d22b52c84aed5c0e75037a820752b64e786236cbbe833655974c95dd734fcd</hash>
            </Bestand>
        </heeftBestand>
    </heeftBestanden>
    <heeftGeboorteregeling>/akn/nl/act/pv28/2024/ZHOV</heeftGeboorteregeling>
</InformatieObjectVersieMetadata>