<InformatieObjectVersieMetadata schemaversie="1.3.0" xmlns="https://standaarden.overheid.nl/stop/imop/data/">
    <heeftBestanden>
        <heeftBestand>
            <Bestand>
                <bestandsnaam>GIO-84b57656.gml</bestandsnaam>
                <hash>dd4e66b8550ba385fc1b4a7f8be25427fa9e15afffb92704aeb72a8ed144d88705010cf82105ea75552f9aa831cda687ac2433523c3d6e7a3195d61ed863c660</hash>
            </Bestand>
        </heeftBestand>
    </heeftBestanden>
    <heeftGeboorteregeling>/akn/nl/act/pv28/2024/ZHOV</heeftGeboorteregeling>
</InformatieObjectVersieMetadata>