<data:RegelingMetadata schemaversie="1.3.0" xmlns:data="https://standaarden.overheid.nl/stop/imop/data/">
  <data:heeftCiteertitelInformatie>
    <data:CiteertitelInformatie>
      <data:citeertitel>Omgevingsverordening provincie testgemeente</data:citeertitel>
      <data:isOfficieel>true</data:isOfficieel>
    </data:CiteertitelInformatie>
  </data:heeftCiteertitelInformatie>
  <data:eindverantwoordelijke>/tooi/id/provincie/pv30</data:eindverantwoordelijke>
  <data:grondslagen>
    <data:grondslag>
      <data:TekstReferentie>
	<data:uri>jci1.3:c:BWBR0037885&amp;artikel=2.6</data:uri>
	<data:label>Artikel 2.6 Omgevingswet</data:label>
	<data:soortRef>JCI</data:soortRef>
      </data:TekstReferentie>
    </data:grondslag>
  </data:grondslagen>
  <data:maker>/tooi/id/provincie/pv30</data:maker>
  <data:officieleTitel>Omgevingsverordening provincie testgemeente</data:officieleTitel>
  <data:onderwerpen>
    <data:onderwerp>/tooi/def/concept/c_9af4b880</data:onderwerp>
  </data:onderwerpen>
  <data:rechtsgebieden>
    <data:rechtsgebied>/tooi/def/concept/c_638d8062</data:rechtsgebied>
  </data:rechtsgebieden>
  <data:soortRegeling>/join/id/stop/regelingtype_004</data:soortRegeling>
  <data:soortBestuursorgaan>/tooi/def/thes/kern/c_411b4e4a</data:soortBestuursorgaan>
</data:RegelingMetadata>