<InformatieObjectVersieMetadata schemaversie="1.3.0" xmlns="https://standaarden.overheid.nl/stop/imop/data/">
    <heeftBestanden>
        <heeftBestand>
            <Bestand>
                <bestandsnaam>GIO-921442b6.gml</bestandsnaam>
                <hash>5ff41621c26cc19cca248eb1a740a8f8f5239a21b37e5fd7a934a578a1880fdd9f9bb1b96143568923712fe807665e1d5bfdfd0550af529a976dc530b41fd13b</hash>
            </Bestand>
        </heeftBestand>
    </heeftBestanden>
    <heeftGeboorteregeling>/akn/nl/act/pv28/2024/ZHOV</heeftGeboorteregeling>
</InformatieObjectVersieMetadata>