<InformatieObjectVersieMetadata schemaversie="1.3.0" xmlns="https://standaarden.overheid.nl/stop/imop/data/">
    <heeftBestanden>
        <heeftBestand>
            <Bestand>
                <bestandsnaam>GIO-2123413f.gml</bestandsnaam>
                <hash>49bbc0939b8fa48c56156f4ea5fbf3b48f971a3d116b2881595f6342625bab459f1151416529d2f5d5f8da27b4771b0a1257da805e5d28409da670e7d54fa89e</hash>
            </Bestand>
        </heeftBestand>
    </heeftBestanden>
    <heeftGeboorteregeling>/akn/nl/act/pv28/2024/ZHOV</heeftGeboorteregeling>
</InformatieObjectVersieMetadata>