<InformatieObjectVersieMetadata schemaversie="1.3.0" xmlns="https://standaarden.overheid.nl/stop/imop/data/">
    <heeftBestanden>
        <heeftBestand>
            <Bestand>
                <bestandsnaam>GIO-a0e3b42f.gml</bestandsnaam>
                <hash>44067d19d1c255a34ab194fffd55a081a56c2f76d5cce242829a7bcfc9e17173e09c430187684c54c13cb8fa99d9f6ea770362626e357396d321764a130edaad</hash>
            </Bestand>
        </heeftBestand>
    </heeftBestanden>
    <heeftGeboorteregeling>/akn/nl/act/pv28/2024/ZHOV</heeftGeboorteregeling>
</InformatieObjectVersieMetadata>