<InformatieObjectVersieMetadata schemaversie="1.3.0" xmlns="https://standaarden.overheid.nl/stop/imop/data/">
    <heeftBestanden>
        <heeftBestand>
            <Bestand>
                <bestandsnaam>GIO-74750cf3.gml</bestandsnaam>
                <hash>8324f305ae478b6dfe2199d17ac4b098b5bd2acacb1aa197398258a99e352fca92d6c6815858b2c6b5a383d93c2952927da539d075b4de74e9bdbb25fcc1b7cd</hash>
            </Bestand>
        </heeftBestand>
    </heeftBestanden>
    <heeftGeboorteregeling>/akn/nl/act/pv28/2024/ZHOV</heeftGeboorteregeling>
</InformatieObjectVersieMetadata>