<InformatieObjectVersieMetadata schemaversie="1.3.0" xmlns="https://standaarden.overheid.nl/stop/imop/data/">
    <heeftBestanden>
        <heeftBestand>
            <Bestand>
                <bestandsnaam>GIO-167c3ec1.gml</bestandsnaam>
                <hash>f59967b4b00f3dfa1a1393a538ee6539406498cb70172e67de969e60afdbbcf8dda4895a4a99819d72e2acce776e12687b196c9b8a7eb541bfd5d68f212686f2</hash>
            </Bestand>
        </heeftBestand>
    </heeftBestanden>
    <heeftGeboorteregeling>/akn/nl/act/pv28/2024/ZHOV</heeftGeboorteregeling>
</InformatieObjectVersieMetadata>