<InformatieObjectVersieMetadata schemaversie="1.3.0" xmlns="https://standaarden.overheid.nl/stop/imop/data/">
    <heeftBestanden>
        <heeftBestand>
            <Bestand>
                <bestandsnaam>GIO-eae1b3cb.gml</bestandsnaam>
                <hash>2d1448c406352e31e1aa5dc7c4cf7e1cd05a9f05e6b1f1e90e2eaf6cbefa3a4db7cd9cbf573e900ae1403207de3d38ffa1aa8c0c3f899a497c072a997de784fb</hash>
            </Bestand>
        </heeftBestand>
    </heeftBestanden>
    <heeftGeboorteregeling>/akn/nl/act/pv28/2024/ZHOV</heeftGeboorteregeling>
</InformatieObjectVersieMetadata>