<InformatieObjectVersieMetadata schemaversie="1.3.0" xmlns="https://standaarden.overheid.nl/stop/imop/data/">
    <heeftBestanden>
        <heeftBestand>
            <Bestand>
                <bestandsnaam>GIO-9128467d.gml</bestandsnaam>
                <hash>1c103b9f9c10833ff2eb061caf7982b365d77993494941385d28dea7be51e11881ba5d4938ab2b5f2534f0eb30703148edbc7745b503d40a7947e7ce64c0a561</hash>
            </Bestand>
        </heeftBestand>
    </heeftBestanden>
    <heeftGeboorteregeling>/akn/nl/act/pv28/2024/ZHOV</heeftGeboorteregeling>
</InformatieObjectVersieMetadata>