<?xml version="1.0" encoding="UTF-8" standalone="yes"?>
<ow-dc:owBestand xmlns:rol="http://www.geostandaarden.nl/imow/regelsoplocatie" xmlns:schemaLocation="http://www.geostandaarden.nl/imow/bestanden/deelbestand https://register.geostandaarden.nl/xmlschema/tpod/v2.0.0/bestanden-ow/deelbestand-ow/IMOW_Deelbestand.xsd" xmlns:rg="http://www.geostandaarden.nl/imow/regelingsgebied" xmlns:da="http://www.geostandaarden.nl/imow/datatypenalgemeen" xmlns:l="http://www.geostandaarden.nl/imow/locatie" xmlns:sym="http://www.geostandaarden.nl/imow/symbolisatie" xmlns:xsi="http://www.w3.org/2001/XMLSchema-instance" xmlns:kaart="http://www.geostandaarden.nl/imow/kaart" xmlns="http://www.geostandaarden.nl/bestanden-ow/manifest-ow" xmlns:xlink="http://www.w3.org/1999/xlink" xmlns:ow-dc="http://www.geostandaarden.nl/imow/bestanden/deelbestand" xmlns:ga="http://www.geostandaarden.nl/imow/gebiedsaanwijzing" xmlns:sl="http://www.geostandaarden.nl/bestanden-ow/standlevering-generiek" xmlns:p="http://www.geostandaarden.nl/imow/pons" xmlns:regels="http://www.geostandaarden.nl/imow/regels" xmlns:ow="http://www.geostandaarden.nl/imow/owobject" xmlns:vt="http://www.geostandaarden.nl/imow/vrijetekst" xmlns:op="http://www.geostandaarden.nl/imow/opobject">
    <sl:standBestand>
        <sl:dataset>Onbekend</sl:dataset>
        <sl:inhoud>
            <sl:gebied>Onbekend</sl:gebied>
            <sl:leveringsId>Onbekend</sl:leveringsId>
            <sl:objectTypen>
                <sl:objectType>Activiteit</sl:objectType>
            </sl:objectTypen>
        </sl:inhoud>
        <sl:stand>
            <ow-dc:owObject>
                <rol:Activiteit>
                    <rol:identificatie>nl.imow-gm0297.activiteit.2019000241</rol:identificatie>
                    <rol:naam>uitoefenen van bedrijfstypen van categorie 2</rol:naam>
                    <rol:groep>http://standaarden.omgevingswet.overheid.nl/activiteit/id/concept/MilieubelastendeActiviteit</rol:groep>
                    <rol:bovenliggendeActiviteit>
                        <rol:ActiviteitRef xlink:href="nl.imow-gm0297.activiteit.ActInOmgevingsplanGem"/>
                    </rol:bovenliggendeActiviteit>
                </rol:Activiteit>
            </ow-dc:owObject>
        </sl:stand>
        <sl:stand>
            <ow-dc:owObject>
                <rol:Activiteit>
                    <rol:identificatie>nl.imow-gm0297.activiteit.2019000243</rol:identificatie>
                    <rol:naam>aanleggen en instandhouden van nutsvoorzieningen</rol:naam>
                    <rol:groep>http://standaarden.omgevingswet.overheid.nl/activiteit/id/concept/BouwactiviteitTechnisch</rol:groep>
                    <rol:bovenliggendeActiviteit>
                        <rol:ActiviteitRef xlink:href="nl.imow-gm0297.activiteit.ActInOmgevingsplanGem"/>
                    </rol:bovenliggendeActiviteit>
                </rol:Activiteit>
            </ow-dc:owObject>
        </sl:stand>
        <sl:stand>
            <ow-dc:owObject>
                <rol:Activiteit>
                    <rol:identificatie>nl.imow-gm0297.activiteit.2019000244</rol:identificatie>
                    <rol:naam>aanleggen en instandhouden van voorzieningen voor de waterhuishouding</rol:naam>
                    <rol:groep>http://standaarden.omgevingswet.overheid.nl/activiteit/id/concept/BouwactiviteitTechnisch</rol:groep>
                    <rol:bovenliggendeActiviteit>
                        <rol:ActiviteitRef xlink:href="nl.imow-gm0297.activiteit.ActInOmgevingsplanGem"/>
                    </rol:bovenliggendeActiviteit>
                </rol:Activiteit>
            </ow-dc:owObject>
        </sl:stand>
        <sl:stand>
            <ow-dc:owObject>
                <rol:Activiteit>
                    <rol:identificatie>nl.imow-gm0297.activiteit.2019000245</rol:identificatie>
                    <rol:naam>aanleggen en instandhouden van tuin en/of erf</rol:naam>
                    <rol:groep>http://standaarden.omgevingswet.overheid.nl/activiteit/id/concept/BouwactiviteitTechnisch</rol:groep>
                    <rol:bovenliggendeActiviteit>
                        <rol:ActiviteitRef xlink:href="nl.imow-gm0297.activiteit.ActInOmgevingsplanGem"/>
                    </rol:bovenliggendeActiviteit>
                </rol:Activiteit>
            </ow-dc:owObject>
        </sl:stand>
        <sl:stand>
            <ow-dc:owObject>
                <rol:Activiteit>
                    <rol:identificatie>nl.imow-gm0297.activiteit.2019000246</rol:identificatie>
                    <rol:naam>uitoefenen van detailhandel in ter plaatse vervaardigde goederen</rol:naam>
                    <rol:groep>http://standaarden.omgevingswet.overheid.nl/activiteit/id/concept/ExploitatieactiviteitDetailhandel</rol:groep>
                    <rol:bovenliggendeActiviteit>
                        <rol:ActiviteitRef xlink:href="nl.imow-gm0297.activiteit.ActInOmgevingsplanGem"/>
                    </rol:bovenliggendeActiviteit>
                </rol:Activiteit>
            </ow-dc:owObject>
        </sl:stand>
        <sl:stand>
            <ow-dc:owObject>
                <rol:Activiteit>
                    <rol:identificatie>nl.imow-gm0297.activiteit.2019000530</rol:identificatie>
                    <rol:naam>wonen in een bedrijfswoning</rol:naam>
                    <rol:groep>http://standaarden.omgevingswet.overheid.nl/activiteit/id/concept/Woonactiviteit</rol:groep>
                    <rol:bovenliggendeActiviteit>
                        <rol:ActiviteitRef xlink:href="nl.imow-gm0297.activiteit.ActInOmgevingsplanGem"/>
                    </rol:bovenliggendeActiviteit>
                </rol:Activiteit>
            </ow-dc:owObject>
        </sl:stand>
        <sl:stand>
            <ow-dc:owObject>
                <rol:Activiteit>
                    <rol:identificatie>nl.imow-gm0297.activiteit.2019000540</rol:identificatie>
                    <rol:naam>exploiteren van een verkooppunt voor motorbrandstoffen niet zijnde lpg</rol:naam>
                    <rol:groep>http://standaarden.omgevingswet.overheid.nl/activiteit/id/concept/ExploitatieactiviteitDetailhandel</rol:groep>
                    <rol:gerelateerdeActiviteit>
                        <rol:ActiviteitRef xlink:href="nl.imow-gm0297.activiteit.2019000760"/>
                    </rol:gerelateerdeActiviteit>
                    <rol:bovenliggendeActiviteit>
                        <rol:ActiviteitRef xlink:href="nl.imow-gm0297.activiteit.ActInOmgevingsplanGem"/>
                    </rol:bovenliggendeActiviteit>
                </rol:Activiteit>
            </ow-dc:owObject>
        </sl:stand>
        <sl:stand>
            <ow-dc:owObject>
                <rol:Activiteit>
                    <rol:identificatie>nl.imow-gm0297.activiteit.2019000590</rol:identificatie>
                    <rol:naam>uitoefenen van detailhandel in ter plaatse vervaardigde goederen</rol:naam>
                    <rol:groep>http://standaarden.omgevingswet.overheid.nl/activiteit/id/concept/ExploitatieactiviteitDetailhandel</rol:groep>
                    <rol:bovenliggendeActiviteit>
                        <rol:ActiviteitRef xlink:href="nl.imow-gm0297.activiteit.ActInOmgevingsplanGem"/>
                    </rol:bovenliggendeActiviteit>
                </rol:Activiteit>
            </ow-dc:owObject>
        </sl:stand>
        <sl:stand>
            <ow-dc:owObject>
                <rol:Activiteit>
                    <rol:identificatie>nl.imow-gm0297.activiteit.2019000660</rol:identificatie>
                    <rol:naam>exploiteren van een speelautomatenhal</rol:naam>
                    <rol:groep>http://standaarden.omgevingswet.overheid.nl/activiteit/id/concept/ExploitatieactiviteitHoreca</rol:groep>
                    <rol:bovenliggendeActiviteit>
                        <rol:ActiviteitRef xlink:href="nl.imow-gm0297.activiteit.ActInOmgevingsplanGem"/>
                    </rol:bovenliggendeActiviteit>
                </rol:Activiteit>
            </ow-dc:owObject>
        </sl:stand>
        <sl:stand>
            <ow-dc:owObject>
                <rol:Activiteit>
                    <rol:identificatie>nl.imow-gm0297.activiteit.2019000680</rol:identificatie>
                    <rol:naam>exploiteren van een kantoor</rol:naam>
                    <rol:groep>http://standaarden.omgevingswet.overheid.nl/activiteit/id/concept/ExploitatieactiviteitKantoor</rol:groep>
                    <rol:bovenliggendeActiviteit>
                        <rol:ActiviteitRef xlink:href="nl.imow-gm0297.activiteit.ActInOmgevingsplanGem"/>
                    </rol:bovenliggendeActiviteit>
                </rol:Activiteit>
            </ow-dc:owObject>
        </sl:stand>
        <sl:stand>
            <ow-dc:owObject>
                <rol:Activiteit>
                    <rol:identificatie>nl.imow-gm0297.activiteit.2019000730</rol:identificatie>
                    <rol:naam>exploiteren van inrichtingen</rol:naam>
                    <rol:groep>http://standaarden.omgevingswet.overheid.nl/activiteit/id/concept/ExploitatieactiviteitBedrijf</rol:groep>
                    <rol:bovenliggendeActiviteit>
                        <rol:ActiviteitRef xlink:href="nl.imow-gm0297.activiteit.ActInOmgevingsplanGem"/>
                    </rol:bovenliggendeActiviteit>
                </rol:Activiteit>
            </ow-dc:owObject>
        </sl:stand>
        <sl:stand>
            <ow-dc:owObject>
                <rol:Activiteit>
                    <rol:identificatie>nl.imow-gm0297.activiteit.2019000740</rol:identificatie>
                    <rol:naam>exploiteren van risicovolle inrichtingen</rol:naam>
                    <rol:groep>http://standaarden.omgevingswet.overheid.nl/activiteit/id/concept/ExploitatieactiviteitBedrijf</rol:groep>
                    <rol:bovenliggendeActiviteit>
                        <rol:ActiviteitRef xlink:href="nl.imow-gm0297.activiteit.ActInOmgevingsplanGem"/>
                    </rol:bovenliggendeActiviteit>
                </rol:Activiteit>
            </ow-dc:owObject>
        </sl:stand>
        <sl:stand>
            <ow-dc:owObject>
                <rol:Activiteit>
                    <rol:identificatie>nl.imow-gm0297.activiteit.2019000750</rol:identificatie>
                    <rol:naam>opslagterrein</rol:naam>
                    <rol:groep>http://standaarden.omgevingswet.overheid.nl/activiteit/id/concept/Opslagactiviteit</rol:groep>
                    <rol:bovenliggendeActiviteit>
                        <rol:ActiviteitRef xlink:href="nl.imow-gm0297.activiteit.ActInOmgevingsplanGem"/>
                    </rol:bovenliggendeActiviteit>
                </rol:Activiteit>
            </ow-dc:owObject>
        </sl:stand>
        <sl:stand>
            <ow-dc:owObject>
                <rol:Activiteit>
                    <rol:identificatie>nl.imow-gm0297.activiteit.2019000760</rol:identificatie>
                    <rol:naam>opslaan van motorbrandstoffen niet zijnde lpg</rol:naam>
                    <rol:groep>http://standaarden.omgevingswet.overheid.nl/activiteit/id/concept/Opslagactiviteit</rol:groep>
                    <rol:bovenliggendeActiviteit>
                        <rol:ActiviteitRef xlink:href="nl.imow-gm0297.activiteit.ActInOmgevingsplanGem"/>
                    </rol:bovenliggendeActiviteit>
                </rol:Activiteit>
            </ow-dc:owObject>
        </sl:stand>
        <sl:stand>
            <ow-dc:owObject>
                <rol:Activiteit>
                    <rol:identificatie>nl.imow-gm0297.activiteit.2019000800</rol:identificatie>
                    <rol:naam>bouwen van een bijgebouw</rol:naam>
                    <rol:groep>http://standaarden.omgevingswet.overheid.nl/activiteit/id/concept/BouwactiviteitRuimtelijk</rol:groep>
                    <rol:bovenliggendeActiviteit>
                        <rol:ActiviteitRef xlink:href="nl.imow-gm0297.activiteit.ActInOmgevingsplanGem"/>
                    </rol:bovenliggendeActiviteit>
                </rol:Activiteit>
            </ow-dc:owObject>
        </sl:stand>
        <sl:stand>
            <ow-dc:owObject>
                <rol:Activiteit>
                    <rol:identificatie>nl.imow-gm0297.activiteit.2019000810</rol:identificatie>
                    <rol:naam>boom kappen</rol:naam>
                    <rol:groep>http://standaarden.omgevingswet.overheid.nl/activiteit/id/concept/Kapactiviteit</rol:groep>
                    <rol:bovenliggendeActiviteit>
                        <rol:ActiviteitRef xlink:href="nl.imow-gm0297.activiteit.ActInOmgevingsplanGem"/>
                    </rol:bovenliggendeActiviteit>
                </rol:Activiteit>
            </ow-dc:owObject>
        </sl:stand>
    </sl:standBestand>
</ow-dc:owBestand>
