<?xml version="1.0" encoding="UTF-8" standalone="no"?>
<AanleveringBesluit xmlns="https://standaarden.overheid.nl/stop/imop/data/" xmlns:data="https://standaarden.overheid.nl/stop/imop/data/">
<BesluitVersie>
<ExpressionIdentificatie>
<FRBRWork>/akn/nl/bill//2025/OTSTgegenereerd20250310094923</FRBRWork>
<FRBRExpression>/akn/nl/bill//2025/OTSTgegenereerd20250310094923/nld@20250310;1</FRBRExpression>
<soortWork>/join/id/stop/work_003</soortWork>
</ExpressionIdentificatie>
<BesluitMetadata>
<data:eindverantwoordelijke>/tooi/id/gemeente/gm0297</data:eindverantwoordelijke>
<data:heeftCiteertitelInformatie>
      Gemeentestad (omgevingsplan Zaltbommel)
      true
  </data:heeftCiteertitelInformatie>
<data:maker>/tooi/id/gemeente/gm0297</data:maker>
<data:officieleTitel>Omgevingsplan Zaltbommel (met de nadruk op Zuilichem)</data:officieleTitel>
<data:onderwerpen>
    /tooi/def/concept/c_9d1917e9
  </data:onderwerpen>
<data:rechtsgebieden>
    /tooi/def/concept/c_8ad05f6d
  </data:rechtsgebieden>
<data:soortBestuursorgaan>/tooi/def/thes/kern/c_2a7d8663</data:soortBestuursorgaan>
<soortProcedure>/join/id/stop/proceduretype_definitief</soortProcedure>
<data:soortRegeling>/join/id/stop/regelingtype_003</data:soortRegeling>
</BesluitMetadata>
<Procedureverloop>
<bekendOp>2025-03-11</bekendOp>
<procedurestappen>
<Procedurestap>
<soortStap>/join/id/stop/procedure/stap_003</soortStap>
<voltooidOp>2025-03-11</voltooidOp>
</Procedurestap>
</procedurestappen>
</Procedureverloop>
<ConsolidatieInformatie/>
<BesluitCompact/>
</BesluitVersie>
<RegelingVersieInformatie>
<ExpressionIdentificatie>
<FRBRWork>/akn/nl/act/gm0297/2019/reg456</FRBRWork>
<FRBRExpression>/akn/nl/act/gm0297/2019/reg456/nld@1</FRBRExpression>
<soortWork>/join/id/stop/work_019</soortWork>
</ExpressionIdentificatie>
<RegelingVersieMetadata>
<versienummer>1</versienummer>
</RegelingVersieMetadata>
<RegelingMetadata>
<heeftCiteertitelInformatie>
      Gemeentestad (omgevingsplan Zaltbommel)
      true
  </heeftCiteertitelInformatie>
<eindverantwoordelijke>/tooi/id/gemeente/gm0297</eindverantwoordelijke>
<maker>/tooi/id/gemeente/gm0297</maker>
<officieleTitel>Omgevingsplan Zaltbommel (met de nadruk op Zuilichem)</officieleTitel>
<onderwerpen>
    /tooi/def/concept/c_9d1917e9
  </onderwerpen>
<rechtsgebieden>
    /tooi/def/concept/c_8ad05f6d
  </rechtsgebieden>
<soortRegeling>/join/id/stop/regelingtype_003</soortRegeling>
<soortBestuursorgaan>/tooi/def/thes/kern/c_2a7d8663</soortBestuursorgaan>
</RegelingMetadata>
</RegelingVersieInformatie>
</AanleveringBesluit>