<?xml version="1.0" encoding="UTF-8" standalone="yes"?>
<ow-dc:owBestand xmlns:rol="http://www.geostandaarden.nl/imow/regelsoplocatie" xmlns:schemaLocation="http://www.geostandaarden.nl/imow/bestanden/deelbestand https://register.geostandaarden.nl/xmlschema/tpod/v2.0.0/bestanden-ow/deelbestand-ow/IMOW_Deelbestand.xsd" xmlns:rg="http://www.geostandaarden.nl/imow/regelingsgebied" xmlns:da="http://www.geostandaarden.nl/imow/datatypenalgemeen" xmlns:l="http://www.geostandaarden.nl/imow/locatie" xmlns:sym="http://www.geostandaarden.nl/imow/symbolisatie" xmlns:xsi="http://www.w3.org/2001/XMLSchema-instance" xmlns:kaart="http://www.geostandaarden.nl/imow/kaart" xmlns="http://www.geostandaarden.nl/bestanden-ow/manifest-ow" xmlns:xlink="http://www.w3.org/1999/xlink" xmlns:ow-dc="http://www.geostandaarden.nl/imow/bestanden/deelbestand" xmlns:ga="http://www.geostandaarden.nl/imow/gebiedsaanwijzing" xmlns:sl="http://www.geostandaarden.nl/bestanden-ow/standlevering-generiek" xmlns:p="http://www.geostandaarden.nl/imow/pons" xmlns:regels="http://www.geostandaarden.nl/imow/regels" xmlns:ow="http://www.geostandaarden.nl/imow/owobject" xmlns:vt="http://www.geostandaarden.nl/imow/vrijetekst" xmlns:op="http://www.geostandaarden.nl/imow/opobject">
    <sl:standBestand>
        <sl:dataset>Onbekend</sl:dataset>
        <sl:inhoud>
            <sl:gebied>Onbekend</sl:gebied>
            <sl:leveringsId>Onbekend</sl:leveringsId>
            <sl:objectTypen>
                <sl:objectType>Gebiedengroep</sl:objectType>
            </sl:objectTypen>
        </sl:inhoud>
        <sl:stand>
            <ow-dc:owObject>
                <l:Gebiedengroep>
                    <l:identificatie>nl.imow-gm0297.gebiedengroep.Bedrijfcategorie2</l:identificatie>
                    <l:noemer>Bedrijf categorie 2</l:noemer>
                    <l:groepselement>
                        <l:GebiedRef xlink:href="nl.imow-gm0297.gebied.2019000001"/>
                    </l:groepselement>
                </l:Gebiedengroep>
            </ow-dc:owObject>
        </sl:stand>
        <sl:stand>
            <ow-dc:owObject>
                <l:Gebiedengroep>
                    <l:identificatie>nl.imow-gm0297.gebiedengroep.centrumgebied</l:identificatie>
                    <l:noemer>Centrumgebied</l:noemer>
                    <l:groepselement>
                        <l:GebiedRef xlink:href="nl.imow-gm0297.gebied.2019000004"/>
                    </l:groepselement>
                </l:Gebiedengroep>
            </ow-dc:owObject>
        </sl:stand>
        <sl:stand>
            <ow-dc:owObject>
                <l:Gebiedengroep>
                    <l:identificatie>nl.imow-gm0297.gebiedengroep.speelhal</l:identificatie>
                    <l:noemer>exploiteren speelautomatenhal</l:noemer>
                    <l:groepselement>
                        <l:GebiedRef xlink:href="nl.imow-gm0297.gebied.2019000007"/>
                    </l:groepselement>
                </l:Gebiedengroep>
            </ow-dc:owObject>
        </sl:stand>
        <sl:stand>
            <ow-dc:owObject>
                <l:Gebiedengroep>
                    <l:identificatie>nl.imow-gm0297.gebiedengroep.zoneA</l:identificatie>
                    <l:noemer>zone A</l:noemer>
                    <l:groepselement>
                        <l:GebiedRef xlink:href="nl.imow-gm0297.gebied.2019000002"/>
                    </l:groepselement>
                </l:Gebiedengroep>
            </ow-dc:owObject>
        </sl:stand>
        <sl:stand>
            <ow-dc:owObject>
                <l:Gebiedengroep>
                    <l:identificatie>nl.imow-gm0297.gebiedengroep.zoneB</l:identificatie>
                    <l:noemer>zone B</l:noemer>
                    <l:groepselement>
                        <l:GebiedRef xlink:href="nl.imow-gm0297.gebied.2019000003"/>
                    </l:groepselement>
                </l:Gebiedengroep>
            </ow-dc:owObject>
        </sl:stand>
        <sl:stand>
            <ow-dc:owObject>
                <l:Gebiedengroep>
                    <l:identificatie>nl.imow-gm0297.gebiedengroep.zuilichem</l:identificatie>
                    <l:noemer>Zuilichem</l:noemer>
                    <l:groepselement>
                        <l:GebiedRef xlink:href="nl.imow-gm0297.gebied.2019000011"/>
                    </l:groepselement>
                </l:Gebiedengroep>
            </ow-dc:owObject>
        </sl:stand>
    </sl:standBestand>
</ow-dc:owBestand>
