<?xml version="1.0" encoding="UTF-8" standalone="no"?>
<AanleveringInformatieObject>
<InformatieObjectVersie>
<ExpressionIdentificatie xmlns="https://standaarden.overheid.nl/stop/imop/data/" schemaversie="1.3.0">
<FRBRWork>/join/id/regdata/gm0297/2019/Bedrijf_categorie_2</FRBRWork>
<FRBRExpression>/join/id/regdata/gm0297/2019/Bedrijf_categorie_2/nld@2019-06-18;3520</FRBRExpression>
<soortWork>/join/id/stop/work_010</soortWork>
</ExpressionIdentificatie>
<InformatieObjectVersieMetadata xmlns="https://standaarden.overheid.nl/stop/imop/data/" schemaversie="1.3.0">
<heeftBestanden>
<heeftBestand>
<Bestand xmlns:geo="https://standaarden.overheid.nl/stop/imop/geo/" xmlns:xsi="http://www.w3.org/2001/XMLSchema-instance">
<bestandsnaam>Bedrijf_categorie_2.gml</bestandsnaam>
<hash/>
</Bestand>
</heeftBestand>
</heeftBestanden>
<heeftGeboorteregeling>/akn/nl/act/gm0297/2019/reg456</heeftGeboorteregeling>
</InformatieObjectVersieMetadata>
<data:InformatieObjectMetadata xmlns:data="https://standaarden.overheid.nl/stop/imop/data/" schemaversie="1.3.0">
<data:alternatieveTitels>
<data:alternatieveTitel>Bedrijf categorie 2</data:alternatieveTitel>
</data:alternatieveTitels>
<data:eindverantwoordelijke>/tooi/id/gemeente/gm0297</data:eindverantwoordelijke>
<data:formaatInformatieobject>/join/id/stop/informatieobject/gio_002</data:formaatInformatieobject>
<data:maker>/tooi/id/gemeente/gm0297</data:maker>
<data:naamInformatieObject>Bedrijf categorie 2</data:naamInformatieObject>
<data:officieleTitel>/join/id/regdata/gm0297/2019/Bedrijf_categorie_2</data:officieleTitel>
<data:publicatieinstructie>TeConsolideren</data:publicatieinstructie>
</data:InformatieObjectMetadata>
<data:Momentopname xmlns:data="https://standaarden.overheid.nl/stop/imop/data/" schemaversie="1.3.0">
<data:doel>/join/id/proces/gm0297/2019/Instelling</data:doel>
<data:gemaaktOp>2025-03-07T19:43:50Z</data:gemaaktOp>
</data:Momentopname>
</InformatieObjectVersie>
</AanleveringInformatieObject>