<?xml version="1.0" encoding="UTF-8" standalone="no"?>
  <AanleveringInformatieObject xmlns="https://standaarden.overheid.nl/stop/imop/aanlever/">
  <InformatieObjectVersie xmlns="https://standaarden.overheid.nl/stop/imop/data/">
  <ExpressionIdentificatie>
  <FRBRWork>/join/id/regdata/gm0297/2019/Welstand</FRBRWork>
  <FRBRExpression>/join/id/regdata/gm0297/2019/Welstand/nld@2019-06-18;3520</FRBRExpression>
  </ExpressionIdentificatie>
  <InformatieObjectVersieMetadata>
  <heeftBestanden>
  <heeftBestand>
  <Bestand>
  <bestandsnaam>Welstand.gml</bestandsnaam>
  <hash>7b43b3c9f3c4dba29d4a55851060624cf192cfae8e3fde534576193cb35770966109cdb1cbf3c462aba64b3523d0279d087e8d103a9a12d1ff8cf6f520596bed</hash>
  </Bestand>
  </heeftBestand>
  </heeftBestanden>
  </InformatieObjectVersieMetadata>
  <data:InformatieObjectMetadata xmlns:data="https://standaarden.overheid.nl/stop/imop/data/" schemaversie="1.3.0">
  <data:alternatieveTitels>
  <data:alternatieveTitel>welstandsniveau</data:alternatieveTitel>
  </data:alternatieveTitels>
  <data:eindverantwoordelijke>/tooi/id/gemeente/gm0297</data:eindverantwoordelijke>
  <data:formaatInformatieobject>/join/id/stop/informatieobject/gio_002</data:formaatInformatieobject>
  <data:maker>/tooi/id/gemeente/gm0297</data:maker>
  <data:naamInformatieObject>welstandsniveau</data:naamInformatieObject>
  <data:officieleTitel>/join/id/regdata/gm0297/2019/Welstand</data:officieleTitel>
  <data:publicatieinstructie>TeConsolideren</data:publicatieinstructie>
  </data:InformatieObjectMetadata>
  </InformatieObjectVersie>
  </AanleveringInformatieObject>