<?xml version="1.0" encoding="UTF-8" standalone="no"?>
  <AanleveringInformatieObject xmlns="https://standaarden.overheid.nl/stop/imop/aanlever/">
  <InformatieObjectVersie xmlns="https://standaarden.overheid.nl/stop/imop/data/">
  <ExpressionIdentificatie>
  <FRBRWork>/join/id/regdata/gm0297/2019/Zuilichem</FRBRWork>
  <FRBRExpression>/join/id/regdata/gm0297/2019/Zuilichem/nld@2019-06-18;3520</FRBRExpression>
  </ExpressionIdentificatie>
  <InformatieObjectVersieMetadata>
  <heeftBestanden>
  <heeftBestand>
  <Bestand>
  <bestandsnaam>Zuilichem.gml</bestandsnaam>
  <hash>a00b5610b76cd050fcf7e92f4d295cb08edcf098b4b0c3861f690e063cefb8937bfa9856d45a53ed3c2974de7ef0e23dfd77efadc4c35a617e81e8c235e6347a</hash>
  </Bestand>
  </heeftBestand>
  </heeftBestanden>
  </InformatieObjectVersieMetadata>
  <data:InformatieObjectMetadata xmlns:data="https://standaarden.overheid.nl/stop/imop/data/" schemaversie="1.3.0">
  <data:alternatieveTitels>
  <data:alternatieveTitel>Zuilichem</data:alternatieveTitel>
  </data:alternatieveTitels>
  <data:eindverantwoordelijke>/tooi/id/gemeente/gm0297</data:eindverantwoordelijke>
  <data:formaatInformatieobject>/join/id/stop/informatieobject/gio_002</data:formaatInformatieobject>
  <data:maker>/tooi/id/gemeente/gm0297</data:maker>
  <data:naamInformatieObject>Zuilichem</data:naamInformatieObject>
  <data:officieleTitel>/join/id/regdata/gm0297/2019/Zuilichem</data:officieleTitel>
  <data:publicatieinstructie>TeConsolideren</data:publicatieinstructie>
  </data:InformatieObjectMetadata>
  </InformatieObjectVersie>
  </AanleveringInformatieObject>