<?xml version="1.0" encoding="UTF-8" standalone="no"?>
<AanleveringInformatieObject>
<InformatieObjectVersie>
<ExpressionIdentificatie xmlns="https://standaarden.overheid.nl/stop/imop/data/" schemaversie="1.3.0">
<FRBRWork>/join/id/regdata/gm0297/2019/Bouwhoogte</FRBRWork>
<FRBRExpression>/join/id/regdata/gm0297/2019/Bouwhoogte/nld@2019-06-18;3520</FRBRExpression>
<soortWork>/join/id/stop/work_010</soortWork>
</ExpressionIdentificatie>
<InformatieObjectVersieMetadata xmlns="https://standaarden.overheid.nl/stop/imop/data/" schemaversie="1.3.0">
<heeftBestanden>
<heeftBestand>
<Bestand xmlns:geo="https://standaarden.overheid.nl/stop/imop/geo/" xmlns:xsi="http://www.w3.org/2001/XMLSchema-instance">
<bestandsnaam>Bouwhoogte.gml</bestandsnaam>
<hash/>
</Bestand>
</heeftBestand>
</heeftBestanden>
<heeftGeboorteregeling>/akn/nl/act/gm0297/2019/reg456</heeftGeboorteregeling>
</InformatieObjectVersieMetadata>
<data:InformatieObjectMetadata xmlns:data="https://standaarden.overheid.nl/stop/imop/data/" schemaversie="1.3.0">
<data:alternatieveTitels>
<data:alternatieveTitel>maximum bouwhoogte bedrijfsgebouw</data:alternatieveTitel>
</data:alternatieveTitels>
<data:eindverantwoordelijke>/tooi/id/gemeente/gm0297</data:eindverantwoordelijke>
<data:formaatInformatieobject>/join/id/stop/informatieobject/gio_002</data:formaatInformatieobject>
<data:maker>/tooi/id/gemeente/gm0297</data:maker>
<data:naamInformatieObject>maximum bouwhoogte bedrijfsgebouw</data:naamInformatieObject>
<data:officieleTitel>/join/id/regdata/gm0297/2019/Bouwhoogte</data:officieleTitel>
<data:publicatieinstructie>TeConsolideren</data:publicatieinstructie>
</data:InformatieObjectMetadata>
<FeatureTypeStyle xmlns="http://www.opengis.net/se" version="1.1.0">
<FeatureTypeName xmlns:geo="https://standaarden.overheid.nl/stop/imop/geo/" xmlns:lvbbu="https://standaarden.overheid.nl/lvbb/stop/uitlevering/" xmlns:opera="http://koop.overheid.nl/apps/opera/" xmlns:xsi="http://www.w3.org/2001/XMLSchema-instance">geo:Locatie</FeatureTypeName>
<SemanticTypeIdentifier xmlns:geo="https://standaarden.overheid.nl/stop/imop/geo/" xmlns:lvbbu="https://standaarden.overheid.nl/lvbb/stop/uitlevering/" xmlns:opera="http://koop.overheid.nl/apps/opera/" xmlns:xsi="http://www.w3.org/2001/XMLSchema-instance">geo:kwantitatieveNormwaarde</SemanticTypeIdentifier>
<Rule xmlns:geo="https://standaarden.overheid.nl/stop/imop/geo/" xmlns:lvbbu="https://standaarden.overheid.nl/lvbb/stop/uitlevering/" xmlns:opera="http://koop.overheid.nl/apps/opera/" xmlns:xsi="http://www.w3.org/2001/XMLSchema-instance">
<Name>Maximum bouwhoogte 7 meter</Name>
<Description>
<Title>Bouwhoogte 7 meter</Title>
</Description>
<Filter xmlns="http://www.opengis.net/ogc">
<PropertyIsEqualTo>
<PropertyName>kwantitatieveNormwaarde</PropertyName>
<Literal>7</Literal>
</PropertyIsEqualTo>
</Filter>
<PolygonSymbolizer>
<Name>vsgt206</Name>
<Fill>
<SvgParameter name="fill">#c8c8c8</SvgParameter>
<SvgParameter name="fill-opacity">0.3</SvgParameter>
</Fill>
<Stroke>
<SvgParameter name="stroke">#505050</SvgParameter>
<SvgParameter name="stroke-opacity">1</SvgParameter>
<SvgParameter name="stroke-width">0.5</SvgParameter>
<SvgParameter name="stroke-linejoin">round</SvgParameter>
</Stroke>
</PolygonSymbolizer>
</Rule>
<Rule xmlns:geo="https://standaarden.overheid.nl/stop/imop/geo/" xmlns:lvbbu="https://standaarden.overheid.nl/lvbb/stop/uitlevering/" xmlns:opera="http://koop.overheid.nl/apps/opera/" xmlns:xsi="http://www.w3.org/2001/XMLSchema-instance">
<Name>Maximum bouwhoogte 13 meter</Name>
<Description>
<Title>Bouwhoogte 13 meter</Title>
</Description>
<Filter xmlns="http://www.opengis.net/ogc">
<PropertyIsEqualTo>
<PropertyName>kwantitatieveNormwaarde</PropertyName>
<Literal>13</Literal>
</PropertyIsEqualTo>
</Filter>
<PolygonSymbolizer>
<Name>vsgt201</Name>
<Fill>
<SvgParameter name="fill">#646464</SvgParameter>
<SvgParameter name="fill-opacity">0.3</SvgParameter>
</Fill>
<Stroke>
<SvgParameter name="stroke">#505050</SvgParameter>
<SvgParameter name="stroke-opacity">1</SvgParameter>
<SvgParameter name="stroke-width">0.5</SvgParameter>
<SvgParameter name="stroke-linejoin">round</SvgParameter>
</Stroke>
</PolygonSymbolizer>
</Rule>
</FeatureTypeStyle>
<data:Momentopname xmlns:data="https://standaarden.overheid.nl/stop/imop/data/" schemaversie="1.3.0">
<data:doel>/join/id/proces/gm0297/2019/Instelling</data:doel>
<data:gemaaktOp>2025-03-07T19:43:50Z</data:gemaaktOp>
</data:Momentopname>
</InformatieObjectVersie>
</AanleveringInformatieObject>