<?xml version="1.0" encoding="UTF-8" standalone="no"?>
  <AanleveringInformatieObject xmlns="https://standaarden.overheid.nl/stop/imop/aanlever/">
  <InformatieObjectVersie xmlns="https://standaarden.overheid.nl/stop/imop/data/">
  <ExpressionIdentificatie>
  <FRBRWork>/join/id/regdata/gm0297/2020/PDF</FRBRWork>
  <FRBRExpression>/join/id/regdata/gm0297/2020/PDF/nld@2020-06-18;3520</FRBRExpression>
  </ExpressionIdentificatie>
  <InformatieObjectVersieMetadata>
  <heeftBestanden>
  <heeftBestand>
  <Bestand>
  <bestandsnaam/>
  <hash/>
  </Bestand>
  </heeftBestand>
  </heeftBestanden>
  </InformatieObjectVersieMetadata>
  <data:InformatieObjectMetadata xmlns:data="https://standaarden.overheid.nl/stop/imop/data/" schemaversie="1.3.0">
  <data:alternatieveTitels>
  <data:alternatieveTitel>Zuilichem</data:alternatieveTitel>
  </data:alternatieveTitels>
  <data:eindverantwoordelijke>/tooi/id/gemeente/gm0297</data:eindverantwoordelijke>
  <data:formaatInformatieobject>/join/id/stop/informatieobject/doc_001</data:formaatInformatieobject>
  <data:maker>/tooi/id/gemeente/gm0297</data:maker>
  <data:naamInformatieObject>Regdata</data:naamInformatieObject>
  <data:officieleTitel>/join/id/regdata/gm0297/2020/PDF</data:officieleTitel>
  <data:publicatieinstructie>TeConsolideren</data:publicatieinstructie>
  </data:InformatieObjectMetadata>
  </InformatieObjectVersie>
  </AanleveringInformatieObject>