<?xml version="1.0" encoding="UTF-8" standalone="yes"?>
<ow-dc:owBestand xmlns:rol="http://www.geostandaarden.nl/imow/regelsoplocatie" xmlns:schemaLocation="http://www.geostandaarden.nl/imow/bestanden/deelbestand https://register.geostandaarden.nl/xmlschema/tpod/v2.0.0/bestanden-ow/deelbestand-ow/IMOW_Deelbestand.xsd" xmlns:rg="http://www.geostandaarden.nl/imow/regelingsgebied" xmlns:da="http://www.geostandaarden.nl/imow/datatypenalgemeen" xmlns:l="http://www.geostandaarden.nl/imow/locatie" xmlns:sym="http://www.geostandaarden.nl/imow/symbolisatie" xmlns:xsi="http://www.w3.org/2001/XMLSchema-instance" xmlns:kaart="http://www.geostandaarden.nl/imow/kaart" xmlns="http://www.geostandaarden.nl/bestanden-ow/manifest-ow" xmlns:xlink="http://www.w3.org/1999/xlink" xmlns:ow-dc="http://www.geostandaarden.nl/imow/bestanden/deelbestand" xmlns:ga="http://www.geostandaarden.nl/imow/gebiedsaanwijzing" xmlns:sl="http://www.geostandaarden.nl/bestanden-ow/standlevering-generiek" xmlns:p="http://www.geostandaarden.nl/imow/pons" xmlns:regels="http://www.geostandaarden.nl/imow/regels" xmlns:ow="http://www.geostandaarden.nl/imow/owobject" xmlns:vt="http://www.geostandaarden.nl/imow/vrijetekst" xmlns:op="http://www.geostandaarden.nl/imow/opobject">
    <sl:standBestand>
        <sl:dataset>Onbekend</sl:dataset>
        <sl:inhoud>
            <sl:gebied>Onbekend</sl:gebied>
            <sl:leveringsId>Onbekend</sl:leveringsId>
            <sl:objectTypen>
                <sl:objectType>Kaart</sl:objectType>
            </sl:objectTypen>
        </sl:inhoud>
        <sl:stand>
            <ow-dc:owObject>
                <kaart:Kaart>
                    <kaart:identificatie>nl.imow-gm0297.kaart.2019000001</kaart:identificatie>
                    <kaart:naam>Welstandskaart</kaart:naam>
                    <kaart:nummer>001</kaart:nummer>
                    <kaart:uitsnede>
                        <kaart:Kaartextent>
                            <kaart:minX>134216</kaart:minX>
                            <kaart:minY>421753</kaart:minY>
                            <kaart:maxX>140251</kaart:maxX>
                            <kaart:maxY>426020</kaart:maxY>
                        </kaart:Kaartextent>
                    </kaart:uitsnede>
                    <kaart:kaartlagen>
                        <kaart:Kaartlaag>
                            <kaart:identificatie>nl.imow-gm0297.kaartlaag.2019000001</kaart:identificatie>
                            <kaart:naam>welstandslaag</kaart:naam>
                            <kaart:niveau>1</kaart:niveau>
                            <kaart:normweergave>
<rol:OmgevingsnormRef xlink:href="nl.imow-gm0297.omgevingsnorm.2019000003"/>
                            </kaart:normweergave>
                        </kaart:Kaartlaag>
                    </kaart:kaartlagen>
                </kaart:Kaart>
            </ow-dc:owObject>
        </sl:stand>
    </sl:standBestand>
</ow-dc:owBestand>
