<?xml version="1.0" encoding="UTF-8" standalone="yes"?>
<ow-dc:owBestand xmlns:rol="http://www.geostandaarden.nl/imow/regelsoplocatie" xmlns:schemaLocation="http://www.geostandaarden.nl/imow/bestanden/deelbestand https://register.geostandaarden.nl/xmlschema/tpod/v2.0.0/bestanden-ow/deelbestand-ow/IMOW_Deelbestand.xsd" xmlns:rg="http://www.geostandaarden.nl/imow/regelingsgebied" xmlns:da="http://www.geostandaarden.nl/imow/datatypenalgemeen" xmlns:l="http://www.geostandaarden.nl/imow/locatie" xmlns:sym="http://www.geostandaarden.nl/imow/symbolisatie" xmlns:xsi="http://www.w3.org/2001/XMLSchema-instance" xmlns:kaart="http://www.geostandaarden.nl/imow/kaart" xmlns="http://www.geostandaarden.nl/bestanden-ow/manifest-ow" xmlns:xlink="http://www.w3.org/1999/xlink" xmlns:ow-dc="http://www.geostandaarden.nl/imow/bestanden/deelbestand" xmlns:ga="http://www.geostandaarden.nl/imow/gebiedsaanwijzing" xmlns:sl="http://www.geostandaarden.nl/bestanden-ow/standlevering-generiek" xmlns:p="http://www.geostandaarden.nl/imow/pons" xmlns:regels="http://www.geostandaarden.nl/imow/regels" xmlns:ow="http://www.geostandaarden.nl/imow/owobject" xmlns:vt="http://www.geostandaarden.nl/imow/vrijetekst" xmlns:op="http://www.geostandaarden.nl/imow/opobject">
    <sl:standBestand>
        <sl:dataset>Onbekend</sl:dataset>
        <sl:inhoud>
            <sl:gebied>Onbekend</sl:gebied>
            <sl:leveringsId>Onbekend</sl:leveringsId>
            <sl:objectTypen>
                <sl:objectType>Omgevingswaarde</sl:objectType>
            </sl:objectTypen>
        </sl:inhoud>
        <sl:stand>
            <ow-dc:owObject>
                <rol:Omgevingswaarde>
                    <rol:identificatie>nl.imow-gm0297.omgevingswaarde.2019000001</rol:identificatie>
                    <rol:naam>fijnstof</rol:naam>
                    <rol:type>http://standaarden.omgevingswet.overheid.nl/typenorm/id/concept/Volume</rol:type>
                    <rol:normwaarde>
                        <rol:Normwaarde>
                            <rol:identificatie>nl.imow-gm0297.normwaarde.2019000001</rol:identificatie>
                            <rol:waardeInRegeltekst>waarde staat in regeltekst</rol:waardeInRegeltekst>
                            <rol:locatieaanduiding>
<l:LocatieRef xlink:href="nl.imow-gm0297.gebiedengroep.zuilichem"/>
                            </rol:locatieaanduiding>
                        </rol:Normwaarde>
                    </rol:normwaarde>
                    <rol:groep>http://standaarden.omgevingswet.overheid.nl/omgevingswaarde/id/concept/Luchtkwaliteit</rol:groep>
                </rol:Omgevingswaarde>
            </ow-dc:owObject>
        </sl:stand>
    </sl:standBestand>
</ow-dc:owBestand>
