<?xml version="1.0" encoding="UTF-8" standalone="yes"?>
<ow-dc:owBestand xmlns:rol="http://www.geostandaarden.nl/imow/regelsoplocatie" xmlns:schemaLocation="http://www.geostandaarden.nl/imow/bestanden/deelbestand https://register.geostandaarden.nl/xmlschema/tpod/v2.0.0/bestanden-ow/deelbestand-ow/IMOW_Deelbestand.xsd" xmlns:rg="http://www.geostandaarden.nl/imow/regelingsgebied" xmlns:da="http://www.geostandaarden.nl/imow/datatypenalgemeen" xmlns:l="http://www.geostandaarden.nl/imow/locatie" xmlns:sym="http://www.geostandaarden.nl/imow/symbolisatie" xmlns:xsi="http://www.w3.org/2001/XMLSchema-instance" xmlns:kaart="http://www.geostandaarden.nl/imow/kaart" xmlns="http://www.geostandaarden.nl/bestanden-ow/manifest-ow" xmlns:xlink="http://www.w3.org/1999/xlink" xmlns:ow-dc="http://www.geostandaarden.nl/imow/bestanden/deelbestand" xmlns:ga="http://www.geostandaarden.nl/imow/gebiedsaanwijzing" xmlns:sl="http://www.geostandaarden.nl/bestanden-ow/standlevering-generiek" xmlns:p="http://www.geostandaarden.nl/imow/pons" xmlns:regels="http://www.geostandaarden.nl/imow/regels" xmlns:ow="http://www.geostandaarden.nl/imow/owobject" xmlns:vt="http://www.geostandaarden.nl/imow/vrijetekst" xmlns:op="http://www.geostandaarden.nl/imow/opobject">
    <sl:standBestand>
        <sl:dataset>Onbekend</sl:dataset>
        <sl:inhoud>
            <sl:gebied>Onbekend</sl:gebied>
            <sl:leveringsId>Onbekend</sl:leveringsId>
            <sl:objectTypen>
                <sl:objectType>Regeltekst</sl:objectType>
            </sl:objectTypen>
        </sl:inhoud>
        <sl:stand>
            <ow-dc:owObject>
                <regels:Regeltekst wId="gm0297_1__chp_2__subchp_2.2__art_2.3">
                    <regels:identificatie>nl.imow-gm0297.regeltekst.2019000001</regels:identificatie>
                </regels:Regeltekst>
            </ow-dc:owObject>
        </sl:stand>
        <sl:stand>
            <ow-dc:owObject>
                <regels:Regeltekst wId="gm0297_1__chp_2__subchp_2.2__art_2.4">
                    <regels:identificatie>nl.imow-gm0297.regeltekst.2019000002</regels:identificatie>
                </regels:Regeltekst>
            </ow-dc:owObject>
        </sl:stand>
        <sl:stand>
            <ow-dc:owObject>
                <regels:Regeltekst wId="gm0297_1__chp_2__subchp_2.2__art_2.5">
                    <regels:identificatie>nl.imow-gm0297.regeltekst.2019000003</regels:identificatie>
                </regels:Regeltekst>
            </ow-dc:owObject>
        </sl:stand>
        <sl:stand>
            <ow-dc:owObject>
                <regels:Regeltekst wId="gm0297_1__chp_2__subchp_2.2__art_2.6__para_1">
                    <regels:identificatie>nl.imow-gm0297.regeltekst.2019000004</regels:identificatie>
                </regels:Regeltekst>
            </ow-dc:owObject>
        </sl:stand>
        <sl:stand>
            <ow-dc:owObject>
                <regels:Regeltekst wId="gm0297_1__chp_2__subchp_2.2__art_2.7__para_1">
                    <regels:identificatie>nl.imow-gm0297.regeltekst.2019000007</regels:identificatie>
                </regels:Regeltekst>
            </ow-dc:owObject>
        </sl:stand>
        <sl:stand>
            <ow-dc:owObject>
                <regels:Regeltekst wId="gm0297_1__chp_2__subchp_2.3__art_2.10">
                    <regels:identificatie>nl.imow-gm0297.regeltekst.2019000008</regels:identificatie>
                </regels:Regeltekst>
            </ow-dc:owObject>
        </sl:stand>
        <sl:stand>
            <ow-dc:owObject>
                <regels:Regeltekst wId="gm0297_1__chp_2__subchp_2.4__art_2.12">
                    <regels:identificatie>nl.imow-gm0297.regeltekst.2019000009</regels:identificatie>
                </regels:Regeltekst>
            </ow-dc:owObject>
        </sl:stand>
        <sl:stand>
            <ow-dc:owObject>
                <regels:Regeltekst wId="gm0297_1__chp_2__subchp_2.5__art_2.14">
                    <regels:identificatie>nl.imow-gm0297.regeltekst.2019000010</regels:identificatie>
                </regels:Regeltekst>
            </ow-dc:owObject>
        </sl:stand>
        <sl:stand>
            <ow-dc:owObject>
                <regels:Regeltekst wId="gm0297_1__chp_2__subchp_2.3__art_2.9">
                    <regels:identificatie>nl.imow-gm0297.regeltekst.2019000012</regels:identificatie>
                </regels:Regeltekst>
            </ow-dc:owObject>
        </sl:stand>
        <sl:stand>
            <ow-dc:owObject>
                <regels:Regeltekst wId="gm0297_1__chp_2__subchp_2.5__art_2.15">
                    <regels:identificatie>nl.imow-gm0297.regeltekst.2019000015</regels:identificatie>
                </regels:Regeltekst>
            </ow-dc:owObject>
        </sl:stand>
        <sl:stand>
            <ow-dc:owObject>
                <regels:Regeltekst wId="gm0297_1__chp_5__subchp_5.1__art_5.1">
                    <regels:identificatie>nl.imow-gm0297.regeltekst.2019000113</regels:identificatie>
                </regels:Regeltekst>
            </ow-dc:owObject>
        </sl:stand>
        <sl:stand>
            <ow-dc:owObject>
                <regels:Regeltekst wId="gm0297_1__chp_6__subchp_6.1__art_6.1__para_1">
                    <regels:identificatie>nl.imow-gm0297.regeltekst.2019000114</regels:identificatie>
                </regels:Regeltekst>
            </ow-dc:owObject>
        </sl:stand>
        <sl:stand>
            <ow-dc:owObject>
                <regels:Regeltekst wId="gm0297_1__chp_6__subchp_6.1__art_6.1__para_2">
                    <regels:identificatie>nl.imow-gm0297.regeltekst.2019000115</regels:identificatie>
                </regels:Regeltekst>
            </ow-dc:owObject>
        </sl:stand>
        <sl:stand>
            <ow-dc:owObject>
                <regels:Regeltekst wId="gm0297_1__chp_1__art_1.4">
                    <regels:identificatie>nl.imow-gm0297.regeltekst.2019000116</regels:identificatie>
                </regels:Regeltekst>
            </ow-dc:owObject>
        </sl:stand>
    </sl:standBestand>
</ow-dc:owBestand>
