<InformatieObjectVersieMetadata schemaversie="1.3.0" xmlns="https://standaarden.overheid.nl/stop/imop/data/">
    <heeftBestanden>
        <heeftBestand>
            <Bestand>
                <bestandsnaam>GIO-5eb05417.gml</bestandsnaam>
                <hash>be1766f0458ef83c4d212c7d0d5a1e399293e1b80da3d669db379daae150ab62707a798c50fc790c623f6c46af81dddd2b8d2d9982fe557de393778be3a4c391</hash>
            </Bestand>
        </heeftBestand>
    </heeftBestanden>
    <heeftGeboorteregeling>/akn/nl/act/pv28/2024/ZHOV</heeftGeboorteregeling>
</InformatieObjectVersieMetadata>