<InformatieObjectVersieMetadata schemaversie="1.3.0" xmlns="https://standaarden.overheid.nl/stop/imop/data/">
    <heeftBestanden>
        <heeftBestand>
            <Bestand>
                <bestandsnaam>GIO-5e5da86a.gml</bestandsnaam>
                <hash>021ca29bc27437f781d952424ee8e529f1242d20f9d499e28a2ce0ca2a7cd4245a39e4b478ddad97563b7caa8b7949f2bf62ce2609d1f17c7014bd80bbf5491b</hash>
            </Bestand>
        </heeftBestand>
    </heeftBestanden>
    <heeftGeboorteregeling>/akn/nl/act/pv28/2024/ZHOV</heeftGeboorteregeling>
</InformatieObjectVersieMetadata>