<InformatieObjectVersieMetadata schemaversie="1.3.0" xmlns="https://standaarden.overheid.nl/stop/imop/data/">
    <heeftBestanden>
        <heeftBestand>
            <Bestand>
                <bestandsnaam>GIO-0807bcb5.gml</bestandsnaam>
                <hash>4be948ee61a4a48af5acdeaafdddbf044f87d291432e84a7724fd7d06d04a172c8ec8592303adec1f5983130c7d8b90077308e83e38457fdcab298deb3c6bb53</hash>
            </Bestand>
        </heeftBestand>
    </heeftBestanden>
    <heeftGeboorteregeling>/akn/nl/act/pv28/2024/ZHOV</heeftGeboorteregeling>
</InformatieObjectVersieMetadata>