<InformatieObjectVersieMetadata schemaversie="1.3.0" xmlns="https://standaarden.overheid.nl/stop/imop/data/">
    <heeftBestanden>
        <heeftBestand>
            <Bestand>
                <bestandsnaam>GIO-2be88387.gml</bestandsnaam>
                <hash>c754cca50cf1dcb6a8d05ba80166935d4ed12b84c42685ebff896e3c0490bf5061f33285fbdb0ed1125ef061b5be5dd194329ea9108dc683be34b6808fbf3a60</hash>
            </Bestand>
        </heeftBestand>
    </heeftBestanden>
    <heeftGeboorteregeling>/akn/nl/act/pv28/2024/ZHOV</heeftGeboorteregeling>
</InformatieObjectVersieMetadata>