<InformatieObjectVersieMetadata schemaversie="1.3.0" xmlns="https://standaarden.overheid.nl/stop/imop/data/">
    <heeftBestanden>
        <heeftBestand>
            <Bestand>
                <bestandsnaam>GIO-dea643ab.gml</bestandsnaam>
                <hash>6d2888816a73f1d755b3d1efe6de7826ee9520e1b6b03044db123273b8ef4c2cabdd3513afab2999aa779a36830bd9e7fc9ebbd43e4c418389c29283d0482dde</hash>
            </Bestand>
        </heeftBestand>
    </heeftBestanden>
    <heeftGeboorteregeling>/akn/nl/act/pv28/2024/ZHOV</heeftGeboorteregeling>
</InformatieObjectVersieMetadata>