<InformatieObjectVersieMetadata schemaversie="1.3.0" xmlns="https://standaarden.overheid.nl/stop/imop/data/">
    <heeftBestanden>
        <heeftBestand>
            <Bestand>
                <bestandsnaam>GIO-0b24451f.gml</bestandsnaam>
                <hash>55e0c277f62c6086fd4def9e63e0b47e78480fbb9ee7fa34dfb366f858ce2438f1d068938bc893180dec72196753d030b996c8a494339c7e23301f3e8778850e</hash>
            </Bestand>
        </heeftBestand>
    </heeftBestanden>
    <heeftGeboorteregeling>/akn/nl/act/pv28/2024/ZHOV</heeftGeboorteregeling>
</InformatieObjectVersieMetadata>