<data:InformatieObjectMetadata schemaversie="1.3.0" xmlns:data="https://standaarden.overheid.nl/stop/imop/data/">
  <data:eindverantwoordelijke>/tooi/id/provincie/pv30</data:eindverantwoordelijke>
  <data:formaatInformatieobject>/join/id/stop/informatieobject/gio_002</data:formaatInformatieobject>
  <data:maker>/tooi/id/provincie/pv30</data:maker>
  <data:naamInformatieObject>Agrarisch</data:naamInformatieObject>
  <data:officieleTitel>/join/id/regdata/pv30/2024/136giofa81249e-71d7-41ed-893d-aeedda2a6be3</data:officieleTitel>
  <data:publicatieinstructie>TeConsolideren</data:publicatieinstructie>
</data:InformatieObjectMetadata>