<?xml version="1.0" encoding="UTF-8" standalone="no"?>
<manifest xmlns="http://www.overheid.nl/2017/lvbb">
  <bestand>
    <bestandsnaam>gebiedengroepen.xml</bestandsnaam>
    <contentType>application/xml</contentType>
  </bestand>
  <bestand>
    <bestandsnaam>regelteksten.xml</bestandsnaam>
    <contentType>application/xml</contentType>
  </bestand>
  <bestand>
    <bestandsnaam>gebieden.xml</bestandsnaam>
    <contentType>application/xml</contentType>
  </bestand>
  <bestand>
    <bestandsnaam>regelingsgebieden.xml</bestandsnaam>
    <contentType>application/xml</contentType>
  </bestand>
  <bestand>
    <bestandsnaam>intrekkingsbesluit.xml</bestandsnaam>
    <contentType>application/xml</contentType>
  </bestand>
  <bestand>
    <bestandsnaam>manifest.xml</bestandsnaam>
    <contentType>application/xml</contentType>
  </bestand>
  <bestand>
    <bestandsnaam>manifest-ow.xml</bestandsnaam>
    <contentType>application/xml</contentType>
  </bestand>
  <bestand>
    <bestandsnaam>opdracht.xml</bestandsnaam>
    <contentType>application/xml</contentType>
  </bestand>
  <bestand>
    <bestandsnaam>regelsvooriedereen.xml</bestandsnaam>
    <contentType>application/xml</contentType>
  </bestand>
</manifest>
