<?xml version="1.0" encoding="UTF-8" standalone="yes"?>
<Aanleveringen xmlns="http://www.geostandaarden.nl/bestanden-ow/manifest-ow" xmlns:da="http://www.geostandaarden.nl/imow/datatypenalgemeen" xmlns:ga="http://www.geostandaarden.nl/imow/gebiedsaanwijzing" xmlns:kaart="http://www.geostandaarden.nl/imow/kaart" xmlns:l="http://www.geostandaarden.nl/imow/locatie" xmlns:op="http://www.geostandaarden.nl/imow/opobject" xmlns:ow="http://www.geostandaarden.nl/imow/owobject" xmlns:ow-dc="http://www.geostandaarden.nl/imow/bestanden/deelbestand" xmlns:p="http://www.geostandaarden.nl/imow/pons" xmlns:regels="http://www.geostandaarden.nl/imow/regels" xmlns:rg="http://www.geostandaarden.nl/imow/regelingsgebied" xmlns:rol="http://www.geostandaarden.nl/imow/regelsoplocatie" xmlns:schemaLocation="http://www.geostandaarden.nl/imow/bestanden/deelbestand https://register.geostandaarden.nl/xmlschema/tpod/v2.0.0/bestanden-ow/deelbestand-ow/IMOW_Deelbestand.xsd" xmlns:sl="http://www.geostandaarden.nl/bestanden-ow/standlevering-generiek" xmlns:sym="http://www.geostandaarden.nl/imow/symbolisatie" xmlns:vt="http://www.geostandaarden.nl/imow/vrijetekst" xmlns:xlink="http://www.w3.org/1999/xlink" xmlns:xsi="http://www.w3.org/2001/XMLSchema-instance">
<domein>omgevingswet</domein>
<IMOWversie>2.0.1</IMOWversie>
<Aanlevering>
<WorkIDRegeling>/akn/nl/act/gm9920/2025/R_2025031919_4952649</WorkIDRegeling>
<DoelID>/join/id/proces/gm9920/2025/Intrekking_20250815_111337</DoelID>
<Bestand>
<naam>gebieden.xml</naam>
<objecttype>Gebied</objecttype>
</Bestand>
<Bestand>
<naam>gebiedengroepen.xml</naam>
<objecttype>Gebiedengroep</objecttype>
</Bestand>
<Bestand>
<naam>regelingsgebieden.xml</naam>
<objecttype>Regelingsgebied</objecttype>
</Bestand>
<Bestand>
<naam>regelsvooriedereen.xml</naam>
<objecttype>RegelVoorIedereen</objecttype>
</Bestand>
<Bestand>
<naam>regelteksten.xml</naam>
<objecttype>Regeltekst</objecttype>
</Bestand>
</Aanlevering>
</Aanleveringen>