<?xml version="1.0" encoding="UTF-8" standalone="yes"?>
<ow-dc:owBestand xmlns:ow-dc="http://www.geostandaarden.nl/imow/bestanden/deelbestand" xmlns="http://www.geostandaarden.nl/bestanden-ow/manifest-ow" xmlns:da="http://www.geostandaarden.nl/imow/datatypenalgemeen" xmlns:ga="http://www.geostandaarden.nl/imow/gebiedsaanwijzing" xmlns:kaart="http://www.geostandaarden.nl/imow/kaart" xmlns:l="http://www.geostandaarden.nl/imow/locatie" xmlns:op="http://www.geostandaarden.nl/imow/opobject" xmlns:ow="http://www.geostandaarden.nl/imow/owobject" xmlns:p="http://www.geostandaarden.nl/imow/pons" xmlns:regels="http://www.geostandaarden.nl/imow/regels" xmlns:rg="http://www.geostandaarden.nl/imow/regelingsgebied" xmlns:rol="http://www.geostandaarden.nl/imow/regelsoplocatie" xmlns:schemaLocation="http://www.geostandaarden.nl/imow/bestanden/deelbestand https://register.geostandaarden.nl/xmlschema/tpod/v2.0.0/bestanden-ow/deelbestand-ow/IMOW_Deelbestand.xsd" xmlns:sl="http://www.geostandaarden.nl/bestanden-ow/standlevering-generiek" xmlns:sym="http://www.geostandaarden.nl/imow/symbolisatie" xmlns:vt="http://www.geostandaarden.nl/imow/vrijetekst" xmlns:xlink="http://www.w3.org/1999/xlink" xmlns:xsi="http://www.w3.org/2001/XMLSchema-instance">
<sl:standBestand>
<sl:dataset>Onbekend</sl:dataset>
<sl:inhoud>
<sl:gebied>Onbekend</sl:gebied>
<sl:leveringsId>Onbekend</sl:leveringsId>
<sl:objectTypen>
<sl:objectType>Regeltekst</sl:objectType>
</sl:objectTypen>
</sl:inhoud>
<sl:stand>
<ow-dc:owObject>
<regels:Regeltekst wId="gm9920_1__chp_1__art_1">
<op:status>beëindigen</op:status>
<regels:identificatie>nl.imow-gm9920.regeltekst.R20250319194952649133287036</regels:identificatie>
</regels:Regeltekst>
</ow-dc:owObject>
</sl:stand>
</sl:standBestand>
</ow-dc:owBestand>