<?xml version="1.0" encoding="UTF-8" standalone="yes"?>
<ow-dc:owBestand xmlns:ow-dc="http://www.geostandaarden.nl/imow/bestanden/deelbestand" xmlns="http://www.geostandaarden.nl/bestanden-ow/manifest-ow" xmlns:da="http://www.geostandaarden.nl/imow/datatypenalgemeen" xmlns:ga="http://www.geostandaarden.nl/imow/gebiedsaanwijzing" xmlns:kaart="http://www.geostandaarden.nl/imow/kaart" xmlns:l="http://www.geostandaarden.nl/imow/locatie" xmlns:op="http://www.geostandaarden.nl/imow/opobject" xmlns:ow="http://www.geostandaarden.nl/imow/owobject" xmlns:p="http://www.geostandaarden.nl/imow/pons" xmlns:regels="http://www.geostandaarden.nl/imow/regels" xmlns:rg="http://www.geostandaarden.nl/imow/regelingsgebied" xmlns:rol="http://www.geostandaarden.nl/imow/regelsoplocatie" xmlns:schemaLocation="http://www.geostandaarden.nl/imow/bestanden/deelbestand https://register.geostandaarden.nl/xmlschema/tpod/v2.0.0/bestanden-ow/deelbestand-ow/IMOW_Deelbestand.xsd" xmlns:sl="http://www.geostandaarden.nl/bestanden-ow/standlevering-generiek" xmlns:sym="http://www.geostandaarden.nl/imow/symbolisatie" xmlns:vt="http://www.geostandaarden.nl/imow/vrijetekst" xmlns:xlink="http://www.w3.org/1999/xlink" xmlns:xsi="http://www.w3.org/2001/XMLSchema-instance">
<sl:standBestand>
<sl:dataset>Onbekend</sl:dataset>
<sl:inhoud>
<sl:gebied>Onbekend</sl:gebied>
<sl:leveringsId>Onbekend</sl:leveringsId>
<sl:objectTypen>
<sl:objectType>RegelVoorIedereen</sl:objectType>
</sl:objectTypen>
</sl:inhoud>
<sl:stand>
<ow-dc:owObject>
<regels:RegelVoorIedereen>
<ow:status>beëindigen</ow:status>
<regels:identificatie>nl.imow-gm9920.juridischeregel.R20250319194952649133287036</regels:identificatie>
<regels:idealisatie>http://standaarden.omgevingswet.overheid.nl/idealisatie/id/concept/Exact</regels:idealisatie>
<regels:artikelOfLid>
<regels:RegeltekstRef xlink:href="nl.imow-gm9920.regeltekst.R20250319194952649133287036"/>
</regels:artikelOfLid>
<regels:locatieaanduiding>
<l:LocatieRef xlink:href="nl.imow-gm9920.gebiedengroep.R202503191949526491"/>
</regels:locatieaanduiding>
</regels:RegelVoorIedereen>
</ow-dc:owObject>
</sl:stand>
</sl:standBestand>
</ow-dc:owBestand>