<InformatieObjectVersieMetadata schemaversie="1.3.0" xmlns="https://standaarden.overheid.nl/stop/imop/data/">
    <heeftBestanden>
        <heeftBestand>
            <Bestand>
                <bestandsnaam>GIO-8eb0b9df.gml</bestandsnaam>
                <hash>301d1bd6e307a5dd875822ecef22a8cc7dc81530da45220d02425ee37f8144d49333dc17f4b254280bae1b998f8db424deef0d1c61f2525dd86fcb614a1c9f4e</hash>
            </Bestand>
        </heeftBestand>
    </heeftBestanden>
    <heeftGeboorteregeling>/akn/nl/act/pv28/2024/ZHOV</heeftGeboorteregeling>
</InformatieObjectVersieMetadata>