<InformatieObjectVersieMetadata schemaversie="1.3.0" xmlns="https://standaarden.overheid.nl/stop/imop/data/">
    <heeftBestanden>
        <heeftBestand>
            <Bestand>
                <bestandsnaam>verplichtingentabel.pdf</bestandsnaam>
                <hash>86c4cb313d719a23772a971642f27b22ec00ce7a8defc26aea17370cc646df12b5ce3d244a3043dd6b91ef14cc476c1280811e8fe9bba99f3c88300f111aa95a</hash>
            </Bestand>
        </heeftBestand>
    </heeftBestanden>
    <heeftGeboorteregeling>/akn/nl/act/pv28/2024/ZHOV</heeftGeboorteregeling>
</InformatieObjectVersieMetadata>