<InformatieObjectVersieMetadata schemaversie="1.3.0" xmlns="https://standaarden.overheid.nl/stop/imop/data/">
    <heeftBestanden>
        <heeftBestand>
            <Bestand>
                <bestandsnaam>GIO-d080cf8e.gml</bestandsnaam>
                <hash>08cbbe682f095790fcdf1c52f7d4f5c1cbca791745c9a556c492a7a9860df57ed27e29408b29a746a4547efa53c4d0f19b1b208a11e736555991eb4b969068b0</hash>
            </Bestand>
        </heeftBestand>
    </heeftBestanden>
    <heeftGeboorteregeling>/akn/nl/act/pv28/2024/ZHOV</heeftGeboorteregeling>
</InformatieObjectVersieMetadata>